tier,wav_hash,soft_distance,hard_errors,coherence,is_verified
hard_200,ed662c9d458d7067fef885477fb5ab81e526e0d61d5167d3bc0208e2ea1ef424,0,0,,false
hard_200,ed662c9d458d7067fef885477fb5ab81e526e0d61d5167d3bc0208e2ea1ef424,0,0,,false
hard_200,ed662c9d458d7067fef885477fb5ab81e526e0d61d5167d3bc0208e2ea1ef424,0,0,,false
hard_200,ed662c9d458d7067fef885477fb5ab81e526e0d61d5167d3bc0208e2ea1ef424,0,0,,false
hard_200,ed662c9d458d7067fef885477fb5ab81e526e0d61d5167d3bc0208e2ea1ef424,0,0,,false
hard_200,ed662c9d458d7067fef885477fb5ab81e526e0d61d5167d3bc0208e2ea1ef424,0,0,,false
hard_200,ed662c9d458d7067fef885477fb5ab81e526e0d61d5167d3bc0208e2ea1ef424,0,0,,false
hard_200,ed662c9d458d7067fef885477fb5ab81e526e0d61d5167d3bc0208e2ea1ef424,0,0,,false
hard_200,ed662c9d458d7067fef885477fb5ab81e526e0d61d5167d3bc0208e2ea1ef424,0,0,,false
hard_200,ed662c9d458d7067fef885477fb5ab81e526e0d61d5167d3bc0208e2ea1ef424,0,0,,false
hard_200,ed662c9d458d7067fef885477fb5ab81e526e0d61d5167d3bc0208e2ea1ef424,0,0,,false
hard_200,ed662c9d458d7067fef885477fb5ab81e526e0d61d5167d3bc0208e2ea1ef424,0,0,,false
hard_200,ed662c9d458d7067fef885477fb5ab81e526e0d61d5167d3bc0208e2ea1ef424,0,0,,false
hard_200,ed662c9d458d7067fef885477fb5ab81e526e0d61d5167d3bc0208e2ea1ef424,0,0,,false
hard_200,ed662c9d458d7067fef885477fb5ab81e526e0d61d5167d3bc0208e2ea1ef424,0,0,,false
hard_200,ed662c9d458d7067fef885477fb5ab81e526e0d61d5167d3bc0208e2ea1ef424,0,0,,false
hard_200,ed662c9d458d7067fef885477fb5ab81e526e0d61d5167d3bc0208e2ea1ef424,0,0,,false
hard_200,ed662c9d458d7067fef885477fb5ab81e526e0d61d5167d3bc0208e2ea1ef424,0.0004539963,2,,false
hard_200,ed662c9d458d7067fef885477fb5ab81e526e0d61d5167d3bc0208e2ea1ef424,0.00007238076,1,,false
hard_200,ed662c9d458d7067fef885477fb5ab81e526e0d61d5167d3bc0208e2ea1ef424,0,0,,false
hard_200,ed662c9d458d7067fef885477fb5ab81e526e0d61d5167d3bc0208e2ea1ef424,0,0,,false
hard_200,ed662c9d458d7067fef885477fb5ab81e526e0d61d5167d3bc0208e2ea1ef424,0,0,,false
hard_200,ed662c9d458d7067fef885477fb5ab81e526e0d61d5167d3bc0208e2ea1ef424,0,0,,false
hard_200,ed662c9d458d7067fef885477fb5ab81e526e0d61d5167d3bc0208e2ea1ef424,0.0003547264,1,,false
hard_200,ed662c9d458d7067fef885477fb5ab81e526e0d61d5167d3bc0208e2ea1ef424,0,0,,false
hard_200,ed662c9d458d7067fef885477fb5ab81e526e0d61d5167d3bc0208e2ea1ef424,0,0,,false
hard_200,ed662c9d458d7067fef885477fb5ab81e526e0d61d5167d3bc0208e2ea1ef424,0,0,,false
hard_200,ed662c9d458d7067fef885477fb5ab81e526e0d61d5167d3bc0208e2ea1ef424,0.013514753,11,,false
hard_200,ed662c9d458d7067fef885477fb5ab81e526e0d61d5167d3bc0208e2ea1ef424,0.0022237564,3,,false
hard_200,ed662c9d458d7067fef885477fb5ab81e526e0d61d5167d3bc0208e2ea1ef424,0.009434212,7,,false
hard_200,ed662c9d458d7067fef885477fb5ab81e526e0d61d5167d3bc0208e2ea1ef424,0,0,,false
hard_200,ed662c9d458d7067fef885477fb5ab81e526e0d61d5167d3bc0208e2ea1ef424,0.00052562763,1,,false
hard_200,ed662c9d458d7067fef885477fb5ab81e526e0d61d5167d3bc0208e2ea1ef424,0.00942336,7,,false
hard_200,ed662c9d458d7067fef885477fb5ab81e526e0d61d5167d3bc0208e2ea1ef424,0,0,,false
hard_200,ed662c9d458d7067fef885477fb5ab81e526e0d61d5167d3bc0208e2ea1ef424,0.02061892,14,,false
hard_200,ed662c9d458d7067fef885477fb5ab81e526e0d61d5167d3bc0208e2ea1ef424,0,0,,false
hard_200,ed662c9d458d7067fef885477fb5ab81e526e0d61d5167d3bc0208e2ea1ef424,0.010625319,10,,false
hard_200,ed662c9d458d7067fef885477fb5ab81e526e0d61d5167d3bc0208e2ea1ef424,0.021495355,8,,false
hard_200,ed662c9d458d7067fef885477fb5ab81e526e0d61d5167d3bc0208e2ea1ef424,0,0,,false
hard_200,ed662c9d458d7067fef885477fb5ab81e526e0d61d5167d3bc0208e2ea1ef424,0.02535565,18,,false
hard_200,ed662c9d458d7067fef885477fb5ab81e526e0d61d5167d3bc0208e2ea1ef424,0.046358164,18,,false
hard_200,ed662c9d458d7067fef885477fb5ab81e526e0d61d5167d3bc0208e2ea1ef424,0.0010808945,3,,false
hard_200,ed662c9d458d7067fef885477fb5ab81e526e0d61d5167d3bc0208e2ea1ef424,0,0,,false
hard_200,ed662c9d458d7067fef885477fb5ab81e526e0d61d5167d3bc0208e2ea1ef424,0,0,,false
hard_200,ed662c9d458d7067fef885477fb5ab81e526e0d61d5167d3bc0208e2ea1ef424,0.015048405,14,,false
hard_200,ed662c9d458d7067fef885477fb5ab81e526e0d61d5167d3bc0208e2ea1ef424,0.003030264,3,,false
hard_200,ed662c9d458d7067fef885477fb5ab81e526e0d61d5167d3bc0208e2ea1ef424,0.0011170667,9,,false
hard_200,ed662c9d458d7067fef885477fb5ab81e526e0d61d5167d3bc0208e2ea1ef424,0.017972434,12,,false
hard_200,ed662c9d458d7067fef885477fb5ab81e526e0d61d5167d3bc0208e2ea1ef424,0.008667407,8,,false
hard_200,ed662c9d458d7067fef885477fb5ab81e526e0d61d5167d3bc0208e2ea1ef424,0.023212781,18,,false
hard_200,ed662c9d458d7067fef885477fb5ab81e526e0d61d5167d3bc0208e2ea1ef424,0.007485634,6,,false
hard_200,ed662c9d458d7067fef885477fb5ab81e526e0d61d5167d3bc0208e2ea1ef424,0.024345268,12,,false
hard_200,ed662c9d458d7067fef885477fb5ab81e526e0d61d5167d3bc0208e2ea1ef424,0.0055909776,5,,false
hard_200,ed662c9d458d7067fef885477fb5ab81e526e0d61d5167d3bc0208e2ea1ef424,0.0005305363,1,,false
hard_200,ed662c9d458d7067fef885477fb5ab81e526e0d61d5167d3bc0208e2ea1ef424,0.012320672,13,,false
hard_200,ed662c9d458d7067fef885477fb5ab81e526e0d61d5167d3bc0208e2ea1ef424,0.031625725,15,,false
hard_200,ed662c9d458d7067fef885477fb5ab81e526e0d61d5167d3bc0208e2ea1ef424,0.0037144506,7,,false
hard_200,ed662c9d458d7067fef885477fb5ab81e526e0d61d5167d3bc0208e2ea1ef424,0.0022347965,2,,false
hard_200,ed662c9d458d7067fef885477fb5ab81e526e0d61d5167d3bc0208e2ea1ef424,0.031215386,14,,false
hard_200,ed662c9d458d7067fef885477fb5ab81e526e0d61d5167d3bc0208e2ea1ef424,0.022172945,15,,false
hard_200,ed662c9d458d7067fef885477fb5ab81e526e0d61d5167d3bc0208e2ea1ef424,0.046433795,15,,false
hard_200,ed662c9d458d7067fef885477fb5ab81e526e0d61d5167d3bc0208e2ea1ef424,0.022105498,10,,false
hard_200,ed662c9d458d7067fef885477fb5ab81e526e0d61d5167d3bc0208e2ea1ef424,0.009413496,13,,false
hard_200,ed662c9d458d7067fef885477fb5ab81e526e0d61d5167d3bc0208e2ea1ef424,0.0012729433,4,,false
hard_200,ed662c9d458d7067fef885477fb5ab81e526e0d61d5167d3bc0208e2ea1ef424,0.044545803,23,,false
hard_200,ed662c9d458d7067fef885477fb5ab81e526e0d61d5167d3bc0208e2ea1ef424,0.114812545,39,,false
hard_200,ed662c9d458d7067fef885477fb5ab81e526e0d61d5167d3bc0208e2ea1ef424,0.0031869835,5,,false
hard_200,ed662c9d458d7067fef885477fb5ab81e526e0d61d5167d3bc0208e2ea1ef424,0.009876341,9,,false
hard_200,ed662c9d458d7067fef885477fb5ab81e526e0d61d5167d3bc0208e2ea1ef424,0.03589668,19,,false
hard_200,ed662c9d458d7067fef885477fb5ab81e526e0d61d5167d3bc0208e2ea1ef424,0.023600884,10,,false
hard_200,ed662c9d458d7067fef885477fb5ab81e526e0d61d5167d3bc0208e2ea1ef424,0.02548231,14,,false
hard_200,ed662c9d458d7067fef885477fb5ab81e526e0d61d5167d3bc0208e2ea1ef424,0.015893197,12,,false
hard_200,ed662c9d458d7067fef885477fb5ab81e526e0d61d5167d3bc0208e2ea1ef424,0.03768334,14,,false
hard_200,ed662c9d458d7067fef885477fb5ab81e526e0d61d5167d3bc0208e2ea1ef424,0.015974903,8,,false
hard_200,ed662c9d458d7067fef885477fb5ab81e526e0d61d5167d3bc0208e2ea1ef424,0,0,,false
hard_200,ed662c9d458d7067fef885477fb5ab81e526e0d61d5167d3bc0208e2ea1ef424,0.011355421,8,,false
hard_200,ed662c9d458d7067fef885477fb5ab81e526e0d61d5167d3bc0208e2ea1ef424,0.034720264,23,,false
hard_200,ed662c9d458d7067fef885477fb5ab81e526e0d61d5167d3bc0208e2ea1ef424,0,0,,false
hard_200,ed662c9d458d7067fef885477fb5ab81e526e0d61d5167d3bc0208e2ea1ef424,0.001980342,5,,false
hard_200,ed662c9d458d7067fef885477fb5ab81e526e0d61d5167d3bc0208e2ea1ef424,0.035664804,23,,false
hard_200,ed662c9d458d7067fef885477fb5ab81e526e0d61d5167d3bc0208e2ea1ef424,0.011116435,15,,false
hard_200,ed662c9d458d7067fef885477fb5ab81e526e0d61d5167d3bc0208e2ea1ef424,0.06944012,22,,false
hard_200,ed662c9d458d7067fef885477fb5ab81e526e0d61d5167d3bc0208e2ea1ef424,0.026248794,16,,false
hard_200,ed662c9d458d7067fef885477fb5ab81e526e0d61d5167d3bc0208e2ea1ef424,0.03243252,13,,false
hard_200,d24aaced56575d10fef76e4d510d34e42eb25f6b49356f6086323f2a9dac465d,0,0,,false
hard_200,d24aaced56575d10fef76e4d510d34e42eb25f6b49356f6086323f2a9dac465d,0,0,,false
hard_200,d24aaced56575d10fef76e4d510d34e42eb25f6b49356f6086323f2a9dac465d,0,0,,false
hard_200,d24aaced56575d10fef76e4d510d34e42eb25f6b49356f6086323f2a9dac465d,0,0,,false
hard_200,d24aaced56575d10fef76e4d510d34e42eb25f6b49356f6086323f2a9dac465d,0,0,,false
hard_200,d24aaced56575d10fef76e4d510d34e42eb25f6b49356f6086323f2a9dac465d,0,0,,false
hard_200,d24aaced56575d10fef76e4d510d34e42eb25f6b49356f6086323f2a9dac465d,0,0,,false
hard_200,d24aaced56575d10fef76e4d510d34e42eb25f6b49356f6086323f2a9dac465d,0,0,,false
hard_200,d24aaced56575d10fef76e4d510d34e42eb25f6b49356f6086323f2a9dac465d,0,0,,false
hard_200,d24aaced56575d10fef76e4d510d34e42eb25f6b49356f6086323f2a9dac465d,0,0,,false
hard_200,d24aaced56575d10fef76e4d510d34e42eb25f6b49356f6086323f2a9dac465d,0,0,,false
hard_200,d24aaced56575d10fef76e4d510d34e42eb25f6b49356f6086323f2a9dac465d,0,0,,false
hard_200,d24aaced56575d10fef76e4d510d34e42eb25f6b49356f6086323f2a9dac465d,0,0,,false
hard_200,d24aaced56575d10fef76e4d510d34e42eb25f6b49356f6086323f2a9dac465d,0,0,,false
hard_200,d24aaced56575d10fef76e4d510d34e42eb25f6b49356f6086323f2a9dac465d,0,0,,false
hard_200,d24aaced56575d10fef76e4d510d34e42eb25f6b49356f6086323f2a9dac465d,0,0,,false
hard_200,d24aaced56575d10fef76e4d510d34e42eb25f6b49356f6086323f2a9dac465d,0,0,,false
hard_200,d24aaced56575d10fef76e4d510d34e42eb25f6b49356f6086323f2a9dac465d,0.00046470977,2,,false
hard_200,d24aaced56575d10fef76e4d510d34e42eb25f6b49356f6086323f2a9dac465d,0.000075809854,1,,false
hard_200,d24aaced56575d10fef76e4d510d34e42eb25f6b49356f6086323f2a9dac465d,0,0,,false
hard_200,d24aaced56575d10fef76e4d510d34e42eb25f6b49356f6086323f2a9dac465d,0,0,,false
hard_200,d24aaced56575d10fef76e4d510d34e42eb25f6b49356f6086323f2a9dac465d,0,0,,false
hard_200,d24aaced56575d10fef76e4d510d34e42eb25f6b49356f6086323f2a9dac465d,0,0,,false
hard_200,d24aaced56575d10fef76e4d510d34e42eb25f6b49356f6086323f2a9dac465d,0.00035561918,1,,false
hard_200,d24aaced56575d10fef76e4d510d34e42eb25f6b49356f6086323f2a9dac465d,0,0,,false
hard_200,d24aaced56575d10fef76e4d510d34e42eb25f6b49356f6086323f2a9dac465d,0,0,,false
hard_200,d24aaced56575d10fef76e4d510d34e42eb25f6b49356f6086323f2a9dac465d,0,0,,false
hard_200,d24aaced56575d10fef76e4d510d34e42eb25f6b49356f6086323f2a9dac465d,0.013535711,11,,false
hard_200,d24aaced56575d10fef76e4d510d34e42eb25f6b49356f6086323f2a9dac465d,0.0022184707,3,,false
hard_200,d24aaced56575d10fef76e4d510d34e42eb25f6b49356f6086323f2a9dac465d,0.009424083,7,,false
hard_200,d24aaced56575d10fef76e4d510d34e42eb25f6b49356f6086323f2a9dac465d,0,0,,false
hard_200,d24aaced56575d10fef76e4d510d34e42eb25f6b49356f6086323f2a9dac465d,0.00067376066,1,,false
hard_200,d24aaced56575d10fef76e4d510d34e42eb25f6b49356f6086323f2a9dac465d,0.009464294,7,,false
hard_200,d24aaced56575d10fef76e4d510d34e42eb25f6b49356f6086323f2a9dac465d,0,0,,false
hard_200,d24aaced56575d10fef76e4d510d34e42eb25f6b49356f6086323f2a9dac465d,0.020707594,14,,false
hard_200,d24aaced56575d10fef76e4d510d34e42eb25f6b49356f6086323f2a9dac465d,0,0,,false
hard_200,d24aaced56575d10fef76e4d510d34e42eb25f6b49356f6086323f2a9dac465d,0.010671359,10,,false
hard_200,d24aaced56575d10fef76e4d510d34e42eb25f6b49356f6086323f2a9dac465d,0.02155164,8,,false
hard_200,d24aaced56575d10fef76e4d510d34e42eb25f6b49356f6086323f2a9dac465d,0,0,,false
hard_200,d24aaced56575d10fef76e4d510d34e42eb25f6b49356f6086323f2a9dac465d,0.025338106,18,,false
hard_200,d24aaced56575d10fef76e4d510d34e42eb25f6b49356f6086323f2a9dac465d,0.046403434,18,,false
hard_200,d24aaced56575d10fef76e4d510d34e42eb25f6b49356f6086323f2a9dac465d,0.0010838863,3,,false
hard_200,d24aaced56575d10fef76e4d510d34e42eb25f6b49356f6086323f2a9dac465d,0,0,,false
hard_200,d24aaced56575d10fef76e4d510d34e42eb25f6b49356f6086323f2a9dac465d,0,0,,false
hard_200,d24aaced56575d10fef76e4d510d34e42eb25f6b49356f6086323f2a9dac465d,0.014994107,14,,false
hard_200,d24aaced56575d10fef76e4d510d34e42eb25f6b49356f6086323f2a9dac465d,0.0030367624,3,,false
hard_200,d24aaced56575d10fef76e4d510d34e42eb25f6b49356f6086323f2a9dac465d,0.0012228956,9,,false
hard_200,d24aaced56575d10fef76e4d510d34e42eb25f6b49356f6086323f2a9dac465d,0.01799122,12,,false
hard_200,d24aaced56575d10fef76e4d510d34e42eb25f6b49356f6086323f2a9dac465d,0.008673911,8,,false
hard_200,d24aaced56575d10fef76e4d510d34e42eb25f6b49356f6086323f2a9dac465d,0.02326229,18,,false
hard_200,d24aaced56575d10fef76e4d510d34e42eb25f6b49356f6086323f2a9dac465d,0.0075098374,6,,false
hard_200,d24aaced56575d10fef76e4d510d34e42eb25f6b49356f6086323f2a9dac465d,0.02418538,12,,false
hard_200,d24aaced56575d10fef76e4d510d34e42eb25f6b49356f6086323f2a9dac465d,0.0055721807,5,,false
hard_200,d24aaced56575d10fef76e4d510d34e42eb25f6b49356f6086323f2a9dac465d,0.00053246494,1,,false
hard_200,d24aaced56575d10fef76e4d510d34e42eb25f6b49356f6086323f2a9dac465d,0.012332922,13,,false
hard_200,d24aaced56575d10fef76e4d510d34e42eb25f6b49356f6086323f2a9dac465d,0.031589437,15,,false
hard_200,d24aaced56575d10fef76e4d510d34e42eb25f6b49356f6086323f2a9dac465d,0.0037552433,7,,false
hard_200,d24aaced56575d10fef76e4d510d34e42eb25f6b49356f6086323f2a9dac465d,0.0020798745,2,,false
hard_200,d24aaced56575d10fef76e4d510d34e42eb25f6b49356f6086323f2a9dac465d,0.031217152,14,,false
hard_200,d24aaced56575d10fef76e4d510d34e42eb25f6b49356f6086323f2a9dac465d,0.022041082,15,,false
hard_200,d24aaced56575d10fef76e4d510d34e42eb25f6b49356f6086323f2a9dac465d,0.046397377,15,,false
hard_200,d24aaced56575d10fef76e4d510d34e42eb25f6b49356f6086323f2a9dac465d,0.022058059,10,,false
hard_200,d24aaced56575d10fef76e4d510d34e42eb25f6b49356f6086323f2a9dac465d,0.009432124,13,,false
hard_200,d24aaced56575d10fef76e4d510d34e42eb25f6b49356f6086323f2a9dac465d,0.0012845724,4,,false
hard_200,d24aaced56575d10fef76e4d510d34e42eb25f6b49356f6086323f2a9dac465d,0.04440218,23,,false
hard_200,d24aaced56575d10fef76e4d510d34e42eb25f6b49356f6086323f2a9dac465d,0.0032565354,5,,false
hard_200,d24aaced56575d10fef76e4d510d34e42eb25f6b49356f6086323f2a9dac465d,0.009923444,9,,false
hard_200,d24aaced56575d10fef76e4d510d34e42eb25f6b49356f6086323f2a9dac465d,0.035835717,19,,false
hard_200,d24aaced56575d10fef76e4d510d34e42eb25f6b49356f6086323f2a9dac465d,0.02364999,10,,false
hard_200,d24aaced56575d10fef76e4d510d34e42eb25f6b49356f6086323f2a9dac465d,0.025493678,14,,false
hard_200,d24aaced56575d10fef76e4d510d34e42eb25f6b49356f6086323f2a9dac465d,0.015888762,12,,false
hard_200,d24aaced56575d10fef76e4d510d34e42eb25f6b49356f6086323f2a9dac465d,0.037686203,14,,false
hard_200,d24aaced56575d10fef76e4d510d34e42eb25f6b49356f6086323f2a9dac465d,0.01606998,8,,false
hard_200,d24aaced56575d10fef76e4d510d34e42eb25f6b49356f6086323f2a9dac465d,0,0,,false
hard_200,d24aaced56575d10fef76e4d510d34e42eb25f6b49356f6086323f2a9dac465d,0.011341496,8,,false
hard_200,d24aaced56575d10fef76e4d510d34e42eb25f6b49356f6086323f2a9dac465d,0.03466661,23,,false
hard_200,d24aaced56575d10fef76e4d510d34e42eb25f6b49356f6086323f2a9dac465d,0,0,,false
hard_200,d24aaced56575d10fef76e4d510d34e42eb25f6b49356f6086323f2a9dac465d,0.0019749752,5,,false
hard_200,d24aaced56575d10fef76e4d510d34e42eb25f6b49356f6086323f2a9dac465d,0.03554407,23,,false
hard_200,d24aaced56575d10fef76e4d510d34e42eb25f6b49356f6086323f2a9dac465d,0.011007132,15,,false
hard_200,d24aaced56575d10fef76e4d510d34e42eb25f6b49356f6086323f2a9dac465d,0.02621149,16,,false
hard_200,d24aaced56575d10fef76e4d510d34e42eb25f6b49356f6086323f2a9dac465d,0.032351803,13,,false
hard_200,a1e8675b7015f175c963ab45147357bf66b3b205446c5c8140c8b42662182a7a,0,0,,false
hard_200,a1e8675b7015f175c963ab45147357bf66b3b205446c5c8140c8b42662182a7a,0,0,,false
hard_200,a1e8675b7015f175c963ab45147357bf66b3b205446c5c8140c8b42662182a7a,0,0,,false
hard_200,a1e8675b7015f175c963ab45147357bf66b3b205446c5c8140c8b42662182a7a,0,0,,false
hard_200,a1e8675b7015f175c963ab45147357bf66b3b205446c5c8140c8b42662182a7a,0,0,,false
hard_200,a1e8675b7015f175c963ab45147357bf66b3b205446c5c8140c8b42662182a7a,0,0,,false
hard_200,a1e8675b7015f175c963ab45147357bf66b3b205446c5c8140c8b42662182a7a,0,0,,false
hard_200,a1e8675b7015f175c963ab45147357bf66b3b205446c5c8140c8b42662182a7a,0,0,,false
hard_200,a1e8675b7015f175c963ab45147357bf66b3b205446c5c8140c8b42662182a7a,0,0,,false
hard_200,a1e8675b7015f175c963ab45147357bf66b3b205446c5c8140c8b42662182a7a,0,0,,false
hard_200,a1e8675b7015f175c963ab45147357bf66b3b205446c5c8140c8b42662182a7a,0,0,,false
hard_200,a1e8675b7015f175c963ab45147357bf66b3b205446c5c8140c8b42662182a7a,0,0,,false
hard_200,a1e8675b7015f175c963ab45147357bf66b3b205446c5c8140c8b42662182a7a,0,0,,false
hard_200,a1e8675b7015f175c963ab45147357bf66b3b205446c5c8140c8b42662182a7a,0,0,,false
hard_200,a1e8675b7015f175c963ab45147357bf66b3b205446c5c8140c8b42662182a7a,0,0,,false
hard_200,a1e8675b7015f175c963ab45147357bf66b3b205446c5c8140c8b42662182a7a,0,0,,false
hard_200,a1e8675b7015f175c963ab45147357bf66b3b205446c5c8140c8b42662182a7a,0,0,,false
hard_200,a1e8675b7015f175c963ab45147357bf66b3b205446c5c8140c8b42662182a7a,0.00029209215,2,,false
hard_200,a1e8675b7015f175c963ab45147357bf66b3b205446c5c8140c8b42662182a7a,0.00001842069,1,,false
hard_200,a1e8675b7015f175c963ab45147357bf66b3b205446c5c8140c8b42662182a7a,0,0,,false
hard_200,a1e8675b7015f175c963ab45147357bf66b3b205446c5c8140c8b42662182a7a,0,0,,false
hard_200,a1e8675b7015f175c963ab45147357bf66b3b205446c5c8140c8b42662182a7a,0,0,,false
hard_200,a1e8675b7015f175c963ab45147357bf66b3b205446c5c8140c8b42662182a7a,0,0,,false
hard_200,a1e8675b7015f175c963ab45147357bf66b3b205446c5c8140c8b42662182a7a,0.00031817405,1,,false
hard_200,a1e8675b7015f175c963ab45147357bf66b3b205446c5c8140c8b42662182a7a,0,0,,false
hard_200,a1e8675b7015f175c963ab45147357bf66b3b205446c5c8140c8b42662182a7a,0,0,,false
hard_200,a1e8675b7015f175c963ab45147357bf66b3b205446c5c8140c8b42662182a7a,0,0,,false
hard_200,a1e8675b7015f175c963ab45147357bf66b3b205446c5c8140c8b42662182a7a,0.013219923,11,,false
hard_200,a1e8675b7015f175c963ab45147357bf66b3b205446c5c8140c8b42662182a7a,0.0022228984,3,,false
hard_200,a1e8675b7015f175c963ab45147357bf66b3b205446c5c8140c8b42662182a7a,0.009408494,7,,false
hard_200,a1e8675b7015f175c963ab45147357bf66b3b205446c5c8140c8b42662182a7a,0,0,,false
hard_200,a1e8675b7015f175c963ab45147357bf66b3b205446c5c8140c8b42662182a7a,0.00070826977,1,,false
hard_200,a1e8675b7015f175c963ab45147357bf66b3b205446c5c8140c8b42662182a7a,0.009225349,7,,false
hard_200,a1e8675b7015f175c963ab45147357bf66b3b205446c5c8140c8b42662182a7a,0,0,,false
hard_200,a1e8675b7015f175c963ab45147357bf66b3b205446c5c8140c8b42662182a7a,0.020330658,14,,false
hard_200,a1e8675b7015f175c963ab45147357bf66b3b205446c5c8140c8b42662182a7a,0.009773213,9,,false
hard_200,a1e8675b7015f175c963ab45147357bf66b3b205446c5c8140c8b42662182a7a,0,0,,false
hard_200,a1e8675b7015f175c963ab45147357bf66b3b205446c5c8140c8b42662182a7a,0.021351555,8,,false
hard_200,a1e8675b7015f175c963ab45147357bf66b3b205446c5c8140c8b42662182a7a,0,0,,false
hard_200,a1e8675b7015f175c963ab45147357bf66b3b205446c5c8140c8b42662182a7a,0.025091933,18,,false
hard_200,a1e8675b7015f175c963ab45147357bf66b3b205446c5c8140c8b42662182a7a,0.046080984,18,,false
hard_200,a1e8675b7015f175c963ab45147357bf66b3b205446c5c8140c8b42662182a7a,0.0009902992,3,,false
hard_200,a1e8675b7015f175c963ab45147357bf66b3b205446c5c8140c8b42662182a7a,0,0,,false
hard_200,a1e8675b7015f175c963ab45147357bf66b3b205446c5c8140c8b42662182a7a,0,0,,false
hard_200,a1e8675b7015f175c963ab45147357bf66b3b205446c5c8140c8b42662182a7a,0.0027452451,3,,false
hard_200,a1e8675b7015f175c963ab45147357bf66b3b205446c5c8140c8b42662182a7a,0.014674762,14,,false
hard_200,a1e8675b7015f175c963ab45147357bf66b3b205446c5c8140c8b42662182a7a,0.0019457656,9,,false
hard_200,a1e8675b7015f175c963ab45147357bf66b3b205446c5c8140c8b42662182a7a,0.017698327,11,,false
hard_200,a1e8675b7015f175c963ab45147357bf66b3b205446c5c8140c8b42662182a7a,0.022255633,18,,false
hard_200,a1e8675b7015f175c963ab45147357bf66b3b205446c5c8140c8b42662182a7a,0.008574171,8,,false
hard_200,a1e8675b7015f175c963ab45147357bf66b3b205446c5c8140c8b42662182a7a,0.0073109423,6,,false
hard_200,a1e8675b7015f175c963ab45147357bf66b3b205446c5c8140c8b42662182a7a,0.024769055,12,,false
hard_200,a1e8675b7015f175c963ab45147357bf66b3b205446c5c8140c8b42662182a7a,0.0055858837,5,,false
hard_200,a1e8675b7015f175c963ab45147357bf66b3b205446c5c8140c8b42662182a7a,0.018553546,7,,false
hard_200,a1e8675b7015f175c963ab45147357bf66b3b205446c5c8140c8b42662182a7a,0.00053912547,1,,false
hard_200,a1e8675b7015f175c963ab45147357bf66b3b205446c5c8140c8b42662182a7a,0.031157391,15,,false
hard_200,a1e8675b7015f175c963ab45147357bf66b3b205446c5c8140c8b42662182a7a,0.012324233,13,,false
hard_200,a1e8675b7015f175c963ab45147357bf66b3b205446c5c8140c8b42662182a7a,0.0042997175,8,,false
hard_200,a1e8675b7015f175c963ab45147357bf66b3b205446c5c8140c8b42662182a7a,0.0019692453,2,,false
hard_200,a1e8675b7015f175c963ab45147357bf66b3b205446c5c8140c8b42662182a7a,0.031198509,14,,false
hard_200,a1e8675b7015f175c963ab45147357bf66b3b205446c5c8140c8b42662182a7a,0.02129705,14,,false
hard_200,a1e8675b7015f175c963ab45147357bf66b3b205446c5c8140c8b42662182a7a,0.046187524,15,,false
hard_200,a1e8675b7015f175c963ab45147357bf66b3b205446c5c8140c8b42662182a7a,0.022136841,10,,false
hard_200,a1e8675b7015f175c963ab45147357bf66b3b205446c5c8140c8b42662182a7a,0.008893376,13,,false
hard_200,a1e8675b7015f175c963ab45147357bf66b3b205446c5c8140c8b42662182a7a,0.0015539622,4,,false
hard_200,a1e8675b7015f175c963ab45147357bf66b3b205446c5c8140c8b42662182a7a,0.045035385,25,,false
hard_200,a1e8675b7015f175c963ab45147357bf66b3b205446c5c8140c8b42662182a7a,0.009524443,9,,false
hard_200,a1e8675b7015f175c963ab45147357bf66b3b205446c5c8140c8b42662182a7a,0.003168975,5,,false
hard_200,a1e8675b7015f175c963ab45147357bf66b3b205446c5c8140c8b42662182a7a,0.035239026,19,,false
hard_200,a1e8675b7015f175c963ab45147357bf66b3b205446c5c8140c8b42662182a7a,0.024888705,14,,false
hard_200,a1e8675b7015f175c963ab45147357bf66b3b205446c5c8140c8b42662182a7a,0.015509307,8,,false
hard_200,a1e8675b7015f175c963ab45147357bf66b3b205446c5c8140c8b42662182a7a,0.016701307,13,,false
hard_200,a1e8675b7015f175c963ab45147357bf66b3b205446c5c8140c8b42662182a7a,0.03768344,14,,false
hard_200,a1e8675b7015f175c963ab45147357bf66b3b205446c5c8140c8b42662182a7a,0.010949115,8,,false
hard_200,a1e8675b7015f175c963ab45147357bf66b3b205446c5c8140c8b42662182a7a,0,0,,false
hard_200,a1e8675b7015f175c963ab45147357bf66b3b205446c5c8140c8b42662182a7a,0,0,,false
hard_200,a1e8675b7015f175c963ab45147357bf66b3b205446c5c8140c8b42662182a7a,0.001980432,5,,false
hard_200,a1e8675b7015f175c963ab45147357bf66b3b205446c5c8140c8b42662182a7a,0.035756007,24,,false
hard_200,a1e8675b7015f175c963ab45147357bf66b3b205446c5c8140c8b42662182a7a,0.03512227,25,,false
hard_200,a1e8675b7015f175c963ab45147357bf66b3b205446c5c8140c8b42662182a7a,0.03342529,13,,false
hard_200,a1e8675b7015f175c963ab45147357bf66b3b205446c5c8140c8b42662182a7a,0.027069189,18,,false
hard_200,db07e8eff37e231abc6f4aa315452fe2d114489bb23213d30b9ee9316561f893,0,0,,false
hard_200,db07e8eff37e231abc6f4aa315452fe2d114489bb23213d30b9ee9316561f893,0,0,,false
hard_200,db07e8eff37e231abc6f4aa315452fe2d114489bb23213d30b9ee9316561f893,0.0010971882,2,,false
hard_200,db07e8eff37e231abc6f4aa315452fe2d114489bb23213d30b9ee9316561f893,0.00040472535,1,,false
hard_200,db07e8eff37e231abc6f4aa315452fe2d114489bb23213d30b9ee9316561f893,0,0,,false
hard_200,db07e8eff37e231abc6f4aa315452fe2d114489bb23213d30b9ee9316561f893,0.012135581,7,,false
hard_200,db07e8eff37e231abc6f4aa315452fe2d114489bb23213d30b9ee9316561f893,0.009149298,19,,false
hard_200,db07e8eff37e231abc6f4aa315452fe2d114489bb23213d30b9ee9316561f893,0,0,,false
hard_200,db07e8eff37e231abc6f4aa315452fe2d114489bb23213d30b9ee9316561f893,0.00018797885,2,,false
hard_200,db07e8eff37e231abc6f4aa315452fe2d114489bb23213d30b9ee9316561f893,0.016108071,6,,false
hard_200,db07e8eff37e231abc6f4aa315452fe2d114489bb23213d30b9ee9316561f893,0,0,,false
hard_200,db07e8eff37e231abc6f4aa315452fe2d114489bb23213d30b9ee9316561f893,0,0,,false
hard_200,db07e8eff37e231abc6f4aa315452fe2d114489bb23213d30b9ee9316561f893,0.006673297,4,,false
hard_200,db07e8eff37e231abc6f4aa315452fe2d114489bb23213d30b9ee9316561f893,0,0,,false
hard_200,db07e8eff37e231abc6f4aa315452fe2d114489bb23213d30b9ee9316561f893,0.004180642,2,,false
hard_200,db07e8eff37e231abc6f4aa315452fe2d114489bb23213d30b9ee9316561f893,0,0,,false
hard_200,db07e8eff37e231abc6f4aa315452fe2d114489bb23213d30b9ee9316561f893,0.0140584195,8,,false
hard_200,db07e8eff37e231abc6f4aa315452fe2d114489bb23213d30b9ee9316561f893,0.00008970993,1,,false
hard_200,db07e8eff37e231abc6f4aa315452fe2d114489bb23213d30b9ee9316561f893,0,0,,false
hard_200,db07e8eff37e231abc6f4aa315452fe2d114489bb23213d30b9ee9316561f893,0.00020246547,2,,false
hard_200,db07e8eff37e231abc6f4aa315452fe2d114489bb23213d30b9ee9316561f893,0,0,,false
hard_200,db07e8eff37e231abc6f4aa315452fe2d114489bb23213d30b9ee9316561f893,0.02165104,8,,false
hard_200,db07e8eff37e231abc6f4aa315452fe2d114489bb23213d30b9ee9316561f893,0,0,,false
hard_200,db07e8eff37e231abc6f4aa315452fe2d114489bb23213d30b9ee9316561f893,0.023720818,12,,false
hard_200,db07e8eff37e231abc6f4aa315452fe2d114489bb23213d30b9ee9316561f893,0.0025932372,3,,false
hard_200,db07e8eff37e231abc6f4aa315452fe2d114489bb23213d30b9ee9316561f893,0.03556114,12,,false
hard_200,db07e8eff37e231abc6f4aa315452fe2d114489bb23213d30b9ee9316561f893,0.027426748,13,,false
hard_200,db07e8eff37e231abc6f4aa315452fe2d114489bb23213d30b9ee9316561f893,0.0020220529,4,,false
hard_200,db07e8eff37e231abc6f4aa315452fe2d114489bb23213d30b9ee9316561f893,0.033584103,18,,false
hard_200,db07e8eff37e231abc6f4aa315452fe2d114489bb23213d30b9ee9316561f893,0.02518092,10,,false
hard_200,db07e8eff37e231abc6f4aa315452fe2d114489bb23213d30b9ee9316561f893,0.03967797,20,,false
hard_200,db07e8eff37e231abc6f4aa315452fe2d114489bb23213d30b9ee9316561f893,0.03945397,17,,false
hard_200,db07e8eff37e231abc6f4aa315452fe2d114489bb23213d30b9ee9316561f893,0.14209086,43,,false
hard_200,db07e8eff37e231abc6f4aa315452fe2d114489bb23213d30b9ee9316561f893,0.030882247,11,,false
hard_200,db07e8eff37e231abc6f4aa315452fe2d114489bb23213d30b9ee9316561f893,0.016053556,12,,false
hard_200,db07e8eff37e231abc6f4aa315452fe2d114489bb23213d30b9ee9316561f893,0.025906604,10,,false
hard_200,db07e8eff37e231abc6f4aa315452fe2d114489bb23213d30b9ee9316561f893,0.029050643,16,,false
hard_200,db07e8eff37e231abc6f4aa315452fe2d114489bb23213d30b9ee9316561f893,0.0030600592,3,,false
hard_200,a09608871eb6bac6c6bc27781f40a6d12fb6ba4937487b8490cecba8479408af,0,0,,false
hard_200,a09608871eb6bac6c6bc27781f40a6d12fb6ba4937487b8490cecba8479408af,0,0,,false
hard_200,a09608871eb6bac6c6bc27781f40a6d12fb6ba4937487b8490cecba8479408af,0.010332392,8,,false
hard_200,a09608871eb6bac6c6bc27781f40a6d12fb6ba4937487b8490cecba8479408af,0,0,,false
hard_200,a09608871eb6bac6c6bc27781f40a6d12fb6ba4937487b8490cecba8479408af,0.0016644207,1,,false
hard_200,a09608871eb6bac6c6bc27781f40a6d12fb6ba4937487b8490cecba8479408af,0,0,,false
hard_200,a09608871eb6bac6c6bc27781f40a6d12fb6ba4937487b8490cecba8479408af,0,0,,false
hard_200,a09608871eb6bac6c6bc27781f40a6d12fb6ba4937487b8490cecba8479408af,0,0,,false
hard_200,a09608871eb6bac6c6bc27781f40a6d12fb6ba4937487b8490cecba8479408af,0.007457287,4,,false
hard_200,a09608871eb6bac6c6bc27781f40a6d12fb6ba4937487b8490cecba8479408af,0.042354535,15,,false
hard_200,a09608871eb6bac6c6bc27781f40a6d12fb6ba4937487b8490cecba8479408af,0,0,,false
hard_200,a09608871eb6bac6c6bc27781f40a6d12fb6ba4937487b8490cecba8479408af,0.0011930855,4,,false
hard_200,a09608871eb6bac6c6bc27781f40a6d12fb6ba4937487b8490cecba8479408af,0.0068592783,5,,false
hard_200,a09608871eb6bac6c6bc27781f40a6d12fb6ba4937487b8490cecba8479408af,0,0,,false
hard_200,a09608871eb6bac6c6bc27781f40a6d12fb6ba4937487b8490cecba8479408af,0,0,,false
hard_200,a09608871eb6bac6c6bc27781f40a6d12fb6ba4937487b8490cecba8479408af,0.0005955706,1,,false
hard_200,a09608871eb6bac6c6bc27781f40a6d12fb6ba4937487b8490cecba8479408af,0.03463451,13,,false
hard_200,a09608871eb6bac6c6bc27781f40a6d12fb6ba4937487b8490cecba8479408af,0.0025548292,1,,false
hard_200,a09608871eb6bac6c6bc27781f40a6d12fb6ba4937487b8490cecba8479408af,0.003004978,3,,false
hard_200,a09608871eb6bac6c6bc27781f40a6d12fb6ba4937487b8490cecba8479408af,0.012405821,11,,false
hard_200,a09608871eb6bac6c6bc27781f40a6d12fb6ba4937487b8490cecba8479408af,0,0,,false
hard_200,a09608871eb6bac6c6bc27781f40a6d12fb6ba4937487b8490cecba8479408af,0.0010878211,2,,false
hard_200,a09608871eb6bac6c6bc27781f40a6d12fb6ba4937487b8490cecba8479408af,0.028022915,20,,false
hard_200,a09608871eb6bac6c6bc27781f40a6d12fb6ba4937487b8490cecba8479408af,0.017996669,22,,false
hard_200,a09608871eb6bac6c6bc27781f40a6d12fb6ba4937487b8490cecba8479408af,0.0044228556,20,,false
hard_200,a09608871eb6bac6c6bc27781f40a6d12fb6ba4937487b8490cecba8479408af,0.032443605,12,,false
hard_200,a09608871eb6bac6c6bc27781f40a6d12fb6ba4937487b8490cecba8479408af,0.0027368565,3,,false
hard_200,a09608871eb6bac6c6bc27781f40a6d12fb6ba4937487b8490cecba8479408af,0.054470725,17,,false
hard_200,a09608871eb6bac6c6bc27781f40a6d12fb6ba4937487b8490cecba8479408af,0.051154237,11,,false
hard_200,a09608871eb6bac6c6bc27781f40a6d12fb6ba4937487b8490cecba8479408af,0.029581904,12,,false
hard_200,a09608871eb6bac6c6bc27781f40a6d12fb6ba4937487b8490cecba8479408af,0.029987717,14,,false
hard_200,a09608871eb6bac6c6bc27781f40a6d12fb6ba4937487b8490cecba8479408af,0.029932482,15,,false
hard_200,a09608871eb6bac6c6bc27781f40a6d12fb6ba4937487b8490cecba8479408af,0.023437614,15,,false
hard_200,a09608871eb6bac6c6bc27781f40a6d12fb6ba4937487b8490cecba8479408af,0.049213428,19,,false
hard_200,a09608871eb6bac6c6bc27781f40a6d12fb6ba4937487b8490cecba8479408af,0.039967086,15,,false
hard_200,a09608871eb6bac6c6bc27781f40a6d12fb6ba4937487b8490cecba8479408af,0.025779365,10,,false
hard_200,451099cd9850a84aa5f2451224f8621a9e14136f3ec193b46fb38d0205c93c0f,0,0,,false
hard_200,451099cd9850a84aa5f2451224f8621a9e14136f3ec193b46fb38d0205c93c0f,0,0,,false
hard_200,451099cd9850a84aa5f2451224f8621a9e14136f3ec193b46fb38d0205c93c0f,0,0,,false
hard_200,451099cd9850a84aa5f2451224f8621a9e14136f3ec193b46fb38d0205c93c0f,0,0,,false
hard_200,451099cd9850a84aa5f2451224f8621a9e14136f3ec193b46fb38d0205c93c0f,0,0,,false
hard_200,451099cd9850a84aa5f2451224f8621a9e14136f3ec193b46fb38d0205c93c0f,0,0,,false
hard_200,451099cd9850a84aa5f2451224f8621a9e14136f3ec193b46fb38d0205c93c0f,0.004214012,5,,false
hard_200,451099cd9850a84aa5f2451224f8621a9e14136f3ec193b46fb38d0205c93c0f,0.0012320336,2,,false
hard_200,451099cd9850a84aa5f2451224f8621a9e14136f3ec193b46fb38d0205c93c0f,0,0,,false
hard_200,451099cd9850a84aa5f2451224f8621a9e14136f3ec193b46fb38d0205c93c0f,0.009884395,5,,false
hard_200,451099cd9850a84aa5f2451224f8621a9e14136f3ec193b46fb38d0205c93c0f,0,0,,false
hard_200,451099cd9850a84aa5f2451224f8621a9e14136f3ec193b46fb38d0205c93c0f,0.003984319,5,,false
hard_200,451099cd9850a84aa5f2451224f8621a9e14136f3ec193b46fb38d0205c93c0f,0,0,,false
hard_200,451099cd9850a84aa5f2451224f8621a9e14136f3ec193b46fb38d0205c93c0f,0.000012580129,1,,false
hard_200,451099cd9850a84aa5f2451224f8621a9e14136f3ec193b46fb38d0205c93c0f,0,0,,false
hard_200,451099cd9850a84aa5f2451224f8621a9e14136f3ec193b46fb38d0205c93c0f,0.011789798,11,,false
hard_200,451099cd9850a84aa5f2451224f8621a9e14136f3ec193b46fb38d0205c93c0f,0.01700138,11,,false
hard_200,451099cd9850a84aa5f2451224f8621a9e14136f3ec193b46fb38d0205c93c0f,0.0067463475,7,,false
hard_200,451099cd9850a84aa5f2451224f8621a9e14136f3ec193b46fb38d0205c93c0f,0.05398275,11,,false
hard_200,451099cd9850a84aa5f2451224f8621a9e14136f3ec193b46fb38d0205c93c0f,0.051597867,20,,false
hard_200,451099cd9850a84aa5f2451224f8621a9e14136f3ec193b46fb38d0205c93c0f,0.019636465,11,,false
hard_200,451099cd9850a84aa5f2451224f8621a9e14136f3ec193b46fb38d0205c93c0f,0.016080484,22,,false
hard_200,451099cd9850a84aa5f2451224f8621a9e14136f3ec193b46fb38d0205c93c0f,0.013279447,9,,false
hard_200,451099cd9850a84aa5f2451224f8621a9e14136f3ec193b46fb38d0205c93c0f,0.0035680826,2,,false
hard_200,451099cd9850a84aa5f2451224f8621a9e14136f3ec193b46fb38d0205c93c0f,0.0062625585,4,,false
hard_200,451099cd9850a84aa5f2451224f8621a9e14136f3ec193b46fb38d0205c93c0f,0.036063604,10,,false
hard_200,451099cd9850a84aa5f2451224f8621a9e14136f3ec193b46fb38d0205c93c0f,0.015881514,10,,false
hard_200,451099cd9850a84aa5f2451224f8621a9e14136f3ec193b46fb38d0205c93c0f,0.03315056,22,,false
hard_200,451099cd9850a84aa5f2451224f8621a9e14136f3ec193b46fb38d0205c93c0f,0.021682156,13,,false
hard_200,451099cd9850a84aa5f2451224f8621a9e14136f3ec193b46fb38d0205c93c0f,0.0101578,8,,false
hard_200,451099cd9850a84aa5f2451224f8621a9e14136f3ec193b46fb38d0205c93c0f,0.011400294,8,,false
hard_200,451099cd9850a84aa5f2451224f8621a9e14136f3ec193b46fb38d0205c93c0f,0.007310306,5,,false
hard_200,451099cd9850a84aa5f2451224f8621a9e14136f3ec193b46fb38d0205c93c0f,0.3106621,60,,false
hard_200,451099cd9850a84aa5f2451224f8621a9e14136f3ec193b46fb38d0205c93c0f,0.03434605,19,,false
hard_200,451099cd9850a84aa5f2451224f8621a9e14136f3ec193b46fb38d0205c93c0f,0.048147626,25,,false
hard_200,efdc1573746e3b7756dddcb1e3ac63fb6f8348f37c957d4f9fcb23e5488094f7,0,0,,false
hard_200,efdc1573746e3b7756dddcb1e3ac63fb6f8348f37c957d4f9fcb23e5488094f7,0,0,,false
hard_200,efdc1573746e3b7756dddcb1e3ac63fb6f8348f37c957d4f9fcb23e5488094f7,0,0,,false
hard_200,efdc1573746e3b7756dddcb1e3ac63fb6f8348f37c957d4f9fcb23e5488094f7,0.0021969492,5,,false
hard_200,efdc1573746e3b7756dddcb1e3ac63fb6f8348f37c957d4f9fcb23e5488094f7,0,0,,false
hard_200,efdc1573746e3b7756dddcb1e3ac63fb6f8348f37c957d4f9fcb23e5488094f7,0,0,,false
hard_200,efdc1573746e3b7756dddcb1e3ac63fb6f8348f37c957d4f9fcb23e5488094f7,0,0,,false
hard_200,efdc1573746e3b7756dddcb1e3ac63fb6f8348f37c957d4f9fcb23e5488094f7,0.010411478,8,,false
hard_200,efdc1573746e3b7756dddcb1e3ac63fb6f8348f37c957d4f9fcb23e5488094f7,0.0012232594,4,,false
hard_200,efdc1573746e3b7756dddcb1e3ac63fb6f8348f37c957d4f9fcb23e5488094f7,0,0,,false
hard_200,efdc1573746e3b7756dddcb1e3ac63fb6f8348f37c957d4f9fcb23e5488094f7,0.0006756732,3,,false
hard_200,efdc1573746e3b7756dddcb1e3ac63fb6f8348f37c957d4f9fcb23e5488094f7,0,0,,false
hard_200,efdc1573746e3b7756dddcb1e3ac63fb6f8348f37c957d4f9fcb23e5488094f7,0.02716592,9,,false
hard_200,efdc1573746e3b7756dddcb1e3ac63fb6f8348f37c957d4f9fcb23e5488094f7,0.020241689,27,,false
hard_200,efdc1573746e3b7756dddcb1e3ac63fb6f8348f37c957d4f9fcb23e5488094f7,0.04341568,20,,false
hard_200,efdc1573746e3b7756dddcb1e3ac63fb6f8348f37c957d4f9fcb23e5488094f7,0.015157593,9,,false
hard_200,efdc1573746e3b7756dddcb1e3ac63fb6f8348f37c957d4f9fcb23e5488094f7,0.006005997,2,,false
hard_200,efdc1573746e3b7756dddcb1e3ac63fb6f8348f37c957d4f9fcb23e5488094f7,0.023822084,15,,false
hard_200,efdc1573746e3b7756dddcb1e3ac63fb6f8348f37c957d4f9fcb23e5488094f7,0.009693023,10,,false
hard_200,efdc1573746e3b7756dddcb1e3ac63fb6f8348f37c957d4f9fcb23e5488094f7,0.012897797,14,,false
hard_200,efdc1573746e3b7756dddcb1e3ac63fb6f8348f37c957d4f9fcb23e5488094f7,0.03782915,15,,false
hard_200,efdc1573746e3b7756dddcb1e3ac63fb6f8348f37c957d4f9fcb23e5488094f7,0.035507742,16,,false
hard_200,efdc1573746e3b7756dddcb1e3ac63fb6f8348f37c957d4f9fcb23e5488094f7,0.010919223,8,,false
hard_200,efdc1573746e3b7756dddcb1e3ac63fb6f8348f37c957d4f9fcb23e5488094f7,0.014387012,10,,false
hard_200,efdc1573746e3b7756dddcb1e3ac63fb6f8348f37c957d4f9fcb23e5488094f7,0.027851155,11,,false
hard_200,efdc1573746e3b7756dddcb1e3ac63fb6f8348f37c957d4f9fcb23e5488094f7,0.03673309,12,,false
hard_200,efdc1573746e3b7756dddcb1e3ac63fb6f8348f37c957d4f9fcb23e5488094f7,0.040146288,12,,false
hard_200,efdc1573746e3b7756dddcb1e3ac63fb6f8348f37c957d4f9fcb23e5488094f7,0.020744544,18,,false
hard_200,efdc1573746e3b7756dddcb1e3ac63fb6f8348f37c957d4f9fcb23e5488094f7,0.032621175,18,,false
hard_200,efdc1573746e3b7756dddcb1e3ac63fb6f8348f37c957d4f9fcb23e5488094f7,0,0,,false
hard_200,efdc1573746e3b7756dddcb1e3ac63fb6f8348f37c957d4f9fcb23e5488094f7,0.046497457,21,,false
hard_200,efdc1573746e3b7756dddcb1e3ac63fb6f8348f37c957d4f9fcb23e5488094f7,0.02721702,14,,false
hard_200,efdc1573746e3b7756dddcb1e3ac63fb6f8348f37c957d4f9fcb23e5488094f7,0.014373605,14,,false
hard_200,efdc1573746e3b7756dddcb1e3ac63fb6f8348f37c957d4f9fcb23e5488094f7,0.027858675,15,,false
hard_200,efdc1573746e3b7756dddcb1e3ac63fb6f8348f37c957d4f9fcb23e5488094f7,0.029525287,12,,false
hard_200,ac222580c5c95443061ad70d25c61c3b2ed5f84f904337cb14f2017da2ccbf69,0,0,,false
hard_200,ac222580c5c95443061ad70d25c61c3b2ed5f84f904337cb14f2017da2ccbf69,0.008492222,4,,false
hard_200,ac222580c5c95443061ad70d25c61c3b2ed5f84f904337cb14f2017da2ccbf69,0.0016942082,2,,false
hard_200,ac222580c5c95443061ad70d25c61c3b2ed5f84f904337cb14f2017da2ccbf69,0,0,,false
hard_200,ac222580c5c95443061ad70d25c61c3b2ed5f84f904337cb14f2017da2ccbf69,0.030001417,10,,false
hard_200,ac222580c5c95443061ad70d25c61c3b2ed5f84f904337cb14f2017da2ccbf69,0.0024609156,2,,false
hard_200,ac222580c5c95443061ad70d25c61c3b2ed5f84f904337cb14f2017da2ccbf69,0.0020083557,6,,false
hard_200,ac222580c5c95443061ad70d25c61c3b2ed5f84f904337cb14f2017da2ccbf69,0,0,,false
hard_200,ac222580c5c95443061ad70d25c61c3b2ed5f84f904337cb14f2017da2ccbf69,0.0013664481,2,,false
hard_200,ac222580c5c95443061ad70d25c61c3b2ed5f84f904337cb14f2017da2ccbf69,0,0,,false
hard_200,ac222580c5c95443061ad70d25c61c3b2ed5f84f904337cb14f2017da2ccbf69,0.14854325,47,,false
hard_200,ac222580c5c95443061ad70d25c61c3b2ed5f84f904337cb14f2017da2ccbf69,0.007478496,6,,false
hard_200,ac222580c5c95443061ad70d25c61c3b2ed5f84f904337cb14f2017da2ccbf69,0.03383904,11,,false
hard_200,ac222580c5c95443061ad70d25c61c3b2ed5f84f904337cb14f2017da2ccbf69,0.038099673,17,,false
hard_200,ac222580c5c95443061ad70d25c61c3b2ed5f84f904337cb14f2017da2ccbf69,0.007924794,10,,false
hard_200,ac222580c5c95443061ad70d25c61c3b2ed5f84f904337cb14f2017da2ccbf69,0,0,,false
hard_200,ac222580c5c95443061ad70d25c61c3b2ed5f84f904337cb14f2017da2ccbf69,0.0027556287,4,,false
hard_200,ac222580c5c95443061ad70d25c61c3b2ed5f84f904337cb14f2017da2ccbf69,0.012457863,12,,false
hard_200,ac222580c5c95443061ad70d25c61c3b2ed5f84f904337cb14f2017da2ccbf69,0,0,,false
hard_200,ac222580c5c95443061ad70d25c61c3b2ed5f84f904337cb14f2017da2ccbf69,0.009772673,7,,false
hard_200,ac222580c5c95443061ad70d25c61c3b2ed5f84f904337cb14f2017da2ccbf69,0.018444842,14,,false
hard_200,ac222580c5c95443061ad70d25c61c3b2ed5f84f904337cb14f2017da2ccbf69,0.19036621,45,,false
hard_200,ac222580c5c95443061ad70d25c61c3b2ed5f84f904337cb14f2017da2ccbf69,0.0039471053,3,,false
hard_200,ac222580c5c95443061ad70d25c61c3b2ed5f84f904337cb14f2017da2ccbf69,0.13643156,40,,false
hard_200,ac222580c5c95443061ad70d25c61c3b2ed5f84f904337cb14f2017da2ccbf69,0.017248461,4,,false
hard_200,ac222580c5c95443061ad70d25c61c3b2ed5f84f904337cb14f2017da2ccbf69,0.012851516,8,,false
hard_200,ac222580c5c95443061ad70d25c61c3b2ed5f84f904337cb14f2017da2ccbf69,0.069930084,39,,false
hard_200,ac222580c5c95443061ad70d25c61c3b2ed5f84f904337cb14f2017da2ccbf69,0.01619532,11,,false
hard_200,ac222580c5c95443061ad70d25c61c3b2ed5f84f904337cb14f2017da2ccbf69,0.013746312,8,,false
hard_200,ac222580c5c95443061ad70d25c61c3b2ed5f84f904337cb14f2017da2ccbf69,0.06818271,18,,false
hard_200,ac222580c5c95443061ad70d25c61c3b2ed5f84f904337cb14f2017da2ccbf69,0.0088051865,6,,false
hard_200,ac222580c5c95443061ad70d25c61c3b2ed5f84f904337cb14f2017da2ccbf69,0.14993913,50,,false
hard_200,ac222580c5c95443061ad70d25c61c3b2ed5f84f904337cb14f2017da2ccbf69,0.0031301514,4,,false
hard_200,ac222580c5c95443061ad70d25c61c3b2ed5f84f904337cb14f2017da2ccbf69,0.0036218665,6,,false
hard_200,ac222580c5c95443061ad70d25c61c3b2ed5f84f904337cb14f2017da2ccbf69,0.057129085,20,,false
hard_200,ac222580c5c95443061ad70d25c61c3b2ed5f84f904337cb14f2017da2ccbf69,0.027766109,15,,false
hard_200,ac222580c5c95443061ad70d25c61c3b2ed5f84f904337cb14f2017da2ccbf69,0.1865403,41,,false
hard_200,ac222580c5c95443061ad70d25c61c3b2ed5f84f904337cb14f2017da2ccbf69,0.012897468,7,,false
hard_200,9c11001402d1958d2c4c84ebf1e70c62aff3ee6dd485427081f3ba81f1553c2a,0,0,,true
hard_200,9c11001402d1958d2c4c84ebf1e70c62aff3ee6dd485427081f3ba81f1553c2a,0,0,,true
hard_200,9c11001402d1958d2c4c84ebf1e70c62aff3ee6dd485427081f3ba81f1553c2a,0,0,,true
hard_200,9c11001402d1958d2c4c84ebf1e70c62aff3ee6dd485427081f3ba81f1553c2a,0.0011116216,2,,true
hard_200,9c11001402d1958d2c4c84ebf1e70c62aff3ee6dd485427081f3ba81f1553c2a,0,0,,true
hard_200,9c11001402d1958d2c4c84ebf1e70c62aff3ee6dd485427081f3ba81f1553c2a,0,0,,false
hard_200,9c11001402d1958d2c4c84ebf1e70c62aff3ee6dd485427081f3ba81f1553c2a,0.04525655,20,,true
hard_200,9c11001402d1958d2c4c84ebf1e70c62aff3ee6dd485427081f3ba81f1553c2a,0.003506413,4,,true
hard_200,9c11001402d1958d2c4c84ebf1e70c62aff3ee6dd485427081f3ba81f1553c2a,0.00010663526,2,,true
hard_200,9c11001402d1958d2c4c84ebf1e70c62aff3ee6dd485427081f3ba81f1553c2a,0.00016794728,1,,true
hard_200,9c11001402d1958d2c4c84ebf1e70c62aff3ee6dd485427081f3ba81f1553c2a,0.19319288,52,,false
hard_200,9c11001402d1958d2c4c84ebf1e70c62aff3ee6dd485427081f3ba81f1553c2a,0.050471675,15,,true
hard_200,9c11001402d1958d2c4c84ebf1e70c62aff3ee6dd485427081f3ba81f1553c2a,0.01688578,11,,true
hard_200,9c11001402d1958d2c4c84ebf1e70c62aff3ee6dd485427081f3ba81f1553c2a,0.004309338,3,,true
hard_200,9c11001402d1958d2c4c84ebf1e70c62aff3ee6dd485427081f3ba81f1553c2a,0.0008123217,1,,true
hard_200,9c11001402d1958d2c4c84ebf1e70c62aff3ee6dd485427081f3ba81f1553c2a,0.011966162,15,,true
hard_200,9c11001402d1958d2c4c84ebf1e70c62aff3ee6dd485427081f3ba81f1553c2a,0,0,,true
hard_200,9c11001402d1958d2c4c84ebf1e70c62aff3ee6dd485427081f3ba81f1553c2a,0,0,,true
hard_200,9c11001402d1958d2c4c84ebf1e70c62aff3ee6dd485427081f3ba81f1553c2a,0.0054361112,6,,true
hard_200,9c11001402d1958d2c4c84ebf1e70c62aff3ee6dd485427081f3ba81f1553c2a,0.0048984233,7,,true
hard_200,9c11001402d1958d2c4c84ebf1e70c62aff3ee6dd485427081f3ba81f1553c2a,0.015500427,15,,true
hard_200,9c11001402d1958d2c4c84ebf1e70c62aff3ee6dd485427081f3ba81f1553c2a,0.04108165,23,,true
hard_200,9c11001402d1958d2c4c84ebf1e70c62aff3ee6dd485427081f3ba81f1553c2a,0.006630484,10,,false
hard_200,9c11001402d1958d2c4c84ebf1e70c62aff3ee6dd485427081f3ba81f1553c2a,0.03548119,20,,true
hard_200,9c11001402d1958d2c4c84ebf1e70c62aff3ee6dd485427081f3ba81f1553c2a,0.0023821618,1,,true
hard_200,9c11001402d1958d2c4c84ebf1e70c62aff3ee6dd485427081f3ba81f1553c2a,0.009920129,7,,false
hard_200,9c11001402d1958d2c4c84ebf1e70c62aff3ee6dd485427081f3ba81f1553c2a,0.02106659,16,,false
hard_200,9c11001402d1958d2c4c84ebf1e70c62aff3ee6dd485427081f3ba81f1553c2a,0.03228703,12,,false
hard_200,9c11001402d1958d2c4c84ebf1e70c62aff3ee6dd485427081f3ba81f1553c2a,0.015919339,7,,true
hard_200,9c11001402d1958d2c4c84ebf1e70c62aff3ee6dd485427081f3ba81f1553c2a,0.1233226,36,,false
hard_200,9c11001402d1958d2c4c84ebf1e70c62aff3ee6dd485427081f3ba81f1553c2a,0.022953989,15,,true
hard_200,9c11001402d1958d2c4c84ebf1e70c62aff3ee6dd485427081f3ba81f1553c2a,0.020796075,15,,true
hard_200,9c11001402d1958d2c4c84ebf1e70c62aff3ee6dd485427081f3ba81f1553c2a,0.020731488,14,,true
hard_200,9c11001402d1958d2c4c84ebf1e70c62aff3ee6dd485427081f3ba81f1553c2a,0.020783642,12,,true
hard_200,9c11001402d1958d2c4c84ebf1e70c62aff3ee6dd485427081f3ba81f1553c2a,0.16486813,38,,false
hard_200,9c11001402d1958d2c4c84ebf1e70c62aff3ee6dd485427081f3ba81f1553c2a,0.037916124,17,,true
hard_200,73d29679cbbedc448a89ede157ad1104238ec48f73f80d51cf5b3991ede88aa1,0,0,,false
hard_200,73d29679cbbedc448a89ede157ad1104238ec48f73f80d51cf5b3991ede88aa1,0,0,,false
hard_200,73d29679cbbedc448a89ede157ad1104238ec48f73f80d51cf5b3991ede88aa1,0,0,,false
hard_200,73d29679cbbedc448a89ede157ad1104238ec48f73f80d51cf5b3991ede88aa1,0,0,,false
hard_200,73d29679cbbedc448a89ede157ad1104238ec48f73f80d51cf5b3991ede88aa1,0.008689224,11,,false
hard_200,73d29679cbbedc448a89ede157ad1104238ec48f73f80d51cf5b3991ede88aa1,0,0,,false
hard_200,73d29679cbbedc448a89ede157ad1104238ec48f73f80d51cf5b3991ede88aa1,0.000022824144,2,,false
hard_200,73d29679cbbedc448a89ede157ad1104238ec48f73f80d51cf5b3991ede88aa1,0.015311556,10,,false
hard_200,73d29679cbbedc448a89ede157ad1104238ec48f73f80d51cf5b3991ede88aa1,0,0,,false
hard_200,73d29679cbbedc448a89ede157ad1104238ec48f73f80d51cf5b3991ede88aa1,0.007404375,10,,false
hard_200,73d29679cbbedc448a89ede157ad1104238ec48f73f80d51cf5b3991ede88aa1,0.043917473,16,,false
hard_200,73d29679cbbedc448a89ede157ad1104238ec48f73f80d51cf5b3991ede88aa1,0.0418751,19,,false
hard_200,73d29679cbbedc448a89ede157ad1104238ec48f73f80d51cf5b3991ede88aa1,0.0014998299,2,,false
hard_200,73d29679cbbedc448a89ede157ad1104238ec48f73f80d51cf5b3991ede88aa1,0.01572252,12,,false
hard_200,73d29679cbbedc448a89ede157ad1104238ec48f73f80d51cf5b3991ede88aa1,0.0071093957,5,,false
hard_200,73d29679cbbedc448a89ede157ad1104238ec48f73f80d51cf5b3991ede88aa1,0.0002818679,5,,false
hard_200,73d29679cbbedc448a89ede157ad1104238ec48f73f80d51cf5b3991ede88aa1,0.040279523,17,,false
hard_200,73d29679cbbedc448a89ede157ad1104238ec48f73f80d51cf5b3991ede88aa1,0.033112634,17,,false
hard_200,73d29679cbbedc448a89ede157ad1104238ec48f73f80d51cf5b3991ede88aa1,0.014207789,12,,false
hard_200,73d29679cbbedc448a89ede157ad1104238ec48f73f80d51cf5b3991ede88aa1,0.023049837,13,,false
hard_200,73d29679cbbedc448a89ede157ad1104238ec48f73f80d51cf5b3991ede88aa1,0.0006785511,1,,false
hard_200,73d29679cbbedc448a89ede157ad1104238ec48f73f80d51cf5b3991ede88aa1,0.038776398,19,,false
hard_200,73d29679cbbedc448a89ede157ad1104238ec48f73f80d51cf5b3991ede88aa1,0.017232513,12,,false
hard_200,73d29679cbbedc448a89ede157ad1104238ec48f73f80d51cf5b3991ede88aa1,0.029935172,16,,false
hard_200,73d29679cbbedc448a89ede157ad1104238ec48f73f80d51cf5b3991ede88aa1,0.033893097,13,,false
hard_200,73d29679cbbedc448a89ede157ad1104238ec48f73f80d51cf5b3991ede88aa1,0.028129648,14,,false
hard_200,73d29679cbbedc448a89ede157ad1104238ec48f73f80d51cf5b3991ede88aa1,0.03524787,15,,false
hard_200,73d29679cbbedc448a89ede157ad1104238ec48f73f80d51cf5b3991ede88aa1,0.034436293,20,,false
hard_200,73d29679cbbedc448a89ede157ad1104238ec48f73f80d51cf5b3991ede88aa1,0.16105518,43,,false
hard_200,73d29679cbbedc448a89ede157ad1104238ec48f73f80d51cf5b3991ede88aa1,0.034845572,12,,false
hard_200,73d29679cbbedc448a89ede157ad1104238ec48f73f80d51cf5b3991ede88aa1,0.044441096,21,,false
hard_200,73d29679cbbedc448a89ede157ad1104238ec48f73f80d51cf5b3991ede88aa1,0.034557167,15,,false
hard_200,73d29679cbbedc448a89ede157ad1104238ec48f73f80d51cf5b3991ede88aa1,0.04378928,19,,false
hard_200,73d29679cbbedc448a89ede157ad1104238ec48f73f80d51cf5b3991ede88aa1,0.040609084,26,,false
hard_200,6a253f91eb2848fe727c461d9cc874eba3842316a3522c9cbd3feb00bdd6f090,0,0,,false
hard_200,6a253f91eb2848fe727c461d9cc874eba3842316a3522c9cbd3feb00bdd6f090,0.03672754,17,,false
hard_200,6a253f91eb2848fe727c461d9cc874eba3842316a3522c9cbd3feb00bdd6f090,0.008220293,17,,false
hard_200,6a253f91eb2848fe727c461d9cc874eba3842316a3522c9cbd3feb00bdd6f090,0,0,,false
hard_200,6a253f91eb2848fe727c461d9cc874eba3842316a3522c9cbd3feb00bdd6f090,0,0,,false
hard_200,6a253f91eb2848fe727c461d9cc874eba3842316a3522c9cbd3feb00bdd6f090,0,0,,false
hard_200,6a253f91eb2848fe727c461d9cc874eba3842316a3522c9cbd3feb00bdd6f090,0,0,,false
hard_200,6a253f91eb2848fe727c461d9cc874eba3842316a3522c9cbd3feb00bdd6f090,0.0026126872,1,,false
hard_200,6a253f91eb2848fe727c461d9cc874eba3842316a3522c9cbd3feb00bdd6f090,0.0015247535,5,,false
hard_200,6a253f91eb2848fe727c461d9cc874eba3842316a3522c9cbd3feb00bdd6f090,0,0,,false
hard_200,6a253f91eb2848fe727c461d9cc874eba3842316a3522c9cbd3feb00bdd6f090,0.026866512,17,,false
hard_200,6a253f91eb2848fe727c461d9cc874eba3842316a3522c9cbd3feb00bdd6f090,0,0,,false
hard_200,6a253f91eb2848fe727c461d9cc874eba3842316a3522c9cbd3feb00bdd6f090,0.04290084,13,,false
hard_200,6a253f91eb2848fe727c461d9cc874eba3842316a3522c9cbd3feb00bdd6f090,0.012925931,9,,false
hard_200,6a253f91eb2848fe727c461d9cc874eba3842316a3522c9cbd3feb00bdd6f090,0.0052135326,4,,false
hard_200,6a253f91eb2848fe727c461d9cc874eba3842316a3522c9cbd3feb00bdd6f090,0.019779248,17,,false
hard_200,6a253f91eb2848fe727c461d9cc874eba3842316a3522c9cbd3feb00bdd6f090,0.02143978,13,,false
hard_200,6a253f91eb2848fe727c461d9cc874eba3842316a3522c9cbd3feb00bdd6f090,0.032996453,9,,false
hard_200,6a253f91eb2848fe727c461d9cc874eba3842316a3522c9cbd3feb00bdd6f090,0.011780636,5,,false
hard_200,6a253f91eb2848fe727c461d9cc874eba3842316a3522c9cbd3feb00bdd6f090,0.0046527875,4,,false
hard_200,6a253f91eb2848fe727c461d9cc874eba3842316a3522c9cbd3feb00bdd6f090,0.029639482,17,,false
hard_200,6a253f91eb2848fe727c461d9cc874eba3842316a3522c9cbd3feb00bdd6f090,0.051555164,29,,false
hard_200,6a253f91eb2848fe727c461d9cc874eba3842316a3522c9cbd3feb00bdd6f090,0.037218433,18,,false
hard_200,6a253f91eb2848fe727c461d9cc874eba3842316a3522c9cbd3feb00bdd6f090,0.1329049,37,,false
hard_200,6a253f91eb2848fe727c461d9cc874eba3842316a3522c9cbd3feb00bdd6f090,0.026923148,14,,false
hard_200,6a253f91eb2848fe727c461d9cc874eba3842316a3522c9cbd3feb00bdd6f090,0.014983087,12,,false
hard_200,6a253f91eb2848fe727c461d9cc874eba3842316a3522c9cbd3feb00bdd6f090,0.050394747,25,,false
hard_200,6a253f91eb2848fe727c461d9cc874eba3842316a3522c9cbd3feb00bdd6f090,0.027348865,13,,false
hard_200,6a253f91eb2848fe727c461d9cc874eba3842316a3522c9cbd3feb00bdd6f090,0.042867795,17,,false
hard_200,6a253f91eb2848fe727c461d9cc874eba3842316a3522c9cbd3feb00bdd6f090,0.045432165,21,,false
hard_200,6a253f91eb2848fe727c461d9cc874eba3842316a3522c9cbd3feb00bdd6f090,0.033715766,7,,false
hard_200,6a253f91eb2848fe727c461d9cc874eba3842316a3522c9cbd3feb00bdd6f090,0.038415227,20,,false
hard_200,6a253f91eb2848fe727c461d9cc874eba3842316a3522c9cbd3feb00bdd6f090,0.11601816,41,,false
hard_200,35f817a23d9abae06522d71b3c1e524934ffc59bb959e0c4dad0399fccca903a,0,0,,true
hard_200,35f817a23d9abae06522d71b3c1e524934ffc59bb959e0c4dad0399fccca903a,0,0,,true
hard_200,35f817a23d9abae06522d71b3c1e524934ffc59bb959e0c4dad0399fccca903a,0,0,,true
hard_200,35f817a23d9abae06522d71b3c1e524934ffc59bb959e0c4dad0399fccca903a,0.009002657,7,,true
hard_200,35f817a23d9abae06522d71b3c1e524934ffc59bb959e0c4dad0399fccca903a,0.0021588972,1,,true
hard_200,35f817a23d9abae06522d71b3c1e524934ffc59bb959e0c4dad0399fccca903a,0,0,,true
hard_200,35f817a23d9abae06522d71b3c1e524934ffc59bb959e0c4dad0399fccca903a,0.0056074318,4,,true
hard_200,35f817a23d9abae06522d71b3c1e524934ffc59bb959e0c4dad0399fccca903a,0.021794926,19,,true
hard_200,35f817a23d9abae06522d71b3c1e524934ffc59bb959e0c4dad0399fccca903a,0,0,,true
hard_200,35f817a23d9abae06522d71b3c1e524934ffc59bb959e0c4dad0399fccca903a,0.0009742177,1,,true
hard_200,35f817a23d9abae06522d71b3c1e524934ffc59bb959e0c4dad0399fccca903a,0.0041396706,2,,true
hard_200,35f817a23d9abae06522d71b3c1e524934ffc59bb959e0c4dad0399fccca903a,0.04342289,23,,true
hard_200,35f817a23d9abae06522d71b3c1e524934ffc59bb959e0c4dad0399fccca903a,0,0,,true
hard_200,35f817a23d9abae06522d71b3c1e524934ffc59bb959e0c4dad0399fccca903a,0.0017399301,3,,true
hard_200,35f817a23d9abae06522d71b3c1e524934ffc59bb959e0c4dad0399fccca903a,0.0407041,17,,true
hard_200,35f817a23d9abae06522d71b3c1e524934ffc59bb959e0c4dad0399fccca903a,0.020269562,9,,true
hard_200,35f817a23d9abae06522d71b3c1e524934ffc59bb959e0c4dad0399fccca903a,0.019756569,11,,true
hard_200,35f817a23d9abae06522d71b3c1e524934ffc59bb959e0c4dad0399fccca903a,0.00036824154,2,,false
hard_200,35f817a23d9abae06522d71b3c1e524934ffc59bb959e0c4dad0399fccca903a,0.015481953,12,,true
hard_200,35f817a23d9abae06522d71b3c1e524934ffc59bb959e0c4dad0399fccca903a,0.0057222354,9,,true
hard_200,35f817a23d9abae06522d71b3c1e524934ffc59bb959e0c4dad0399fccca903a,0.009029853,6,,true
hard_200,35f817a23d9abae06522d71b3c1e524934ffc59bb959e0c4dad0399fccca903a,0.017367724,9,,false
hard_200,35f817a23d9abae06522d71b3c1e524934ffc59bb959e0c4dad0399fccca903a,0.008965091,19,,true
hard_200,35f817a23d9abae06522d71b3c1e524934ffc59bb959e0c4dad0399fccca903a,0,0,,true
hard_200,35f817a23d9abae06522d71b3c1e524934ffc59bb959e0c4dad0399fccca903a,0.052671406,9,,true
hard_200,35f817a23d9abae06522d71b3c1e524934ffc59bb959e0c4dad0399fccca903a,0.03346059,13,,true
hard_200,35f817a23d9abae06522d71b3c1e524934ffc59bb959e0c4dad0399fccca903a,0.016713869,12,,true
hard_200,35f817a23d9abae06522d71b3c1e524934ffc59bb959e0c4dad0399fccca903a,0.0018902904,3,,true
hard_200,35f817a23d9abae06522d71b3c1e524934ffc59bb959e0c4dad0399fccca903a,0.02801121,16,,true
hard_200,35f817a23d9abae06522d71b3c1e524934ffc59bb959e0c4dad0399fccca903a,0.027043093,13,,true
hard_200,35f817a23d9abae06522d71b3c1e524934ffc59bb959e0c4dad0399fccca903a,0.032299265,19,,true
hard_200,35f817a23d9abae06522d71b3c1e524934ffc59bb959e0c4dad0399fccca903a,0.15023106,39,,false
hard_200,35f817a23d9abae06522d71b3c1e524934ffc59bb959e0c4dad0399fccca903a,0.035016827,20,,true
hard_200,35f817a23d9abae06522d71b3c1e524934ffc59bb959e0c4dad0399fccca903a,0.01543475,18,,true
hard_200,35f817a23d9abae06522d71b3c1e524934ffc59bb959e0c4dad0399fccca903a,0.2465906,57,,false
hard_200,35f817a23d9abae06522d71b3c1e524934ffc59bb959e0c4dad0399fccca903a,0.0072909687,7,,true
hard_200,5fe29d0860b4debfc5612f073786de4b0b59d9377ec03f951b42bb3a06b6c676,0,0,,false
hard_200,5fe29d0860b4debfc5612f073786de4b0b59d9377ec03f951b42bb3a06b6c676,0,0,,false
hard_200,5fe29d0860b4debfc5612f073786de4b0b59d9377ec03f951b42bb3a06b6c676,0,0,,false
hard_200,5fe29d0860b4debfc5612f073786de4b0b59d9377ec03f951b42bb3a06b6c676,0,0,,false
hard_200,5fe29d0860b4debfc5612f073786de4b0b59d9377ec03f951b42bb3a06b6c676,0.021301027,6,,false
hard_200,5fe29d0860b4debfc5612f073786de4b0b59d9377ec03f951b42bb3a06b6c676,0.0010253222,3,,false
hard_200,5fe29d0860b4debfc5612f073786de4b0b59d9377ec03f951b42bb3a06b6c676,0.03279012,14,,false
hard_200,5fe29d0860b4debfc5612f073786de4b0b59d9377ec03f951b42bb3a06b6c676,0.019130602,14,,false
hard_200,5fe29d0860b4debfc5612f073786de4b0b59d9377ec03f951b42bb3a06b6c676,0.038162265,10,,false
hard_200,5fe29d0860b4debfc5612f073786de4b0b59d9377ec03f951b42bb3a06b6c676,0,0,,false
hard_200,5fe29d0860b4debfc5612f073786de4b0b59d9377ec03f951b42bb3a06b6c676,0.06507717,12,,false
hard_200,5fe29d0860b4debfc5612f073786de4b0b59d9377ec03f951b42bb3a06b6c676,0,0,,false
hard_200,5fe29d0860b4debfc5612f073786de4b0b59d9377ec03f951b42bb3a06b6c676,0.008698505,7,,false
hard_200,5fe29d0860b4debfc5612f073786de4b0b59d9377ec03f951b42bb3a06b6c676,0.0140135465,6,,false
hard_200,5fe29d0860b4debfc5612f073786de4b0b59d9377ec03f951b42bb3a06b6c676,0.009579183,7,,false
hard_200,5fe29d0860b4debfc5612f073786de4b0b59d9377ec03f951b42bb3a06b6c676,0.025487507,10,,false
hard_200,5fe29d0860b4debfc5612f073786de4b0b59d9377ec03f951b42bb3a06b6c676,0.0035685285,5,,false
hard_200,5fe29d0860b4debfc5612f073786de4b0b59d9377ec03f951b42bb3a06b6c676,0.000040590658,1,,false
hard_200,5fe29d0860b4debfc5612f073786de4b0b59d9377ec03f951b42bb3a06b6c676,0.019364001,15,,false
hard_200,5fe29d0860b4debfc5612f073786de4b0b59d9377ec03f951b42bb3a06b6c676,0.025470436,15,,false
hard_200,5fe29d0860b4debfc5612f073786de4b0b59d9377ec03f951b42bb3a06b6c676,0.0061826645,4,,false
hard_200,5fe29d0860b4debfc5612f073786de4b0b59d9377ec03f951b42bb3a06b6c676,0.009605531,6,,false
hard_200,5fe29d0860b4debfc5612f073786de4b0b59d9377ec03f951b42bb3a06b6c676,0.013595249,8,,false
hard_200,5fe29d0860b4debfc5612f073786de4b0b59d9377ec03f951b42bb3a06b6c676,0.018761337,10,,false
hard_200,5fe29d0860b4debfc5612f073786de4b0b59d9377ec03f951b42bb3a06b6c676,0.034111943,15,,false
hard_200,5fe29d0860b4debfc5612f073786de4b0b59d9377ec03f951b42bb3a06b6c676,0.024259128,16,,false
hard_200,5fe29d0860b4debfc5612f073786de4b0b59d9377ec03f951b42bb3a06b6c676,0.0050993483,2,,false
hard_200,5fe29d0860b4debfc5612f073786de4b0b59d9377ec03f951b42bb3a06b6c676,0.044092502,17,,false
hard_200,5fe29d0860b4debfc5612f073786de4b0b59d9377ec03f951b42bb3a06b6c676,0.01339937,5,,false
hard_200,5fe29d0860b4debfc5612f073786de4b0b59d9377ec03f951b42bb3a06b6c676,0.033507776,16,,false
hard_200,5fe29d0860b4debfc5612f073786de4b0b59d9377ec03f951b42bb3a06b6c676,0.051492486,25,,false
hard_200,5fe29d0860b4debfc5612f073786de4b0b59d9377ec03f951b42bb3a06b6c676,0.027345052,15,,false
hard_200,5fe29d0860b4debfc5612f073786de4b0b59d9377ec03f951b42bb3a06b6c676,0.024383955,23,,false
hard_200,831054adaa090be2c580e5ba5a10ede7931f5f95f016eb47e690de3c1863cbdb,0,0,,true
hard_200,831054adaa090be2c580e5ba5a10ede7931f5f95f016eb47e690de3c1863cbdb,0,0,,true
hard_200,831054adaa090be2c580e5ba5a10ede7931f5f95f016eb47e690de3c1863cbdb,0.008413229,7,,true
hard_200,831054adaa090be2c580e5ba5a10ede7931f5f95f016eb47e690de3c1863cbdb,0,0,,true
hard_200,831054adaa090be2c580e5ba5a10ede7931f5f95f016eb47e690de3c1863cbdb,0.0013562017,2,,true
hard_200,831054adaa090be2c580e5ba5a10ede7931f5f95f016eb47e690de3c1863cbdb,0,0,,true
hard_200,831054adaa090be2c580e5ba5a10ede7931f5f95f016eb47e690de3c1863cbdb,0,0,,true
hard_200,831054adaa090be2c580e5ba5a10ede7931f5f95f016eb47e690de3c1863cbdb,0,0,,true
hard_200,831054adaa090be2c580e5ba5a10ede7931f5f95f016eb47e690de3c1863cbdb,0.0012736607,2,,true
hard_200,831054adaa090be2c580e5ba5a10ede7931f5f95f016eb47e690de3c1863cbdb,0,0,,true
hard_200,831054adaa090be2c580e5ba5a10ede7931f5f95f016eb47e690de3c1863cbdb,0.0155050745,7,,true
hard_200,831054adaa090be2c580e5ba5a10ede7931f5f95f016eb47e690de3c1863cbdb,0.07343559,37,,true
hard_200,831054adaa090be2c580e5ba5a10ede7931f5f95f016eb47e690de3c1863cbdb,0.00034319406,1,,true
hard_200,831054adaa090be2c580e5ba5a10ede7931f5f95f016eb47e690de3c1863cbdb,0.0002251994,2,,true
hard_200,831054adaa090be2c580e5ba5a10ede7931f5f95f016eb47e690de3c1863cbdb,0.00014926298,2,,true
hard_200,831054adaa090be2c580e5ba5a10ede7931f5f95f016eb47e690de3c1863cbdb,0.0008789218,2,,true
hard_200,831054adaa090be2c580e5ba5a10ede7931f5f95f016eb47e690de3c1863cbdb,0,0,,true
hard_200,831054adaa090be2c580e5ba5a10ede7931f5f95f016eb47e690de3c1863cbdb,0.026832392,9,,true
hard_200,831054adaa090be2c580e5ba5a10ede7931f5f95f016eb47e690de3c1863cbdb,0.027028095,21,,true
hard_200,831054adaa090be2c580e5ba5a10ede7931f5f95f016eb47e690de3c1863cbdb,0.0022057157,6,,true
hard_200,831054adaa090be2c580e5ba5a10ede7931f5f95f016eb47e690de3c1863cbdb,0.018095598,6,,false
hard_200,831054adaa090be2c580e5ba5a10ede7931f5f95f016eb47e690de3c1863cbdb,0.0048915776,2,,true
hard_200,831054adaa090be2c580e5ba5a10ede7931f5f95f016eb47e690de3c1863cbdb,0.00004308935,1,,true
hard_200,831054adaa090be2c580e5ba5a10ede7931f5f95f016eb47e690de3c1863cbdb,0.049903933,19,,true
hard_200,831054adaa090be2c580e5ba5a10ede7931f5f95f016eb47e690de3c1863cbdb,0.015655328,14,,true
hard_200,831054adaa090be2c580e5ba5a10ede7931f5f95f016eb47e690de3c1863cbdb,0.0031634718,6,,true
hard_200,831054adaa090be2c580e5ba5a10ede7931f5f95f016eb47e690de3c1863cbdb,0.012036118,11,,true
hard_200,831054adaa090be2c580e5ba5a10ede7931f5f95f016eb47e690de3c1863cbdb,0.015413179,14,,true
hard_200,831054adaa090be2c580e5ba5a10ede7931f5f95f016eb47e690de3c1863cbdb,0.044646297,15,,false
hard_200,831054adaa090be2c580e5ba5a10ede7931f5f95f016eb47e690de3c1863cbdb,0.0404091,12,,true
hard_200,831054adaa090be2c580e5ba5a10ede7931f5f95f016eb47e690de3c1863cbdb,0.04465892,17,,false
hard_200,831054adaa090be2c580e5ba5a10ede7931f5f95f016eb47e690de3c1863cbdb,0.04865576,21,,true
hard_200,831054adaa090be2c580e5ba5a10ede7931f5f95f016eb47e690de3c1863cbdb,0.05178078,24,,true
hard_200,831054adaa090be2c580e5ba5a10ede7931f5f95f016eb47e690de3c1863cbdb,0.04416773,17,,true
hard_200,bfe09929123fb73d3352d7abdfad5efdf96a1aef2ce346f08aae3fdbf6d2a9eb,0,0,,true
hard_200,bfe09929123fb73d3352d7abdfad5efdf96a1aef2ce346f08aae3fdbf6d2a9eb,0,0,,true
hard_200,bfe09929123fb73d3352d7abdfad5efdf96a1aef2ce346f08aae3fdbf6d2a9eb,0,0,,true
hard_200,bfe09929123fb73d3352d7abdfad5efdf96a1aef2ce346f08aae3fdbf6d2a9eb,0,0,,true
hard_200,bfe09929123fb73d3352d7abdfad5efdf96a1aef2ce346f08aae3fdbf6d2a9eb,0.0009819523,4,,true
hard_200,bfe09929123fb73d3352d7abdfad5efdf96a1aef2ce346f08aae3fdbf6d2a9eb,0,0,,true
hard_200,bfe09929123fb73d3352d7abdfad5efdf96a1aef2ce346f08aae3fdbf6d2a9eb,0,0,,true
hard_200,bfe09929123fb73d3352d7abdfad5efdf96a1aef2ce346f08aae3fdbf6d2a9eb,0.0021955958,5,,true
hard_200,bfe09929123fb73d3352d7abdfad5efdf96a1aef2ce346f08aae3fdbf6d2a9eb,0,0,,true
hard_200,bfe09929123fb73d3352d7abdfad5efdf96a1aef2ce346f08aae3fdbf6d2a9eb,0,0,,true
hard_200,bfe09929123fb73d3352d7abdfad5efdf96a1aef2ce346f08aae3fdbf6d2a9eb,0.00017732051,1,,true
hard_200,bfe09929123fb73d3352d7abdfad5efdf96a1aef2ce346f08aae3fdbf6d2a9eb,0,0,,true
hard_200,bfe09929123fb73d3352d7abdfad5efdf96a1aef2ce346f08aae3fdbf6d2a9eb,0.0026309,3,,true
hard_200,bfe09929123fb73d3352d7abdfad5efdf96a1aef2ce346f08aae3fdbf6d2a9eb,0.017290948,10,,true
hard_200,bfe09929123fb73d3352d7abdfad5efdf96a1aef2ce346f08aae3fdbf6d2a9eb,0.010397184,4,,true
hard_200,bfe09929123fb73d3352d7abdfad5efdf96a1aef2ce346f08aae3fdbf6d2a9eb,0.001086597,3,,true
hard_200,bfe09929123fb73d3352d7abdfad5efdf96a1aef2ce346f08aae3fdbf6d2a9eb,0.0563055,21,,true
hard_200,bfe09929123fb73d3352d7abdfad5efdf96a1aef2ce346f08aae3fdbf6d2a9eb,0.02273702,7,,true
hard_200,bfe09929123fb73d3352d7abdfad5efdf96a1aef2ce346f08aae3fdbf6d2a9eb,0.012401676,7,,true
hard_200,bfe09929123fb73d3352d7abdfad5efdf96a1aef2ce346f08aae3fdbf6d2a9eb,0.03293828,18,,true
hard_200,bfe09929123fb73d3352d7abdfad5efdf96a1aef2ce346f08aae3fdbf6d2a9eb,0.019266427,13,,false
hard_200,bfe09929123fb73d3352d7abdfad5efdf96a1aef2ce346f08aae3fdbf6d2a9eb,0.013987544,6,,false
hard_200,bfe09929123fb73d3352d7abdfad5efdf96a1aef2ce346f08aae3fdbf6d2a9eb,0.021633236,13,,true
hard_200,bfe09929123fb73d3352d7abdfad5efdf96a1aef2ce346f08aae3fdbf6d2a9eb,0.017817987,12,,true
hard_200,bfe09929123fb73d3352d7abdfad5efdf96a1aef2ce346f08aae3fdbf6d2a9eb,0.05472496,19,,false
hard_200,bfe09929123fb73d3352d7abdfad5efdf96a1aef2ce346f08aae3fdbf6d2a9eb,0.014392693,9,,true
hard_200,bfe09929123fb73d3352d7abdfad5efdf96a1aef2ce346f08aae3fdbf6d2a9eb,0.026756909,8,,true
hard_200,bfe09929123fb73d3352d7abdfad5efdf96a1aef2ce346f08aae3fdbf6d2a9eb,0.19738558,47,,false
hard_200,bfe09929123fb73d3352d7abdfad5efdf96a1aef2ce346f08aae3fdbf6d2a9eb,0.1541856,42,,false
hard_200,bfe09929123fb73d3352d7abdfad5efdf96a1aef2ce346f08aae3fdbf6d2a9eb,0.0393907,20,,true
hard_200,bfe09929123fb73d3352d7abdfad5efdf96a1aef2ce346f08aae3fdbf6d2a9eb,0.019205132,12,,false
hard_200,bfe09929123fb73d3352d7abdfad5efdf96a1aef2ce346f08aae3fdbf6d2a9eb,0.04688182,25,,true
hard_200,bfe09929123fb73d3352d7abdfad5efdf96a1aef2ce346f08aae3fdbf6d2a9eb,0.04968154,13,,true
hard_200,bfe09929123fb73d3352d7abdfad5efdf96a1aef2ce346f08aae3fdbf6d2a9eb,0.13366242,43,,false
hard_200,9d27106a88d3fa91cef6088649e70efcfe82f5b85def5488fcb30054028d4a98,0,0,,true
hard_200,9d27106a88d3fa91cef6088649e70efcfe82f5b85def5488fcb30054028d4a98,0,0,,true
hard_200,9d27106a88d3fa91cef6088649e70efcfe82f5b85def5488fcb30054028d4a98,0,0,,true
hard_200,9d27106a88d3fa91cef6088649e70efcfe82f5b85def5488fcb30054028d4a98,0,0,,true
hard_200,9d27106a88d3fa91cef6088649e70efcfe82f5b85def5488fcb30054028d4a98,0.062216226,22,,true
hard_200,9d27106a88d3fa91cef6088649e70efcfe82f5b85def5488fcb30054028d4a98,0.008015231,8,,true
hard_200,9d27106a88d3fa91cef6088649e70efcfe82f5b85def5488fcb30054028d4a98,0.011169094,12,,true
hard_200,9d27106a88d3fa91cef6088649e70efcfe82f5b85def5488fcb30054028d4a98,0,0,,false
hard_200,9d27106a88d3fa91cef6088649e70efcfe82f5b85def5488fcb30054028d4a98,0,0,,true
hard_200,9d27106a88d3fa91cef6088649e70efcfe82f5b85def5488fcb30054028d4a98,0,0,,true
hard_200,9d27106a88d3fa91cef6088649e70efcfe82f5b85def5488fcb30054028d4a98,0.02185885,12,,true
hard_200,9d27106a88d3fa91cef6088649e70efcfe82f5b85def5488fcb30054028d4a98,0,0,,true
hard_200,9d27106a88d3fa91cef6088649e70efcfe82f5b85def5488fcb30054028d4a98,0,0,,true
hard_200,9d27106a88d3fa91cef6088649e70efcfe82f5b85def5488fcb30054028d4a98,0,0,,true
hard_200,9d27106a88d3fa91cef6088649e70efcfe82f5b85def5488fcb30054028d4a98,0.00038514985,1,,true
hard_200,9d27106a88d3fa91cef6088649e70efcfe82f5b85def5488fcb30054028d4a98,0.035000134,26,,true
hard_200,9d27106a88d3fa91cef6088649e70efcfe82f5b85def5488fcb30054028d4a98,0,0,,true
hard_200,9d27106a88d3fa91cef6088649e70efcfe82f5b85def5488fcb30054028d4a98,0,0,,true
hard_200,9d27106a88d3fa91cef6088649e70efcfe82f5b85def5488fcb30054028d4a98,0.00080285827,2,,true
hard_200,9d27106a88d3fa91cef6088649e70efcfe82f5b85def5488fcb30054028d4a98,0,0,,true
hard_200,9d27106a88d3fa91cef6088649e70efcfe82f5b85def5488fcb30054028d4a98,0.049620498,22,,true
hard_200,9d27106a88d3fa91cef6088649e70efcfe82f5b85def5488fcb30054028d4a98,0.00022081337,1,,true
hard_200,9d27106a88d3fa91cef6088649e70efcfe82f5b85def5488fcb30054028d4a98,0.22831757,54,,false
hard_200,9d27106a88d3fa91cef6088649e70efcfe82f5b85def5488fcb30054028d4a98,0.024478327,11,,true
hard_200,9d27106a88d3fa91cef6088649e70efcfe82f5b85def5488fcb30054028d4a98,0.05504575,21,,true
hard_200,9d27106a88d3fa91cef6088649e70efcfe82f5b85def5488fcb30054028d4a98,0.01950868,10,,true
hard_200,9d27106a88d3fa91cef6088649e70efcfe82f5b85def5488fcb30054028d4a98,0.028692864,15,,true
hard_200,9d27106a88d3fa91cef6088649e70efcfe82f5b85def5488fcb30054028d4a98,0.048083063,19,,true
hard_200,9d27106a88d3fa91cef6088649e70efcfe82f5b85def5488fcb30054028d4a98,0.0050542615,3,,false
hard_200,9d27106a88d3fa91cef6088649e70efcfe82f5b85def5488fcb30054028d4a98,0.041787375,19,,true
hard_200,9d27106a88d3fa91cef6088649e70efcfe82f5b85def5488fcb30054028d4a98,0.043430228,18,,true
hard_200,9d27106a88d3fa91cef6088649e70efcfe82f5b85def5488fcb30054028d4a98,0.053581323,21,,true
hard_200,9d27106a88d3fa91cef6088649e70efcfe82f5b85def5488fcb30054028d4a98,0.07606039,18,,true
hard_200,9d27106a88d3fa91cef6088649e70efcfe82f5b85def5488fcb30054028d4a98,0.018732341,10,,true
hard_200,9d27106a88d3fa91cef6088649e70efcfe82f5b85def5488fcb30054028d4a98,0.22613943,50,,false
hard_200,7586017ab909389026a8b367abb1ecf2e79347556904ffe7f41f72c39a6bcbd2,0,0,,true
hard_200,7586017ab909389026a8b367abb1ecf2e79347556904ffe7f41f72c39a6bcbd2,0,0,,true
hard_200,7586017ab909389026a8b367abb1ecf2e79347556904ffe7f41f72c39a6bcbd2,0,0,,true
hard_200,7586017ab909389026a8b367abb1ecf2e79347556904ffe7f41f72c39a6bcbd2,0,0,,true
hard_200,7586017ab909389026a8b367abb1ecf2e79347556904ffe7f41f72c39a6bcbd2,0,0,,true
hard_200,7586017ab909389026a8b367abb1ecf2e79347556904ffe7f41f72c39a6bcbd2,0.0029065951,5,,true
hard_200,7586017ab909389026a8b367abb1ecf2e79347556904ffe7f41f72c39a6bcbd2,0,0,,true
hard_200,7586017ab909389026a8b367abb1ecf2e79347556904ffe7f41f72c39a6bcbd2,0,0,,true
hard_200,7586017ab909389026a8b367abb1ecf2e79347556904ffe7f41f72c39a6bcbd2,0.026613241,8,,true
hard_200,7586017ab909389026a8b367abb1ecf2e79347556904ffe7f41f72c39a6bcbd2,0,0,,true
hard_200,7586017ab909389026a8b367abb1ecf2e79347556904ffe7f41f72c39a6bcbd2,0.0066183843,7,,true
hard_200,7586017ab909389026a8b367abb1ecf2e79347556904ffe7f41f72c39a6bcbd2,0.023901891,18,,true
hard_200,7586017ab909389026a8b367abb1ecf2e79347556904ffe7f41f72c39a6bcbd2,0.00729542,10,,true
hard_200,7586017ab909389026a8b367abb1ecf2e79347556904ffe7f41f72c39a6bcbd2,0.010031977,2,,true
hard_200,7586017ab909389026a8b367abb1ecf2e79347556904ffe7f41f72c39a6bcbd2,0.02427692,8,,false
hard_200,7586017ab909389026a8b367abb1ecf2e79347556904ffe7f41f72c39a6bcbd2,0.027482977,14,,true
hard_200,7586017ab909389026a8b367abb1ecf2e79347556904ffe7f41f72c39a6bcbd2,0.025690429,11,,true
hard_200,7586017ab909389026a8b367abb1ecf2e79347556904ffe7f41f72c39a6bcbd2,0.0053006187,6,,true
hard_200,7586017ab909389026a8b367abb1ecf2e79347556904ffe7f41f72c39a6bcbd2,0.05088773,17,,true
hard_200,7586017ab909389026a8b367abb1ecf2e79347556904ffe7f41f72c39a6bcbd2,0.0078084725,5,,true
hard_200,7586017ab909389026a8b367abb1ecf2e79347556904ffe7f41f72c39a6bcbd2,0.013785911,10,,false
hard_200,7586017ab909389026a8b367abb1ecf2e79347556904ffe7f41f72c39a6bcbd2,0.044518847,14,,true
hard_200,7586017ab909389026a8b367abb1ecf2e79347556904ffe7f41f72c39a6bcbd2,0.044898804,19,,true
hard_200,7586017ab909389026a8b367abb1ecf2e79347556904ffe7f41f72c39a6bcbd2,0.038349364,15,,true
hard_200,7586017ab909389026a8b367abb1ecf2e79347556904ffe7f41f72c39a6bcbd2,0.012408314,12,,true
hard_200,7586017ab909389026a8b367abb1ecf2e79347556904ffe7f41f72c39a6bcbd2,0.01390845,10,,true
hard_200,7586017ab909389026a8b367abb1ecf2e79347556904ffe7f41f72c39a6bcbd2,0.044370078,19,,false
hard_200,7586017ab909389026a8b367abb1ecf2e79347556904ffe7f41f72c39a6bcbd2,0.015416879,3,,true
hard_200,7586017ab909389026a8b367abb1ecf2e79347556904ffe7f41f72c39a6bcbd2,0.02474721,14,,true
hard_200,7586017ab909389026a8b367abb1ecf2e79347556904ffe7f41f72c39a6bcbd2,0.047557257,18,,false
hard_200,7586017ab909389026a8b367abb1ecf2e79347556904ffe7f41f72c39a6bcbd2,0.062773146,21,,true
hard_200,7586017ab909389026a8b367abb1ecf2e79347556904ffe7f41f72c39a6bcbd2,0.037443914,21,,true
hard_200,8dd6e473a6626c614cc584fd0f69b1a6128945df8bc5293692d154086f9bb1e1,0,0,,false
hard_200,8dd6e473a6626c614cc584fd0f69b1a6128945df8bc5293692d154086f9bb1e1,0,0,,false
hard_200,8dd6e473a6626c614cc584fd0f69b1a6128945df8bc5293692d154086f9bb1e1,0,0,,false
hard_200,8dd6e473a6626c614cc584fd0f69b1a6128945df8bc5293692d154086f9bb1e1,0,0,,false
hard_200,8dd6e473a6626c614cc584fd0f69b1a6128945df8bc5293692d154086f9bb1e1,0,0,,false
hard_200,8dd6e473a6626c614cc584fd0f69b1a6128945df8bc5293692d154086f9bb1e1,0,0,,false
hard_200,8dd6e473a6626c614cc584fd0f69b1a6128945df8bc5293692d154086f9bb1e1,0,0,,false
hard_200,8dd6e473a6626c614cc584fd0f69b1a6128945df8bc5293692d154086f9bb1e1,0.01212929,4,,false
hard_200,8dd6e473a6626c614cc584fd0f69b1a6128945df8bc5293692d154086f9bb1e1,0,0,,false
hard_200,8dd6e473a6626c614cc584fd0f69b1a6128945df8bc5293692d154086f9bb1e1,0,0,,false
hard_200,8dd6e473a6626c614cc584fd0f69b1a6128945df8bc5293692d154086f9bb1e1,0.009096831,9,,false
hard_200,8dd6e473a6626c614cc584fd0f69b1a6128945df8bc5293692d154086f9bb1e1,0,0,,false
hard_200,8dd6e473a6626c614cc584fd0f69b1a6128945df8bc5293692d154086f9bb1e1,0.021222752,10,,false
hard_200,8dd6e473a6626c614cc584fd0f69b1a6128945df8bc5293692d154086f9bb1e1,0.00084266555,2,,false
hard_200,8dd6e473a6626c614cc584fd0f69b1a6128945df8bc5293692d154086f9bb1e1,0,0,,false
hard_200,8dd6e473a6626c614cc584fd0f69b1a6128945df8bc5293692d154086f9bb1e1,0.007947116,8,,false
hard_200,8dd6e473a6626c614cc584fd0f69b1a6128945df8bc5293692d154086f9bb1e1,0.0039257775,5,,false
hard_200,8dd6e473a6626c614cc584fd0f69b1a6128945df8bc5293692d154086f9bb1e1,0.02176872,18,,false
hard_200,8dd6e473a6626c614cc584fd0f69b1a6128945df8bc5293692d154086f9bb1e1,0.000453773,1,,false
hard_200,8dd6e473a6626c614cc584fd0f69b1a6128945df8bc5293692d154086f9bb1e1,0.17159297,48,,false
hard_200,8dd6e473a6626c614cc584fd0f69b1a6128945df8bc5293692d154086f9bb1e1,0.0027140407,4,,false
hard_200,8dd6e473a6626c614cc584fd0f69b1a6128945df8bc5293692d154086f9bb1e1,0.027099118,17,,false
hard_200,8dd6e473a6626c614cc584fd0f69b1a6128945df8bc5293692d154086f9bb1e1,0.00045892794,2,,false
hard_200,8dd6e473a6626c614cc584fd0f69b1a6128945df8bc5293692d154086f9bb1e1,0.03593486,20,,false
hard_200,8dd6e473a6626c614cc584fd0f69b1a6128945df8bc5293692d154086f9bb1e1,0.031022225,14,,false
hard_200,8dd6e473a6626c614cc584fd0f69b1a6128945df8bc5293692d154086f9bb1e1,0.0034239613,3,,false
hard_200,8dd6e473a6626c614cc584fd0f69b1a6128945df8bc5293692d154086f9bb1e1,0.17318301,43,,false
hard_200,8dd6e473a6626c614cc584fd0f69b1a6128945df8bc5293692d154086f9bb1e1,0.018452624,14,,false
hard_200,8dd6e473a6626c614cc584fd0f69b1a6128945df8bc5293692d154086f9bb1e1,0.04807104,24,,false
hard_200,8dd6e473a6626c614cc584fd0f69b1a6128945df8bc5293692d154086f9bb1e1,0.02923338,21,,false
hard_200,8dd6e473a6626c614cc584fd0f69b1a6128945df8bc5293692d154086f9bb1e1,0.02694879,14,,false
hard_200,8dd6e473a6626c614cc584fd0f69b1a6128945df8bc5293692d154086f9bb1e1,0.04803435,25,,false
hard_200,8dd6e473a6626c614cc584fd0f69b1a6128945df8bc5293692d154086f9bb1e1,0.05063233,24,,false
hard_200,8dd6e473a6626c614cc584fd0f69b1a6128945df8bc5293692d154086f9bb1e1,0.022077458,19,,false
hard_200,e3d5db571ebb89d8cde71a8f791a1497fa7d45f90e9d0d8c6717ce03502f7fe5,0,0,,false
hard_200,e3d5db571ebb89d8cde71a8f791a1497fa7d45f90e9d0d8c6717ce03502f7fe5,0,0,,false
hard_200,e3d5db571ebb89d8cde71a8f791a1497fa7d45f90e9d0d8c6717ce03502f7fe5,0,0,,false
hard_200,e3d5db571ebb89d8cde71a8f791a1497fa7d45f90e9d0d8c6717ce03502f7fe5,0,0,,false
hard_200,e3d5db571ebb89d8cde71a8f791a1497fa7d45f90e9d0d8c6717ce03502f7fe5,0.0032583126,2,,false
hard_200,e3d5db571ebb89d8cde71a8f791a1497fa7d45f90e9d0d8c6717ce03502f7fe5,0.02651851,22,,false
hard_200,e3d5db571ebb89d8cde71a8f791a1497fa7d45f90e9d0d8c6717ce03502f7fe5,0,0,,false
hard_200,e3d5db571ebb89d8cde71a8f791a1497fa7d45f90e9d0d8c6717ce03502f7fe5,0.01263225,7,,false
hard_200,e3d5db571ebb89d8cde71a8f791a1497fa7d45f90e9d0d8c6717ce03502f7fe5,0,0,,false
hard_200,e3d5db571ebb89d8cde71a8f791a1497fa7d45f90e9d0d8c6717ce03502f7fe5,0,0,,false
hard_200,e3d5db571ebb89d8cde71a8f791a1497fa7d45f90e9d0d8c6717ce03502f7fe5,0.021083144,13,,false
hard_200,e3d5db571ebb89d8cde71a8f791a1497fa7d45f90e9d0d8c6717ce03502f7fe5,0.03574707,16,,false
hard_200,e3d5db571ebb89d8cde71a8f791a1497fa7d45f90e9d0d8c6717ce03502f7fe5,0,0,,false
hard_200,e3d5db571ebb89d8cde71a8f791a1497fa7d45f90e9d0d8c6717ce03502f7fe5,0.03287931,18,,false
hard_200,e3d5db571ebb89d8cde71a8f791a1497fa7d45f90e9d0d8c6717ce03502f7fe5,0.016286595,5,,false
hard_200,e3d5db571ebb89d8cde71a8f791a1497fa7d45f90e9d0d8c6717ce03502f7fe5,0.01428976,12,,false
hard_200,e3d5db571ebb89d8cde71a8f791a1497fa7d45f90e9d0d8c6717ce03502f7fe5,0.26129067,51,,false
hard_200,e3d5db571ebb89d8cde71a8f791a1497fa7d45f90e9d0d8c6717ce03502f7fe5,0.12694971,35,,false
hard_200,e3d5db571ebb89d8cde71a8f791a1497fa7d45f90e9d0d8c6717ce03502f7fe5,0.031344578,14,,false
hard_200,e3d5db571ebb89d8cde71a8f791a1497fa7d45f90e9d0d8c6717ce03502f7fe5,0.022786343,20,,false
hard_200,e3d5db571ebb89d8cde71a8f791a1497fa7d45f90e9d0d8c6717ce03502f7fe5,0.013244146,13,,false
hard_200,e3d5db571ebb89d8cde71a8f791a1497fa7d45f90e9d0d8c6717ce03502f7fe5,0.051130258,15,,false
hard_200,e3d5db571ebb89d8cde71a8f791a1497fa7d45f90e9d0d8c6717ce03502f7fe5,0.02937381,18,,false
hard_200,e3d5db571ebb89d8cde71a8f791a1497fa7d45f90e9d0d8c6717ce03502f7fe5,0.006006915,9,,false
hard_200,e3d5db571ebb89d8cde71a8f791a1497fa7d45f90e9d0d8c6717ce03502f7fe5,0.029969076,12,,false
hard_200,e3d5db571ebb89d8cde71a8f791a1497fa7d45f90e9d0d8c6717ce03502f7fe5,0.0052691116,3,,false
hard_200,e3d5db571ebb89d8cde71a8f791a1497fa7d45f90e9d0d8c6717ce03502f7fe5,0.027943362,13,,false
hard_200,e3d5db571ebb89d8cde71a8f791a1497fa7d45f90e9d0d8c6717ce03502f7fe5,0.024983775,14,,false
hard_200,e3d5db571ebb89d8cde71a8f791a1497fa7d45f90e9d0d8c6717ce03502f7fe5,0.03904152,13,,false
hard_200,e3d5db571ebb89d8cde71a8f791a1497fa7d45f90e9d0d8c6717ce03502f7fe5,0.037807163,15,,false
hard_200,e3d5db571ebb89d8cde71a8f791a1497fa7d45f90e9d0d8c6717ce03502f7fe5,0.12314314,43,,false
hard_200,e3d5db571ebb89d8cde71a8f791a1497fa7d45f90e9d0d8c6717ce03502f7fe5,0.038645674,17,,false
hard_200,e3d5db571ebb89d8cde71a8f791a1497fa7d45f90e9d0d8c6717ce03502f7fe5,0.05075326,17,,false
hard_200,e3d5db571ebb89d8cde71a8f791a1497fa7d45f90e9d0d8c6717ce03502f7fe5,0.04054171,28,,false
hard_200,e3d5db571ebb89d8cde71a8f791a1497fa7d45f90e9d0d8c6717ce03502f7fe5,0.07180084,21,,false
hard_200,d6989ac56ee3d56e694dc3ac9e60742000a5b02f2b2ed87f16bf4d1be360ac5a,0,0,,false
hard_200,d6989ac56ee3d56e694dc3ac9e60742000a5b02f2b2ed87f16bf4d1be360ac5a,0,0,,false
hard_200,d6989ac56ee3d56e694dc3ac9e60742000a5b02f2b2ed87f16bf4d1be360ac5a,0,0,,false
hard_200,d6989ac56ee3d56e694dc3ac9e60742000a5b02f2b2ed87f16bf4d1be360ac5a,0,0,,false
hard_200,d6989ac56ee3d56e694dc3ac9e60742000a5b02f2b2ed87f16bf4d1be360ac5a,0,0,,false
hard_200,d6989ac56ee3d56e694dc3ac9e60742000a5b02f2b2ed87f16bf4d1be360ac5a,0.0102740815,11,,false
hard_200,d6989ac56ee3d56e694dc3ac9e60742000a5b02f2b2ed87f16bf4d1be360ac5a,0,0,,false
hard_200,d6989ac56ee3d56e694dc3ac9e60742000a5b02f2b2ed87f16bf4d1be360ac5a,0.00029552405,2,,false
hard_200,d6989ac56ee3d56e694dc3ac9e60742000a5b02f2b2ed87f16bf4d1be360ac5a,0.010212053,6,,false
hard_200,d6989ac56ee3d56e694dc3ac9e60742000a5b02f2b2ed87f16bf4d1be360ac5a,0.048410084,17,,false
hard_200,d6989ac56ee3d56e694dc3ac9e60742000a5b02f2b2ed87f16bf4d1be360ac5a,0,0,,false
hard_200,d6989ac56ee3d56e694dc3ac9e60742000a5b02f2b2ed87f16bf4d1be360ac5a,0,0,,false
hard_200,d6989ac56ee3d56e694dc3ac9e60742000a5b02f2b2ed87f16bf4d1be360ac5a,0.0016901492,1,,false
hard_200,d6989ac56ee3d56e694dc3ac9e60742000a5b02f2b2ed87f16bf4d1be360ac5a,0.00030842423,1,,false
hard_200,d6989ac56ee3d56e694dc3ac9e60742000a5b02f2b2ed87f16bf4d1be360ac5a,0.00021788466,2,,false
hard_200,d6989ac56ee3d56e694dc3ac9e60742000a5b02f2b2ed87f16bf4d1be360ac5a,0,0,,false
hard_200,d6989ac56ee3d56e694dc3ac9e60742000a5b02f2b2ed87f16bf4d1be360ac5a,0.000961822,2,,false
hard_200,d6989ac56ee3d56e694dc3ac9e60742000a5b02f2b2ed87f16bf4d1be360ac5a,0.011133076,6,,false
hard_200,d6989ac56ee3d56e694dc3ac9e60742000a5b02f2b2ed87f16bf4d1be360ac5a,0.04980484,15,,false
hard_200,d6989ac56ee3d56e694dc3ac9e60742000a5b02f2b2ed87f16bf4d1be360ac5a,0.018729476,15,,false
hard_200,d6989ac56ee3d56e694dc3ac9e60742000a5b02f2b2ed87f16bf4d1be360ac5a,0.03003479,21,,false
hard_200,d6989ac56ee3d56e694dc3ac9e60742000a5b02f2b2ed87f16bf4d1be360ac5a,0.031678196,28,,false
hard_200,d6989ac56ee3d56e694dc3ac9e60742000a5b02f2b2ed87f16bf4d1be360ac5a,0.0488674,20,,false
hard_200,d6989ac56ee3d56e694dc3ac9e60742000a5b02f2b2ed87f16bf4d1be360ac5a,0.0070411377,11,,false
hard_200,d6989ac56ee3d56e694dc3ac9e60742000a5b02f2b2ed87f16bf4d1be360ac5a,0.03330338,17,,false
hard_200,d6989ac56ee3d56e694dc3ac9e60742000a5b02f2b2ed87f16bf4d1be360ac5a,0.009162409,22,,false
hard_200,d6989ac56ee3d56e694dc3ac9e60742000a5b02f2b2ed87f16bf4d1be360ac5a,0.064959295,18,,false
hard_200,d6989ac56ee3d56e694dc3ac9e60742000a5b02f2b2ed87f16bf4d1be360ac5a,0.045582153,14,,false
hard_200,d6989ac56ee3d56e694dc3ac9e60742000a5b02f2b2ed87f16bf4d1be360ac5a,0.04142722,16,,false
hard_200,d6989ac56ee3d56e694dc3ac9e60742000a5b02f2b2ed87f16bf4d1be360ac5a,0.033268295,13,,false
hard_200,d6989ac56ee3d56e694dc3ac9e60742000a5b02f2b2ed87f16bf4d1be360ac5a,0.007889115,6,,false
hard_200,8c0b8f1788ea36c7db81128cc0ff89fb060fe4e5d60a7b1ed28b3babf913475d,0,0,,false
hard_200,8c0b8f1788ea36c7db81128cc0ff89fb060fe4e5d60a7b1ed28b3babf913475d,0.008439517,4,,false
hard_200,8c0b8f1788ea36c7db81128cc0ff89fb060fe4e5d60a7b1ed28b3babf913475d,0,0,,false
hard_200,8c0b8f1788ea36c7db81128cc0ff89fb060fe4e5d60a7b1ed28b3babf913475d,0,0,,false
hard_200,8c0b8f1788ea36c7db81128cc0ff89fb060fe4e5d60a7b1ed28b3babf913475d,0,0,,false
hard_200,8c0b8f1788ea36c7db81128cc0ff89fb060fe4e5d60a7b1ed28b3babf913475d,0,0,,false
hard_200,8c0b8f1788ea36c7db81128cc0ff89fb060fe4e5d60a7b1ed28b3babf913475d,0.0026323854,5,,false
hard_200,8c0b8f1788ea36c7db81128cc0ff89fb060fe4e5d60a7b1ed28b3babf913475d,0.0016484127,3,,false
hard_200,8c0b8f1788ea36c7db81128cc0ff89fb060fe4e5d60a7b1ed28b3babf913475d,0.004102148,2,,false
hard_200,8c0b8f1788ea36c7db81128cc0ff89fb060fe4e5d60a7b1ed28b3babf913475d,0.044271816,18,,false
hard_200,8c0b8f1788ea36c7db81128cc0ff89fb060fe4e5d60a7b1ed28b3babf913475d,0.01059668,5,,false
hard_200,8c0b8f1788ea36c7db81128cc0ff89fb060fe4e5d60a7b1ed28b3babf913475d,0.0035443362,6,,false
hard_200,8c0b8f1788ea36c7db81128cc0ff89fb060fe4e5d60a7b1ed28b3babf913475d,0.010855043,9,,false
hard_200,8c0b8f1788ea36c7db81128cc0ff89fb060fe4e5d60a7b1ed28b3babf913475d,0.012427916,10,,false
hard_200,8c0b8f1788ea36c7db81128cc0ff89fb060fe4e5d60a7b1ed28b3babf913475d,0.047247194,22,,false
hard_200,8c0b8f1788ea36c7db81128cc0ff89fb060fe4e5d60a7b1ed28b3babf913475d,0.0029869445,2,,false
hard_200,8c0b8f1788ea36c7db81128cc0ff89fb060fe4e5d60a7b1ed28b3babf913475d,0.038641103,22,,false
hard_200,8c0b8f1788ea36c7db81128cc0ff89fb060fe4e5d60a7b1ed28b3babf913475d,0.15281236,44,,false
hard_200,8c0b8f1788ea36c7db81128cc0ff89fb060fe4e5d60a7b1ed28b3babf913475d,0.027996546,15,,false
hard_200,8c0b8f1788ea36c7db81128cc0ff89fb060fe4e5d60a7b1ed28b3babf913475d,0.031972762,14,,false
hard_200,8c0b8f1788ea36c7db81128cc0ff89fb060fe4e5d60a7b1ed28b3babf913475d,0.040114958,13,,false
hard_200,8c0b8f1788ea36c7db81128cc0ff89fb060fe4e5d60a7b1ed28b3babf913475d,0.045375492,20,,false
hard_200,8c0b8f1788ea36c7db81128cc0ff89fb060fe4e5d60a7b1ed28b3babf913475d,0.009089324,10,,false
hard_200,8c0b8f1788ea36c7db81128cc0ff89fb060fe4e5d60a7b1ed28b3babf913475d,0.04515697,16,,false
hard_200,8c0b8f1788ea36c7db81128cc0ff89fb060fe4e5d60a7b1ed28b3babf913475d,0.039570957,19,,false
hard_200,8c0b8f1788ea36c7db81128cc0ff89fb060fe4e5d60a7b1ed28b3babf913475d,0.043921333,21,,false
hard_200,8c0b8f1788ea36c7db81128cc0ff89fb060fe4e5d60a7b1ed28b3babf913475d,0.061116006,22,,false
hard_200,8c0b8f1788ea36c7db81128cc0ff89fb060fe4e5d60a7b1ed28b3babf913475d,0.0372327,19,,false
hard_200,8c0b8f1788ea36c7db81128cc0ff89fb060fe4e5d60a7b1ed28b3babf913475d,0.11444365,36,,false
hard_200,8c0b8f1788ea36c7db81128cc0ff89fb060fe4e5d60a7b1ed28b3babf913475d,0.06571964,24,,false
hard_200,8c0b8f1788ea36c7db81128cc0ff89fb060fe4e5d60a7b1ed28b3babf913475d,0.020428237,12,,false
hard_200,69bcbfe174603d5d74f6b352f6fc2758a50959571ec20a0518a41b4ec5ce1ed9,0,0,,false
hard_200,69bcbfe174603d5d74f6b352f6fc2758a50959571ec20a0518a41b4ec5ce1ed9,0,0,,false
hard_200,69bcbfe174603d5d74f6b352f6fc2758a50959571ec20a0518a41b4ec5ce1ed9,0.004940538,2,,false
hard_200,69bcbfe174603d5d74f6b352f6fc2758a50959571ec20a0518a41b4ec5ce1ed9,0,0,,false
hard_200,69bcbfe174603d5d74f6b352f6fc2758a50959571ec20a0518a41b4ec5ce1ed9,0.00047686102,1,,false
hard_200,69bcbfe174603d5d74f6b352f6fc2758a50959571ec20a0518a41b4ec5ce1ed9,0.0006835003,1,,false
hard_200,69bcbfe174603d5d74f6b352f6fc2758a50959571ec20a0518a41b4ec5ce1ed9,0,0,,false
hard_200,69bcbfe174603d5d74f6b352f6fc2758a50959571ec20a0518a41b4ec5ce1ed9,0.005369716,3,,false
hard_200,69bcbfe174603d5d74f6b352f6fc2758a50959571ec20a0518a41b4ec5ce1ed9,0.015595495,18,,false
hard_200,69bcbfe174603d5d74f6b352f6fc2758a50959571ec20a0518a41b4ec5ce1ed9,0,0,,false
hard_200,69bcbfe174603d5d74f6b352f6fc2758a50959571ec20a0518a41b4ec5ce1ed9,0,0,,false
hard_200,69bcbfe174603d5d74f6b352f6fc2758a50959571ec20a0518a41b4ec5ce1ed9,0,0,,false
hard_200,69bcbfe174603d5d74f6b352f6fc2758a50959571ec20a0518a41b4ec5ce1ed9,0,0,,false
hard_200,69bcbfe174603d5d74f6b352f6fc2758a50959571ec20a0518a41b4ec5ce1ed9,0,0,,false
hard_200,69bcbfe174603d5d74f6b352f6fc2758a50959571ec20a0518a41b4ec5ce1ed9,0,0,,false
hard_200,69bcbfe174603d5d74f6b352f6fc2758a50959571ec20a0518a41b4ec5ce1ed9,0.00003801104,1,,false
hard_200,69bcbfe174603d5d74f6b352f6fc2758a50959571ec20a0518a41b4ec5ce1ed9,0.00805413,6,,false
hard_200,69bcbfe174603d5d74f6b352f6fc2758a50959571ec20a0518a41b4ec5ce1ed9,0.0054590832,8,,false
hard_200,69bcbfe174603d5d74f6b352f6fc2758a50959571ec20a0518a41b4ec5ce1ed9,0.016713465,10,,false
hard_200,69bcbfe174603d5d74f6b352f6fc2758a50959571ec20a0518a41b4ec5ce1ed9,0.052792065,23,,false
hard_200,69bcbfe174603d5d74f6b352f6fc2758a50959571ec20a0518a41b4ec5ce1ed9,0.0016502741,4,,false
hard_200,69bcbfe174603d5d74f6b352f6fc2758a50959571ec20a0518a41b4ec5ce1ed9,0.0022958606,5,,false
hard_200,69bcbfe174603d5d74f6b352f6fc2758a50959571ec20a0518a41b4ec5ce1ed9,0.010744066,4,,false
hard_200,69bcbfe174603d5d74f6b352f6fc2758a50959571ec20a0518a41b4ec5ce1ed9,0.022551762,15,,false
hard_200,69bcbfe174603d5d74f6b352f6fc2758a50959571ec20a0518a41b4ec5ce1ed9,0.025325894,25,,false
hard_200,69bcbfe174603d5d74f6b352f6fc2758a50959571ec20a0518a41b4ec5ce1ed9,0.043379597,21,,false
hard_200,69bcbfe174603d5d74f6b352f6fc2758a50959571ec20a0518a41b4ec5ce1ed9,0.0034013765,3,,false
hard_200,69bcbfe174603d5d74f6b352f6fc2758a50959571ec20a0518a41b4ec5ce1ed9,0.03888227,21,,false
hard_200,69bcbfe174603d5d74f6b352f6fc2758a50959571ec20a0518a41b4ec5ce1ed9,0.13881847,37,,false
hard_200,69bcbfe174603d5d74f6b352f6fc2758a50959571ec20a0518a41b4ec5ce1ed9,0.039507203,20,,false
hard_200,69bcbfe174603d5d74f6b352f6fc2758a50959571ec20a0518a41b4ec5ce1ed9,0.0009524311,1,,false
hard_200,69bcbfe174603d5d74f6b352f6fc2758a50959571ec20a0518a41b4ec5ce1ed9,0.025790118,12,,false
hard_200,1ffaf5d9721938f5dab25263a240a9f368be17e78d4455318c087d7476d1bfd7,0,0,,false
hard_200,1ffaf5d9721938f5dab25263a240a9f368be17e78d4455318c087d7476d1bfd7,0,0,,false
hard_200,1ffaf5d9721938f5dab25263a240a9f368be17e78d4455318c087d7476d1bfd7,0,0,,false
hard_200,1ffaf5d9721938f5dab25263a240a9f368be17e78d4455318c087d7476d1bfd7,0,0,,false
hard_200,1ffaf5d9721938f5dab25263a240a9f368be17e78d4455318c087d7476d1bfd7,0,0,,false
hard_200,1ffaf5d9721938f5dab25263a240a9f368be17e78d4455318c087d7476d1bfd7,0.02662846,9,,false
hard_200,1ffaf5d9721938f5dab25263a240a9f368be17e78d4455318c087d7476d1bfd7,0,0,,false
hard_200,1ffaf5d9721938f5dab25263a240a9f368be17e78d4455318c087d7476d1bfd7,0,0,,false
hard_200,1ffaf5d9721938f5dab25263a240a9f368be17e78d4455318c087d7476d1bfd7,0,0,,false
hard_200,1ffaf5d9721938f5dab25263a240a9f368be17e78d4455318c087d7476d1bfd7,0,0,,false
hard_200,1ffaf5d9721938f5dab25263a240a9f368be17e78d4455318c087d7476d1bfd7,0,0,,false
hard_200,1ffaf5d9721938f5dab25263a240a9f368be17e78d4455318c087d7476d1bfd7,0,0,,false
hard_200,1ffaf5d9721938f5dab25263a240a9f368be17e78d4455318c087d7476d1bfd7,0.022153804,11,,false
hard_200,1ffaf5d9721938f5dab25263a240a9f368be17e78d4455318c087d7476d1bfd7,0.03689615,14,,false
hard_200,1ffaf5d9721938f5dab25263a240a9f368be17e78d4455318c087d7476d1bfd7,0,0,,false
hard_200,1ffaf5d9721938f5dab25263a240a9f368be17e78d4455318c087d7476d1bfd7,0.031008001,10,,false
hard_200,1ffaf5d9721938f5dab25263a240a9f368be17e78d4455318c087d7476d1bfd7,0.031086603,7,,false
hard_200,1ffaf5d9721938f5dab25263a240a9f368be17e78d4455318c087d7476d1bfd7,0.016889185,17,,false
hard_200,1ffaf5d9721938f5dab25263a240a9f368be17e78d4455318c087d7476d1bfd7,0.021996059,18,,false
hard_200,1ffaf5d9721938f5dab25263a240a9f368be17e78d4455318c087d7476d1bfd7,0.008589676,9,,false
hard_200,1ffaf5d9721938f5dab25263a240a9f368be17e78d4455318c087d7476d1bfd7,0,0,,false
hard_200,1ffaf5d9721938f5dab25263a240a9f368be17e78d4455318c087d7476d1bfd7,0.0302085,15,,false
hard_200,1ffaf5d9721938f5dab25263a240a9f368be17e78d4455318c087d7476d1bfd7,0.022897588,10,,false
hard_200,1ffaf5d9721938f5dab25263a240a9f368be17e78d4455318c087d7476d1bfd7,0.042617794,25,,false
hard_200,1ffaf5d9721938f5dab25263a240a9f368be17e78d4455318c087d7476d1bfd7,0.03358726,22,,false
hard_200,1ffaf5d9721938f5dab25263a240a9f368be17e78d4455318c087d7476d1bfd7,0.037145235,21,,false
hard_200,1ffaf5d9721938f5dab25263a240a9f368be17e78d4455318c087d7476d1bfd7,0.03720266,19,,false
hard_200,1ffaf5d9721938f5dab25263a240a9f368be17e78d4455318c087d7476d1bfd7,0.030875307,16,,false
hard_200,1ffaf5d9721938f5dab25263a240a9f368be17e78d4455318c087d7476d1bfd7,0.04452339,11,,false
hard_200,1ffaf5d9721938f5dab25263a240a9f368be17e78d4455318c087d7476d1bfd7,0.044988398,24,,false
hard_200,1ffaf5d9721938f5dab25263a240a9f368be17e78d4455318c087d7476d1bfd7,0.16364096,48,,false
hard_200,adb77d561bed2af21088261dff03a01529806724be28817cb00d4e95825a2e6c,0,0,,false
hard_200,adb77d561bed2af21088261dff03a01529806724be28817cb00d4e95825a2e6c,0.0009473289,3,,false
hard_200,adb77d561bed2af21088261dff03a01529806724be28817cb00d4e95825a2e6c,0.008909541,12,,false
hard_200,adb77d561bed2af21088261dff03a01529806724be28817cb00d4e95825a2e6c,0,0,,false
hard_200,adb77d561bed2af21088261dff03a01529806724be28817cb00d4e95825a2e6c,0,0,,false
hard_200,adb77d561bed2af21088261dff03a01529806724be28817cb00d4e95825a2e6c,0.00020287378,2,,false
hard_200,adb77d561bed2af21088261dff03a01529806724be28817cb00d4e95825a2e6c,0.0025324272,3,,false
hard_200,adb77d561bed2af21088261dff03a01529806724be28817cb00d4e95825a2e6c,0.030484421,21,,false
hard_200,adb77d561bed2af21088261dff03a01529806724be28817cb00d4e95825a2e6c,0.000092099544,1,,false
hard_200,adb77d561bed2af21088261dff03a01529806724be28817cb00d4e95825a2e6c,0,0,,false
hard_200,adb77d561bed2af21088261dff03a01529806724be28817cb00d4e95825a2e6c,0,0,,false
hard_200,adb77d561bed2af21088261dff03a01529806724be28817cb00d4e95825a2e6c,0.010890173,13,,false
hard_200,adb77d561bed2af21088261dff03a01529806724be28817cb00d4e95825a2e6c,0,0,,false
hard_200,adb77d561bed2af21088261dff03a01529806724be28817cb00d4e95825a2e6c,0,0,,false
hard_200,adb77d561bed2af21088261dff03a01529806724be28817cb00d4e95825a2e6c,0.0030052878,6,,false
hard_200,adb77d561bed2af21088261dff03a01529806724be28817cb00d4e95825a2e6c,0,0,,false
hard_200,adb77d561bed2af21088261dff03a01529806724be28817cb00d4e95825a2e6c,0.000019061688,1,,false
hard_200,adb77d561bed2af21088261dff03a01529806724be28817cb00d4e95825a2e6c,0.0003354835,1,,false
hard_200,adb77d561bed2af21088261dff03a01529806724be28817cb00d4e95825a2e6c,0,0,,false
hard_200,adb77d561bed2af21088261dff03a01529806724be28817cb00d4e95825a2e6c,0.0353675,19,,false
hard_200,adb77d561bed2af21088261dff03a01529806724be28817cb00d4e95825a2e6c,0.008980085,7,,false
hard_200,adb77d561bed2af21088261dff03a01529806724be28817cb00d4e95825a2e6c,0.035060912,12,,false
hard_200,adb77d561bed2af21088261dff03a01529806724be28817cb00d4e95825a2e6c,0.009186233,7,,false
hard_200,adb77d561bed2af21088261dff03a01529806724be28817cb00d4e95825a2e6c,0.027271528,12,,false
hard_200,adb77d561bed2af21088261dff03a01529806724be28817cb00d4e95825a2e6c,0.004387394,2,,false
hard_200,adb77d561bed2af21088261dff03a01529806724be28817cb00d4e95825a2e6c,0.019943664,10,,false
hard_200,adb77d561bed2af21088261dff03a01529806724be28817cb00d4e95825a2e6c,0.0344875,18,,false
hard_200,adb77d561bed2af21088261dff03a01529806724be28817cb00d4e95825a2e6c,0.029506594,17,,false
hard_200,adb77d561bed2af21088261dff03a01529806724be28817cb00d4e95825a2e6c,0.025317503,13,,false
hard_200,adb77d561bed2af21088261dff03a01529806724be28817cb00d4e95825a2e6c,0.04447506,15,,false
hard_200,adb77d561bed2af21088261dff03a01529806724be28817cb00d4e95825a2e6c,0.0427504,19,,false
hard_200,adb77d561bed2af21088261dff03a01529806724be28817cb00d4e95825a2e6c,0.04231058,25,,false
hard_200,75f368c4f5b50b49ee273e105269be51eb24cdd73d9520c3c07f58af9a0d1a4e,0.00091491593,1,,true
hard_200,75f368c4f5b50b49ee273e105269be51eb24cdd73d9520c3c07f58af9a0d1a4e,0,0,,true
hard_200,75f368c4f5b50b49ee273e105269be51eb24cdd73d9520c3c07f58af9a0d1a4e,0,0,,true
hard_200,75f368c4f5b50b49ee273e105269be51eb24cdd73d9520c3c07f58af9a0d1a4e,0,0,,true
hard_200,75f368c4f5b50b49ee273e105269be51eb24cdd73d9520c3c07f58af9a0d1a4e,0.0016746024,3,,true
hard_200,75f368c4f5b50b49ee273e105269be51eb24cdd73d9520c3c07f58af9a0d1a4e,0,0,,true
hard_200,75f368c4f5b50b49ee273e105269be51eb24cdd73d9520c3c07f58af9a0d1a4e,0.010465672,10,,true
hard_200,75f368c4f5b50b49ee273e105269be51eb24cdd73d9520c3c07f58af9a0d1a4e,0.01148422,5,,true
hard_200,75f368c4f5b50b49ee273e105269be51eb24cdd73d9520c3c07f58af9a0d1a4e,0.03398781,10,,true
hard_200,75f368c4f5b50b49ee273e105269be51eb24cdd73d9520c3c07f58af9a0d1a4e,0.009160493,7,,true
hard_200,75f368c4f5b50b49ee273e105269be51eb24cdd73d9520c3c07f58af9a0d1a4e,0.0049662036,5,,true
hard_200,75f368c4f5b50b49ee273e105269be51eb24cdd73d9520c3c07f58af9a0d1a4e,0,0,,true
hard_200,75f368c4f5b50b49ee273e105269be51eb24cdd73d9520c3c07f58af9a0d1a4e,0.016791916,7,,true
hard_200,75f368c4f5b50b49ee273e105269be51eb24cdd73d9520c3c07f58af9a0d1a4e,0.004077469,6,,true
hard_200,75f368c4f5b50b49ee273e105269be51eb24cdd73d9520c3c07f58af9a0d1a4e,0,0,,true
hard_200,75f368c4f5b50b49ee273e105269be51eb24cdd73d9520c3c07f58af9a0d1a4e,0.012906534,7,,true
hard_200,75f368c4f5b50b49ee273e105269be51eb24cdd73d9520c3c07f58af9a0d1a4e,0.010790383,7,,true
hard_200,75f368c4f5b50b49ee273e105269be51eb24cdd73d9520c3c07f58af9a0d1a4e,0.017280634,16,,true
hard_200,75f368c4f5b50b49ee273e105269be51eb24cdd73d9520c3c07f58af9a0d1a4e,0.017665384,13,,true
hard_200,75f368c4f5b50b49ee273e105269be51eb24cdd73d9520c3c07f58af9a0d1a4e,0.008467332,16,,true
hard_200,75f368c4f5b50b49ee273e105269be51eb24cdd73d9520c3c07f58af9a0d1a4e,0.028429352,13,,true
hard_200,75f368c4f5b50b49ee273e105269be51eb24cdd73d9520c3c07f58af9a0d1a4e,0.023930158,14,,true
hard_200,75f368c4f5b50b49ee273e105269be51eb24cdd73d9520c3c07f58af9a0d1a4e,0.010829991,10,,false
hard_200,75f368c4f5b50b49ee273e105269be51eb24cdd73d9520c3c07f58af9a0d1a4e,0.006299032,3,,true
hard_200,75f368c4f5b50b49ee273e105269be51eb24cdd73d9520c3c07f58af9a0d1a4e,0.046180453,9,,true
hard_200,75f368c4f5b50b49ee273e105269be51eb24cdd73d9520c3c07f58af9a0d1a4e,0.015666591,15,,true
hard_200,75f368c4f5b50b49ee273e105269be51eb24cdd73d9520c3c07f58af9a0d1a4e,0.0038627838,2,,true
hard_200,75f368c4f5b50b49ee273e105269be51eb24cdd73d9520c3c07f58af9a0d1a4e,0.037101433,21,,true
hard_200,75f368c4f5b50b49ee273e105269be51eb24cdd73d9520c3c07f58af9a0d1a4e,0.02435343,8,,true
hard_200,75f368c4f5b50b49ee273e105269be51eb24cdd73d9520c3c07f58af9a0d1a4e,0.026588831,15,,true
hard_200,75f368c4f5b50b49ee273e105269be51eb24cdd73d9520c3c07f58af9a0d1a4e,0.053329933,18,,true
hard_200,75f368c4f5b50b49ee273e105269be51eb24cdd73d9520c3c07f58af9a0d1a4e,0.16501588,45,,false
hard_200,75f368c4f5b50b49ee273e105269be51eb24cdd73d9520c3c07f58af9a0d1a4e,0.12652676,35,,false
hard_200,6b902251e945dd7b995a75c87ba6f0fd57eb198f62a967ec2a13b1b1c88860b6,0,0,,true
hard_200,6b902251e945dd7b995a75c87ba6f0fd57eb198f62a967ec2a13b1b1c88860b6,0,0,,true
hard_200,6b902251e945dd7b995a75c87ba6f0fd57eb198f62a967ec2a13b1b1c88860b6,0.0055198767,5,,true
hard_200,6b902251e945dd7b995a75c87ba6f0fd57eb198f62a967ec2a13b1b1c88860b6,0.036773544,13,,true
hard_200,6b902251e945dd7b995a75c87ba6f0fd57eb198f62a967ec2a13b1b1c88860b6,0.0053341947,5,,true
hard_200,6b902251e945dd7b995a75c87ba6f0fd57eb198f62a967ec2a13b1b1c88860b6,0.010997212,26,,true
hard_200,6b902251e945dd7b995a75c87ba6f0fd57eb198f62a967ec2a13b1b1c88860b6,0,0,,true
hard_200,6b902251e945dd7b995a75c87ba6f0fd57eb198f62a967ec2a13b1b1c88860b6,0.012624654,7,,true
hard_200,6b902251e945dd7b995a75c87ba6f0fd57eb198f62a967ec2a13b1b1c88860b6,0,0,,true
hard_200,6b902251e945dd7b995a75c87ba6f0fd57eb198f62a967ec2a13b1b1c88860b6,0.02542557,8,,true
hard_200,6b902251e945dd7b995a75c87ba6f0fd57eb198f62a967ec2a13b1b1c88860b6,0,0,,true
hard_200,6b902251e945dd7b995a75c87ba6f0fd57eb198f62a967ec2a13b1b1c88860b6,0.029256657,22,,true
hard_200,6b902251e945dd7b995a75c87ba6f0fd57eb198f62a967ec2a13b1b1c88860b6,0.0011536921,3,,true
hard_200,6b902251e945dd7b995a75c87ba6f0fd57eb198f62a967ec2a13b1b1c88860b6,0,0,,true
hard_200,6b902251e945dd7b995a75c87ba6f0fd57eb198f62a967ec2a13b1b1c88860b6,0,0,,true
hard_200,6b902251e945dd7b995a75c87ba6f0fd57eb198f62a967ec2a13b1b1c88860b6,0.0036928128,6,,true
hard_200,6b902251e945dd7b995a75c87ba6f0fd57eb198f62a967ec2a13b1b1c88860b6,0.044556987,15,,true
hard_200,6b902251e945dd7b995a75c87ba6f0fd57eb198f62a967ec2a13b1b1c88860b6,0,0,,true
hard_200,6b902251e945dd7b995a75c87ba6f0fd57eb198f62a967ec2a13b1b1c88860b6,0,0,,false
hard_200,6b902251e945dd7b995a75c87ba6f0fd57eb198f62a967ec2a13b1b1c88860b6,0.1545322,43,,false
hard_200,6b902251e945dd7b995a75c87ba6f0fd57eb198f62a967ec2a13b1b1c88860b6,0.012466373,14,,true
hard_200,6b902251e945dd7b995a75c87ba6f0fd57eb198f62a967ec2a13b1b1c88860b6,0.014261897,11,,true
hard_200,6b902251e945dd7b995a75c87ba6f0fd57eb198f62a967ec2a13b1b1c88860b6,0.01992547,8,,true
hard_200,6b902251e945dd7b995a75c87ba6f0fd57eb198f62a967ec2a13b1b1c88860b6,0.009913783,10,,true
hard_200,6b902251e945dd7b995a75c87ba6f0fd57eb198f62a967ec2a13b1b1c88860b6,0.020004861,17,,true
hard_200,6b902251e945dd7b995a75c87ba6f0fd57eb198f62a967ec2a13b1b1c88860b6,0.018260863,9,,true
hard_200,6b902251e945dd7b995a75c87ba6f0fd57eb198f62a967ec2a13b1b1c88860b6,0,0,,true
hard_200,6b902251e945dd7b995a75c87ba6f0fd57eb198f62a967ec2a13b1b1c88860b6,0.045715943,18,,true
hard_200,6b902251e945dd7b995a75c87ba6f0fd57eb198f62a967ec2a13b1b1c88860b6,0.0053670336,6,,true
hard_200,6b902251e945dd7b995a75c87ba6f0fd57eb198f62a967ec2a13b1b1c88860b6,0.02843782,18,,true
hard_200,6b902251e945dd7b995a75c87ba6f0fd57eb198f62a967ec2a13b1b1c88860b6,0.028242722,18,,true
hard_200,6b902251e945dd7b995a75c87ba6f0fd57eb198f62a967ec2a13b1b1c88860b6,0.18632752,50,,false
hard_200,6b902251e945dd7b995a75c87ba6f0fd57eb198f62a967ec2a13b1b1c88860b6,0.04088655,19,,true
hard_200,6b902251e945dd7b995a75c87ba6f0fd57eb198f62a967ec2a13b1b1c88860b6,0.01608919,11,,true
hard_200,6b902251e945dd7b995a75c87ba6f0fd57eb198f62a967ec2a13b1b1c88860b6,0.24603428,52,,false
hard_200,6b902251e945dd7b995a75c87ba6f0fd57eb198f62a967ec2a13b1b1c88860b6,0.10919142,43,,false
hard_200,05cb2cd9f7f1c59da5ad0d65cb6107639a1ac7c1b14bf1030b8142b157a246c6,0,0,,true
hard_200,05cb2cd9f7f1c59da5ad0d65cb6107639a1ac7c1b14bf1030b8142b157a246c6,0.0004976389,1,,true
hard_200,05cb2cd9f7f1c59da5ad0d65cb6107639a1ac7c1b14bf1030b8142b157a246c6,0,0,,true
hard_200,05cb2cd9f7f1c59da5ad0d65cb6107639a1ac7c1b14bf1030b8142b157a246c6,0,0,,true
hard_200,05cb2cd9f7f1c59da5ad0d65cb6107639a1ac7c1b14bf1030b8142b157a246c6,0.0044519217,3,,true
hard_200,05cb2cd9f7f1c59da5ad0d65cb6107639a1ac7c1b14bf1030b8142b157a246c6,0.0005187686,1,,true
hard_200,05cb2cd9f7f1c59da5ad0d65cb6107639a1ac7c1b14bf1030b8142b157a246c6,0,0,,true
hard_200,05cb2cd9f7f1c59da5ad0d65cb6107639a1ac7c1b14bf1030b8142b157a246c6,0.03436235,11,,true
hard_200,05cb2cd9f7f1c59da5ad0d65cb6107639a1ac7c1b14bf1030b8142b157a246c6,0.049016494,27,,true
hard_200,05cb2cd9f7f1c59da5ad0d65cb6107639a1ac7c1b14bf1030b8142b157a246c6,0,0,,true
hard_200,05cb2cd9f7f1c59da5ad0d65cb6107639a1ac7c1b14bf1030b8142b157a246c6,0,0,,false
hard_200,05cb2cd9f7f1c59da5ad0d65cb6107639a1ac7c1b14bf1030b8142b157a246c6,0.0060746823,4,,true
hard_200,05cb2cd9f7f1c59da5ad0d65cb6107639a1ac7c1b14bf1030b8142b157a246c6,0,0,,true
hard_200,05cb2cd9f7f1c59da5ad0d65cb6107639a1ac7c1b14bf1030b8142b157a246c6,0.042581305,16,,true
hard_200,05cb2cd9f7f1c59da5ad0d65cb6107639a1ac7c1b14bf1030b8142b157a246c6,0.0028169502,3,,true
hard_200,05cb2cd9f7f1c59da5ad0d65cb6107639a1ac7c1b14bf1030b8142b157a246c6,0,0,,true
hard_200,05cb2cd9f7f1c59da5ad0d65cb6107639a1ac7c1b14bf1030b8142b157a246c6,0.002229359,2,,true
hard_200,05cb2cd9f7f1c59da5ad0d65cb6107639a1ac7c1b14bf1030b8142b157a246c6,0.15867127,44,,false
hard_200,05cb2cd9f7f1c59da5ad0d65cb6107639a1ac7c1b14bf1030b8142b157a246c6,0.04277415,24,,true
hard_200,05cb2cd9f7f1c59da5ad0d65cb6107639a1ac7c1b14bf1030b8142b157a246c6,0.0017324098,3,,true
hard_200,05cb2cd9f7f1c59da5ad0d65cb6107639a1ac7c1b14bf1030b8142b157a246c6,0.016047535,11,,true
hard_200,05cb2cd9f7f1c59da5ad0d65cb6107639a1ac7c1b14bf1030b8142b157a246c6,0,0,,true
hard_200,05cb2cd9f7f1c59da5ad0d65cb6107639a1ac7c1b14bf1030b8142b157a246c6,0.01208783,11,,true
hard_200,05cb2cd9f7f1c59da5ad0d65cb6107639a1ac7c1b14bf1030b8142b157a246c6,0.058437902,21,,true
hard_200,05cb2cd9f7f1c59da5ad0d65cb6107639a1ac7c1b14bf1030b8142b157a246c6,0.011752809,8,,true
hard_200,05cb2cd9f7f1c59da5ad0d65cb6107639a1ac7c1b14bf1030b8142b157a246c6,0.020966202,10,,true
hard_200,05cb2cd9f7f1c59da5ad0d65cb6107639a1ac7c1b14bf1030b8142b157a246c6,0.024791107,12,,false
hard_200,05cb2cd9f7f1c59da5ad0d65cb6107639a1ac7c1b14bf1030b8142b157a246c6,0.04918098,16,,true
hard_200,05cb2cd9f7f1c59da5ad0d65cb6107639a1ac7c1b14bf1030b8142b157a246c6,0.043544836,20,,false
hard_200,05cb2cd9f7f1c59da5ad0d65cb6107639a1ac7c1b14bf1030b8142b157a246c6,0.04151102,19,,true
hard_200,05cb2cd9f7f1c59da5ad0d65cb6107639a1ac7c1b14bf1030b8142b157a246c6,0.024940269,12,,true
hard_200,05cb2cd9f7f1c59da5ad0d65cb6107639a1ac7c1b14bf1030b8142b157a246c6,0.13965653,40,,false
hard_200,63f487d52e81c9a8162392a451d32024cc03c75d7100509c669a2c85e509fce2,0,0,,false
hard_200,63f487d52e81c9a8162392a451d32024cc03c75d7100509c669a2c85e509fce2,0,0,,false
hard_200,63f487d52e81c9a8162392a451d32024cc03c75d7100509c669a2c85e509fce2,0,0,,false
hard_200,63f487d52e81c9a8162392a451d32024cc03c75d7100509c669a2c85e509fce2,0,0,,false
hard_200,63f487d52e81c9a8162392a451d32024cc03c75d7100509c669a2c85e509fce2,0,0,,false
hard_200,63f487d52e81c9a8162392a451d32024cc03c75d7100509c669a2c85e509fce2,0,0,,false
hard_200,63f487d52e81c9a8162392a451d32024cc03c75d7100509c669a2c85e509fce2,0.028688742,14,,false
hard_200,63f487d52e81c9a8162392a451d32024cc03c75d7100509c669a2c85e509fce2,0,0,,false
hard_200,63f487d52e81c9a8162392a451d32024cc03c75d7100509c669a2c85e509fce2,0,0,,false
hard_200,63f487d52e81c9a8162392a451d32024cc03c75d7100509c669a2c85e509fce2,0,0,,false
hard_200,63f487d52e81c9a8162392a451d32024cc03c75d7100509c669a2c85e509fce2,0,0,,false
hard_200,63f487d52e81c9a8162392a451d32024cc03c75d7100509c669a2c85e509fce2,0.0004939107,3,,false
hard_200,63f487d52e81c9a8162392a451d32024cc03c75d7100509c669a2c85e509fce2,0,0,,false
hard_200,63f487d52e81c9a8162392a451d32024cc03c75d7100509c669a2c85e509fce2,0.018192846,10,,false
hard_200,63f487d52e81c9a8162392a451d32024cc03c75d7100509c669a2c85e509fce2,0,0,,false
hard_200,63f487d52e81c9a8162392a451d32024cc03c75d7100509c669a2c85e509fce2,0.04112393,23,,false
hard_200,63f487d52e81c9a8162392a451d32024cc03c75d7100509c669a2c85e509fce2,0.0017644329,2,,false
hard_200,63f487d52e81c9a8162392a451d32024cc03c75d7100509c669a2c85e509fce2,0.015971612,10,,false
hard_200,63f487d52e81c9a8162392a451d32024cc03c75d7100509c669a2c85e509fce2,0.02608594,16,,false
hard_200,63f487d52e81c9a8162392a451d32024cc03c75d7100509c669a2c85e509fce2,0.023136234,10,,false
hard_200,63f487d52e81c9a8162392a451d32024cc03c75d7100509c669a2c85e509fce2,0.020114636,20,,false
hard_200,63f487d52e81c9a8162392a451d32024cc03c75d7100509c669a2c85e509fce2,0.009142058,6,,false
hard_200,63f487d52e81c9a8162392a451d32024cc03c75d7100509c669a2c85e509fce2,0.055925243,28,,false
hard_200,63f487d52e81c9a8162392a451d32024cc03c75d7100509c669a2c85e509fce2,0.007924782,8,,false
hard_200,63f487d52e81c9a8162392a451d32024cc03c75d7100509c669a2c85e509fce2,0.012284462,10,,false
hard_200,63f487d52e81c9a8162392a451d32024cc03c75d7100509c669a2c85e509fce2,0.0486813,18,,false
hard_200,63f487d52e81c9a8162392a451d32024cc03c75d7100509c669a2c85e509fce2,0.020615853,15,,false
hard_200,63f487d52e81c9a8162392a451d32024cc03c75d7100509c669a2c85e509fce2,0.040352035,25,,false
hard_200,63f487d52e81c9a8162392a451d32024cc03c75d7100509c669a2c85e509fce2,0.03927207,22,,false
hard_200,63f487d52e81c9a8162392a451d32024cc03c75d7100509c669a2c85e509fce2,0.029358963,18,,false
hard_200,63f487d52e81c9a8162392a451d32024cc03c75d7100509c669a2c85e509fce2,0.31191054,62,,false
hard_200,b8533f14d6a3d4c3688d2f93b18a5262aa26ecf9cabd6cdfc7c0afb1d2b0d03d,0,0,,false
hard_200,b8533f14d6a3d4c3688d2f93b18a5262aa26ecf9cabd6cdfc7c0afb1d2b0d03d,0,0,,false
hard_200,b8533f14d6a3d4c3688d2f93b18a5262aa26ecf9cabd6cdfc7c0afb1d2b0d03d,0,0,,false
hard_200,b8533f14d6a3d4c3688d2f93b18a5262aa26ecf9cabd6cdfc7c0afb1d2b0d03d,0,0,,false
hard_200,b8533f14d6a3d4c3688d2f93b18a5262aa26ecf9cabd6cdfc7c0afb1d2b0d03d,0.000089928435,2,,false
hard_200,b8533f14d6a3d4c3688d2f93b18a5262aa26ecf9cabd6cdfc7c0afb1d2b0d03d,0,0,,false
hard_200,b8533f14d6a3d4c3688d2f93b18a5262aa26ecf9cabd6cdfc7c0afb1d2b0d03d,0,0,,false
hard_200,b8533f14d6a3d4c3688d2f93b18a5262aa26ecf9cabd6cdfc7c0afb1d2b0d03d,0.0023488952,4,,false
hard_200,b8533f14d6a3d4c3688d2f93b18a5262aa26ecf9cabd6cdfc7c0afb1d2b0d03d,0.13857676,41,,false
hard_200,b8533f14d6a3d4c3688d2f93b18a5262aa26ecf9cabd6cdfc7c0afb1d2b0d03d,0,0,,false
hard_200,b8533f14d6a3d4c3688d2f93b18a5262aa26ecf9cabd6cdfc7c0afb1d2b0d03d,0,0,,false
hard_200,b8533f14d6a3d4c3688d2f93b18a5262aa26ecf9cabd6cdfc7c0afb1d2b0d03d,0,0,,false
hard_200,b8533f14d6a3d4c3688d2f93b18a5262aa26ecf9cabd6cdfc7c0afb1d2b0d03d,0.0018420356,1,,false
hard_200,b8533f14d6a3d4c3688d2f93b18a5262aa26ecf9cabd6cdfc7c0afb1d2b0d03d,0.0035282022,4,,false
hard_200,b8533f14d6a3d4c3688d2f93b18a5262aa26ecf9cabd6cdfc7c0afb1d2b0d03d,0.0025807028,5,,false
hard_200,b8533f14d6a3d4c3688d2f93b18a5262aa26ecf9cabd6cdfc7c0afb1d2b0d03d,0.007861919,8,,false
hard_200,b8533f14d6a3d4c3688d2f93b18a5262aa26ecf9cabd6cdfc7c0afb1d2b0d03d,0.0054106554,4,,false
hard_200,b8533f14d6a3d4c3688d2f93b18a5262aa26ecf9cabd6cdfc7c0afb1d2b0d03d,0,0,,false
hard_200,b8533f14d6a3d4c3688d2f93b18a5262aa26ecf9cabd6cdfc7c0afb1d2b0d03d,0.015078401,12,,false
hard_200,b8533f14d6a3d4c3688d2f93b18a5262aa26ecf9cabd6cdfc7c0afb1d2b0d03d,0.026628165,15,,false
hard_200,b8533f14d6a3d4c3688d2f93b18a5262aa26ecf9cabd6cdfc7c0afb1d2b0d03d,0,0,,false
hard_200,b8533f14d6a3d4c3688d2f93b18a5262aa26ecf9cabd6cdfc7c0afb1d2b0d03d,0.04416505,14,,false
hard_200,b8533f14d6a3d4c3688d2f93b18a5262aa26ecf9cabd6cdfc7c0afb1d2b0d03d,0.009095743,8,,false
hard_200,b8533f14d6a3d4c3688d2f93b18a5262aa26ecf9cabd6cdfc7c0afb1d2b0d03d,0.026256256,14,,false
hard_200,b8533f14d6a3d4c3688d2f93b18a5262aa26ecf9cabd6cdfc7c0afb1d2b0d03d,0.017187841,11,,false
hard_200,b8533f14d6a3d4c3688d2f93b18a5262aa26ecf9cabd6cdfc7c0afb1d2b0d03d,0.014841801,7,,false
hard_200,b8533f14d6a3d4c3688d2f93b18a5262aa26ecf9cabd6cdfc7c0afb1d2b0d03d,0.025382148,13,,false
hard_200,b8533f14d6a3d4c3688d2f93b18a5262aa26ecf9cabd6cdfc7c0afb1d2b0d03d,0.0014043093,1,,false
hard_200,b8533f14d6a3d4c3688d2f93b18a5262aa26ecf9cabd6cdfc7c0afb1d2b0d03d,0.02767888,17,,false
hard_200,b8533f14d6a3d4c3688d2f93b18a5262aa26ecf9cabd6cdfc7c0afb1d2b0d03d,0.022772482,10,,false
hard_200,b8533f14d6a3d4c3688d2f93b18a5262aa26ecf9cabd6cdfc7c0afb1d2b0d03d,0.05471113,14,,false
hard_200,b8533f14d6a3d4c3688d2f93b18a5262aa26ecf9cabd6cdfc7c0afb1d2b0d03d,0.030653179,12,,false
hard_200,0dfd8b75afeeb4f5f2544912fab9c6c5e44aedbea9519b6bf5b27bc81eed9f54,0,0,,false
hard_200,0dfd8b75afeeb4f5f2544912fab9c6c5e44aedbea9519b6bf5b27bc81eed9f54,0,0,,false
hard_200,0dfd8b75afeeb4f5f2544912fab9c6c5e44aedbea9519b6bf5b27bc81eed9f54,0.010317527,6,,false
hard_200,0dfd8b75afeeb4f5f2544912fab9c6c5e44aedbea9519b6bf5b27bc81eed9f54,0,0,,false
hard_200,0dfd8b75afeeb4f5f2544912fab9c6c5e44aedbea9519b6bf5b27bc81eed9f54,0.0021120794,2,,false
hard_200,0dfd8b75afeeb4f5f2544912fab9c6c5e44aedbea9519b6bf5b27bc81eed9f54,0.003385267,5,,false
hard_200,0dfd8b75afeeb4f5f2544912fab9c6c5e44aedbea9519b6bf5b27bc81eed9f54,0,0,,false
hard_200,0dfd8b75afeeb4f5f2544912fab9c6c5e44aedbea9519b6bf5b27bc81eed9f54,0.0040792786,3,,false
hard_200,0dfd8b75afeeb4f5f2544912fab9c6c5e44aedbea9519b6bf5b27bc81eed9f54,0,0,,false
hard_200,0dfd8b75afeeb4f5f2544912fab9c6c5e44aedbea9519b6bf5b27bc81eed9f54,0.0060225804,4,,false
hard_200,0dfd8b75afeeb4f5f2544912fab9c6c5e44aedbea9519b6bf5b27bc81eed9f54,0.000731759,2,,false
hard_200,0dfd8b75afeeb4f5f2544912fab9c6c5e44aedbea9519b6bf5b27bc81eed9f54,0.001855922,1,,false
hard_200,0dfd8b75afeeb4f5f2544912fab9c6c5e44aedbea9519b6bf5b27bc81eed9f54,0.003804884,3,,false
hard_200,0dfd8b75afeeb4f5f2544912fab9c6c5e44aedbea9519b6bf5b27bc81eed9f54,0.0037402688,2,,false
hard_200,0dfd8b75afeeb4f5f2544912fab9c6c5e44aedbea9519b6bf5b27bc81eed9f54,0,0,,false
hard_200,0dfd8b75afeeb4f5f2544912fab9c6c5e44aedbea9519b6bf5b27bc81eed9f54,0,0,,false
hard_200,0dfd8b75afeeb4f5f2544912fab9c6c5e44aedbea9519b6bf5b27bc81eed9f54,0.015766434,15,,false
hard_200,0dfd8b75afeeb4f5f2544912fab9c6c5e44aedbea9519b6bf5b27bc81eed9f54,0.024558753,9,,false
hard_200,0dfd8b75afeeb4f5f2544912fab9c6c5e44aedbea9519b6bf5b27bc81eed9f54,0.0045207855,5,,false
hard_200,0dfd8b75afeeb4f5f2544912fab9c6c5e44aedbea9519b6bf5b27bc81eed9f54,0.004577646,6,,false
hard_200,0dfd8b75afeeb4f5f2544912fab9c6c5e44aedbea9519b6bf5b27bc81eed9f54,0.03730573,16,,false
hard_200,0dfd8b75afeeb4f5f2544912fab9c6c5e44aedbea9519b6bf5b27bc81eed9f54,0.0065264152,5,,false
hard_200,0dfd8b75afeeb4f5f2544912fab9c6c5e44aedbea9519b6bf5b27bc81eed9f54,0.032293897,20,,false
hard_200,0dfd8b75afeeb4f5f2544912fab9c6c5e44aedbea9519b6bf5b27bc81eed9f54,0.024277898,15,,false
hard_200,0dfd8b75afeeb4f5f2544912fab9c6c5e44aedbea9519b6bf5b27bc81eed9f54,0.013971194,10,,false
hard_200,0dfd8b75afeeb4f5f2544912fab9c6c5e44aedbea9519b6bf5b27bc81eed9f54,0.0073329625,3,,false
hard_200,0dfd8b75afeeb4f5f2544912fab9c6c5e44aedbea9519b6bf5b27bc81eed9f54,0.023951143,10,,false
hard_200,0dfd8b75afeeb4f5f2544912fab9c6c5e44aedbea9519b6bf5b27bc81eed9f54,0.050813086,15,,false
hard_200,0dfd8b75afeeb4f5f2544912fab9c6c5e44aedbea9519b6bf5b27bc81eed9f54,0.045883514,14,,false
hard_200,0dfd8b75afeeb4f5f2544912fab9c6c5e44aedbea9519b6bf5b27bc81eed9f54,0.026893243,13,,false
hard_200,0dfd8b75afeeb4f5f2544912fab9c6c5e44aedbea9519b6bf5b27bc81eed9f54,0.025834631,11,,false
hard_200,0dfd8b75afeeb4f5f2544912fab9c6c5e44aedbea9519b6bf5b27bc81eed9f54,0.029516852,16,,false
hard_200,33d0c2603427c4793ab52ee8108a3d68feac3a488a78ce4ac0dc88fa7c55dadd,0,0,,true
hard_200,33d0c2603427c4793ab52ee8108a3d68feac3a488a78ce4ac0dc88fa7c55dadd,0,0,,true
hard_200,33d0c2603427c4793ab52ee8108a3d68feac3a488a78ce4ac0dc88fa7c55dadd,0,0,,false
hard_200,33d0c2603427c4793ab52ee8108a3d68feac3a488a78ce4ac0dc88fa7c55dadd,0.003034469,5,,true
hard_200,33d0c2603427c4793ab52ee8108a3d68feac3a488a78ce4ac0dc88fa7c55dadd,0,0,,true
hard_200,33d0c2603427c4793ab52ee8108a3d68feac3a488a78ce4ac0dc88fa7c55dadd,0,0,,true
hard_200,33d0c2603427c4793ab52ee8108a3d68feac3a488a78ce4ac0dc88fa7c55dadd,0,0,,true
hard_200,33d0c2603427c4793ab52ee8108a3d68feac3a488a78ce4ac0dc88fa7c55dadd,0.015074408,11,,true
hard_200,33d0c2603427c4793ab52ee8108a3d68feac3a488a78ce4ac0dc88fa7c55dadd,0,0,,true
hard_200,33d0c2603427c4793ab52ee8108a3d68feac3a488a78ce4ac0dc88fa7c55dadd,0,0,,true
hard_200,33d0c2603427c4793ab52ee8108a3d68feac3a488a78ce4ac0dc88fa7c55dadd,0,0,,true
hard_200,33d0c2603427c4793ab52ee8108a3d68feac3a488a78ce4ac0dc88fa7c55dadd,0,0,,false
hard_200,33d0c2603427c4793ab52ee8108a3d68feac3a488a78ce4ac0dc88fa7c55dadd,0.013313035,12,,true
hard_200,33d0c2603427c4793ab52ee8108a3d68feac3a488a78ce4ac0dc88fa7c55dadd,0.011760154,6,,true
hard_200,33d0c2603427c4793ab52ee8108a3d68feac3a488a78ce4ac0dc88fa7c55dadd,0.03264506,17,,true
hard_200,33d0c2603427c4793ab52ee8108a3d68feac3a488a78ce4ac0dc88fa7c55dadd,0.025081607,13,,true
hard_200,33d0c2603427c4793ab52ee8108a3d68feac3a488a78ce4ac0dc88fa7c55dadd,0.01861478,12,,true
hard_200,33d0c2603427c4793ab52ee8108a3d68feac3a488a78ce4ac0dc88fa7c55dadd,0.004416651,3,,true
hard_200,33d0c2603427c4793ab52ee8108a3d68feac3a488a78ce4ac0dc88fa7c55dadd,0.005744284,10,,true
hard_200,33d0c2603427c4793ab52ee8108a3d68feac3a488a78ce4ac0dc88fa7c55dadd,0.031091753,19,,true
hard_200,33d0c2603427c4793ab52ee8108a3d68feac3a488a78ce4ac0dc88fa7c55dadd,0.0072853374,6,,true
hard_200,33d0c2603427c4793ab52ee8108a3d68feac3a488a78ce4ac0dc88fa7c55dadd,0.038256347,16,,true
hard_200,33d0c2603427c4793ab52ee8108a3d68feac3a488a78ce4ac0dc88fa7c55dadd,0.033835225,13,,true
hard_200,33d0c2603427c4793ab52ee8108a3d68feac3a488a78ce4ac0dc88fa7c55dadd,0.012767534,5,,true
hard_200,33d0c2603427c4793ab52ee8108a3d68feac3a488a78ce4ac0dc88fa7c55dadd,0.0018276316,1,,true
hard_200,33d0c2603427c4793ab52ee8108a3d68feac3a488a78ce4ac0dc88fa7c55dadd,0.026425367,12,,true
hard_200,33d0c2603427c4793ab52ee8108a3d68feac3a488a78ce4ac0dc88fa7c55dadd,0.044820342,18,,true
hard_200,33d0c2603427c4793ab52ee8108a3d68feac3a488a78ce4ac0dc88fa7c55dadd,0.17967497,49,,false
hard_200,33d0c2603427c4793ab52ee8108a3d68feac3a488a78ce4ac0dc88fa7c55dadd,0.05016117,21,,true
hard_200,33d0c2603427c4793ab52ee8108a3d68feac3a488a78ce4ac0dc88fa7c55dadd,0.025399828,15,,true
hard_200,33d0c2603427c4793ab52ee8108a3d68feac3a488a78ce4ac0dc88fa7c55dadd,0.057328396,16,,false
hard_200,33d0c2603427c4793ab52ee8108a3d68feac3a488a78ce4ac0dc88fa7c55dadd,0.023614869,17,,true
hard_200,895e6026615d424cad650135872c8ce6c9bc426f8b40bbc99a581a331497f0a3,0,0,,false
hard_200,895e6026615d424cad650135872c8ce6c9bc426f8b40bbc99a581a331497f0a3,0,0,,false
hard_200,895e6026615d424cad650135872c8ce6c9bc426f8b40bbc99a581a331497f0a3,0,0,,false
hard_200,895e6026615d424cad650135872c8ce6c9bc426f8b40bbc99a581a331497f0a3,0,0,,false
hard_200,895e6026615d424cad650135872c8ce6c9bc426f8b40bbc99a581a331497f0a3,0,0,,false
hard_200,895e6026615d424cad650135872c8ce6c9bc426f8b40bbc99a581a331497f0a3,0.0021838339,3,,false
hard_200,895e6026615d424cad650135872c8ce6c9bc426f8b40bbc99a581a331497f0a3,0.012323907,6,,false
hard_200,895e6026615d424cad650135872c8ce6c9bc426f8b40bbc99a581a331497f0a3,0,0,,false
hard_200,895e6026615d424cad650135872c8ce6c9bc426f8b40bbc99a581a331497f0a3,0.000068750145,1,,false
hard_200,895e6026615d424cad650135872c8ce6c9bc426f8b40bbc99a581a331497f0a3,0.013475417,8,,false
hard_200,895e6026615d424cad650135872c8ce6c9bc426f8b40bbc99a581a331497f0a3,0.00018404858,2,,false
hard_200,895e6026615d424cad650135872c8ce6c9bc426f8b40bbc99a581a331497f0a3,0.001673699,2,,false
hard_200,895e6026615d424cad650135872c8ce6c9bc426f8b40bbc99a581a331497f0a3,0,0,,false
hard_200,895e6026615d424cad650135872c8ce6c9bc426f8b40bbc99a581a331497f0a3,0.026197653,15,,false
hard_200,895e6026615d424cad650135872c8ce6c9bc426f8b40bbc99a581a331497f0a3,0.00408744,3,,false
hard_200,895e6026615d424cad650135872c8ce6c9bc426f8b40bbc99a581a331497f0a3,0.015251486,5,,false
hard_200,895e6026615d424cad650135872c8ce6c9bc426f8b40bbc99a581a331497f0a3,0.001050158,1,,false
hard_200,895e6026615d424cad650135872c8ce6c9bc426f8b40bbc99a581a331497f0a3,0.028485134,23,,false
hard_200,895e6026615d424cad650135872c8ce6c9bc426f8b40bbc99a581a331497f0a3,0.0021846863,3,,false
hard_200,895e6026615d424cad650135872c8ce6c9bc426f8b40bbc99a581a331497f0a3,0,0,,false
hard_200,895e6026615d424cad650135872c8ce6c9bc426f8b40bbc99a581a331497f0a3,0.015910065,9,,false
hard_200,895e6026615d424cad650135872c8ce6c9bc426f8b40bbc99a581a331497f0a3,0.019893927,12,,false
hard_200,895e6026615d424cad650135872c8ce6c9bc426f8b40bbc99a581a331497f0a3,0.009452694,6,,false
hard_200,895e6026615d424cad650135872c8ce6c9bc426f8b40bbc99a581a331497f0a3,0.005745137,7,,false
hard_200,895e6026615d424cad650135872c8ce6c9bc426f8b40bbc99a581a331497f0a3,0.021302076,13,,false
hard_200,895e6026615d424cad650135872c8ce6c9bc426f8b40bbc99a581a331497f0a3,0.001347227,4,,false
hard_200,895e6026615d424cad650135872c8ce6c9bc426f8b40bbc99a581a331497f0a3,0.025021086,14,,false
hard_200,895e6026615d424cad650135872c8ce6c9bc426f8b40bbc99a581a331497f0a3,0.043669,25,,false
hard_200,895e6026615d424cad650135872c8ce6c9bc426f8b40bbc99a581a331497f0a3,0.013893657,10,,false
hard_200,895e6026615d424cad650135872c8ce6c9bc426f8b40bbc99a581a331497f0a3,0.187668,44,,false
hard_200,895e6026615d424cad650135872c8ce6c9bc426f8b40bbc99a581a331497f0a3,0.027364329,15,,false
hard_200,895e6026615d424cad650135872c8ce6c9bc426f8b40bbc99a581a331497f0a3,0.14858346,41,,false
hard_200,895e6026615d424cad650135872c8ce6c9bc426f8b40bbc99a581a331497f0a3,0.04331715,18,,false
hard_200,895e6026615d424cad650135872c8ce6c9bc426f8b40bbc99a581a331497f0a3,0.02146751,21,,false
hard_200,895e6026615d424cad650135872c8ce6c9bc426f8b40bbc99a581a331497f0a3,0.1438823,42,,false
hard_200,2d00d94a5ad4dacc203b59c5c629e4feeddefc39b9abf908b3a1413c6d22dcd9,0.019799767,4,,false
hard_200,2d00d94a5ad4dacc203b59c5c629e4feeddefc39b9abf908b3a1413c6d22dcd9,0,0,,false
hard_200,2d00d94a5ad4dacc203b59c5c629e4feeddefc39b9abf908b3a1413c6d22dcd9,0,0,,false
hard_200,2d00d94a5ad4dacc203b59c5c629e4feeddefc39b9abf908b3a1413c6d22dcd9,0,0,,false
hard_200,2d00d94a5ad4dacc203b59c5c629e4feeddefc39b9abf908b3a1413c6d22dcd9,0,0,,false
hard_200,2d00d94a5ad4dacc203b59c5c629e4feeddefc39b9abf908b3a1413c6d22dcd9,0,0,,false
hard_200,2d00d94a5ad4dacc203b59c5c629e4feeddefc39b9abf908b3a1413c6d22dcd9,0.00087378215,1,,false
hard_200,2d00d94a5ad4dacc203b59c5c629e4feeddefc39b9abf908b3a1413c6d22dcd9,0.037184186,17,,false
hard_200,2d00d94a5ad4dacc203b59c5c629e4feeddefc39b9abf908b3a1413c6d22dcd9,0.0009905355,1,,false
hard_200,2d00d94a5ad4dacc203b59c5c629e4feeddefc39b9abf908b3a1413c6d22dcd9,0.010157796,12,,false
hard_200,2d00d94a5ad4dacc203b59c5c629e4feeddefc39b9abf908b3a1413c6d22dcd9,0.011041515,6,,false
hard_200,2d00d94a5ad4dacc203b59c5c629e4feeddefc39b9abf908b3a1413c6d22dcd9,0.02163525,11,,false
hard_200,2d00d94a5ad4dacc203b59c5c629e4feeddefc39b9abf908b3a1413c6d22dcd9,0.0115783615,8,,false
hard_200,2d00d94a5ad4dacc203b59c5c629e4feeddefc39b9abf908b3a1413c6d22dcd9,0.0005294616,1,,false
hard_200,2d00d94a5ad4dacc203b59c5c629e4feeddefc39b9abf908b3a1413c6d22dcd9,0.04850231,14,,false
hard_200,2d00d94a5ad4dacc203b59c5c629e4feeddefc39b9abf908b3a1413c6d22dcd9,0.0011876967,3,,false
hard_200,2d00d94a5ad4dacc203b59c5c629e4feeddefc39b9abf908b3a1413c6d22dcd9,0.015088066,8,,false
hard_200,2d00d94a5ad4dacc203b59c5c629e4feeddefc39b9abf908b3a1413c6d22dcd9,0.0314307,6,,false
hard_200,2d00d94a5ad4dacc203b59c5c629e4feeddefc39b9abf908b3a1413c6d22dcd9,0.013359055,14,,false
hard_200,2d00d94a5ad4dacc203b59c5c629e4feeddefc39b9abf908b3a1413c6d22dcd9,0.036349256,12,,false
hard_200,2d00d94a5ad4dacc203b59c5c629e4feeddefc39b9abf908b3a1413c6d22dcd9,0.011977918,7,,false
hard_200,2d00d94a5ad4dacc203b59c5c629e4feeddefc39b9abf908b3a1413c6d22dcd9,0.028022328,16,,false
hard_200,2d00d94a5ad4dacc203b59c5c629e4feeddefc39b9abf908b3a1413c6d22dcd9,0.005438597,6,,false
hard_200,2d00d94a5ad4dacc203b59c5c629e4feeddefc39b9abf908b3a1413c6d22dcd9,0.018252665,9,,false
hard_200,2d00d94a5ad4dacc203b59c5c629e4feeddefc39b9abf908b3a1413c6d22dcd9,0.04960158,20,,false
hard_200,2d00d94a5ad4dacc203b59c5c629e4feeddefc39b9abf908b3a1413c6d22dcd9,0.1619556,38,,false
hard_200,2d00d94a5ad4dacc203b59c5c629e4feeddefc39b9abf908b3a1413c6d22dcd9,0.027400162,15,,false
hard_200,2d00d94a5ad4dacc203b59c5c629e4feeddefc39b9abf908b3a1413c6d22dcd9,0.007159943,10,,false
hard_200,2d00d94a5ad4dacc203b59c5c629e4feeddefc39b9abf908b3a1413c6d22dcd9,0.0359144,18,,false
hard_200,2d00d94a5ad4dacc203b59c5c629e4feeddefc39b9abf908b3a1413c6d22dcd9,0.03424186,25,,false
hard_200,2d00d94a5ad4dacc203b59c5c629e4feeddefc39b9abf908b3a1413c6d22dcd9,0.02138798,11,,false
hard_200,2d00d94a5ad4dacc203b59c5c629e4feeddefc39b9abf908b3a1413c6d22dcd9,0.04330563,20,,false
hard_200,2d00d94a5ad4dacc203b59c5c629e4feeddefc39b9abf908b3a1413c6d22dcd9,0.047610983,20,,false
hard_200,2d00d94a5ad4dacc203b59c5c629e4feeddefc39b9abf908b3a1413c6d22dcd9,0.239145,52,,false
hard_200,2d00d94a5ad4dacc203b59c5c629e4feeddefc39b9abf908b3a1413c6d22dcd9,0.035678953,17,,false
hard_200,22155021c3e245222d8bafc2959454269642d4d70f244002aea1bae0e2d24900,0,0,,false
hard_200,22155021c3e245222d8bafc2959454269642d4d70f244002aea1bae0e2d24900,0,0,,false
hard_200,22155021c3e245222d8bafc2959454269642d4d70f244002aea1bae0e2d24900,0,0,,false
hard_200,22155021c3e245222d8bafc2959454269642d4d70f244002aea1bae0e2d24900,0,0,,false
hard_200,22155021c3e245222d8bafc2959454269642d4d70f244002aea1bae0e2d24900,0,0,,false
hard_200,22155021c3e245222d8bafc2959454269642d4d70f244002aea1bae0e2d24900,0,0,,false
hard_200,22155021c3e245222d8bafc2959454269642d4d70f244002aea1bae0e2d24900,0.010546409,18,,false
hard_200,22155021c3e245222d8bafc2959454269642d4d70f244002aea1bae0e2d24900,0,0,,false
hard_200,22155021c3e245222d8bafc2959454269642d4d70f244002aea1bae0e2d24900,0.005245752,12,,false
hard_200,22155021c3e245222d8bafc2959454269642d4d70f244002aea1bae0e2d24900,0,0,,false
hard_200,22155021c3e245222d8bafc2959454269642d4d70f244002aea1bae0e2d24900,0.008216209,11,,false
hard_200,22155021c3e245222d8bafc2959454269642d4d70f244002aea1bae0e2d24900,0.01754509,21,,false
hard_200,22155021c3e245222d8bafc2959454269642d4d70f244002aea1bae0e2d24900,0.017085817,7,,false
hard_200,22155021c3e245222d8bafc2959454269642d4d70f244002aea1bae0e2d24900,0.00075873814,1,,false
hard_200,22155021c3e245222d8bafc2959454269642d4d70f244002aea1bae0e2d24900,0.06962064,23,,false
hard_200,22155021c3e245222d8bafc2959454269642d4d70f244002aea1bae0e2d24900,0.016724292,13,,false
hard_200,22155021c3e245222d8bafc2959454269642d4d70f244002aea1bae0e2d24900,0,0,,false
hard_200,22155021c3e245222d8bafc2959454269642d4d70f244002aea1bae0e2d24900,0.03252631,15,,false
hard_200,22155021c3e245222d8bafc2959454269642d4d70f244002aea1bae0e2d24900,0.028696153,21,,false
hard_200,22155021c3e245222d8bafc2959454269642d4d70f244002aea1bae0e2d24900,0.023777803,18,,false
hard_200,22155021c3e245222d8bafc2959454269642d4d70f244002aea1bae0e2d24900,0,0,,false
hard_200,22155021c3e245222d8bafc2959454269642d4d70f244002aea1bae0e2d24900,0,0,,false
hard_200,22155021c3e245222d8bafc2959454269642d4d70f244002aea1bae0e2d24900,0.02537775,12,,false
hard_200,22155021c3e245222d8bafc2959454269642d4d70f244002aea1bae0e2d24900,0.012069294,11,,false
hard_200,22155021c3e245222d8bafc2959454269642d4d70f244002aea1bae0e2d24900,0.02362228,12,,false
hard_200,22155021c3e245222d8bafc2959454269642d4d70f244002aea1bae0e2d24900,0.018179037,9,,false
hard_200,22155021c3e245222d8bafc2959454269642d4d70f244002aea1bae0e2d24900,0.17750905,52,,false
hard_200,22155021c3e245222d8bafc2959454269642d4d70f244002aea1bae0e2d24900,0.0072651706,16,,false
hard_200,22155021c3e245222d8bafc2959454269642d4d70f244002aea1bae0e2d24900,0.021450251,24,,false
hard_200,22155021c3e245222d8bafc2959454269642d4d70f244002aea1bae0e2d24900,0.022722622,11,,false
hard_200,22155021c3e245222d8bafc2959454269642d4d70f244002aea1bae0e2d24900,0.004670084,7,,false
hard_200,22155021c3e245222d8bafc2959454269642d4d70f244002aea1bae0e2d24900,0.14250131,49,,false
hard_200,22155021c3e245222d8bafc2959454269642d4d70f244002aea1bae0e2d24900,0.037659027,16,,false
hard_200,22155021c3e245222d8bafc2959454269642d4d70f244002aea1bae0e2d24900,0.036369752,16,,false
hard_200,8281ee4086a8cb317b19b5d24f4b29aeb6469355aee0d4146b5ac26360acd29f,0.0032279391,2,,true
hard_200,8281ee4086a8cb317b19b5d24f4b29aeb6469355aee0d4146b5ac26360acd29f,0,0,,true
hard_200,8281ee4086a8cb317b19b5d24f4b29aeb6469355aee0d4146b5ac26360acd29f,0.048937187,9,,true
hard_200,8281ee4086a8cb317b19b5d24f4b29aeb6469355aee0d4146b5ac26360acd29f,0,0,,false
hard_200,8281ee4086a8cb317b19b5d24f4b29aeb6469355aee0d4146b5ac26360acd29f,0,0,,true
hard_200,8281ee4086a8cb317b19b5d24f4b29aeb6469355aee0d4146b5ac26360acd29f,0,0,,true
hard_200,8281ee4086a8cb317b19b5d24f4b29aeb6469355aee0d4146b5ac26360acd29f,0.0017983638,2,,true
hard_200,8281ee4086a8cb317b19b5d24f4b29aeb6469355aee0d4146b5ac26360acd29f,0.0022145784,2,,true
hard_200,8281ee4086a8cb317b19b5d24f4b29aeb6469355aee0d4146b5ac26360acd29f,0.0051577007,5,,true
hard_200,8281ee4086a8cb317b19b5d24f4b29aeb6469355aee0d4146b5ac26360acd29f,0.056216303,29,,true
hard_200,8281ee4086a8cb317b19b5d24f4b29aeb6469355aee0d4146b5ac26360acd29f,0,0,,true
hard_200,8281ee4086a8cb317b19b5d24f4b29aeb6469355aee0d4146b5ac26360acd29f,0.00075590337,1,,true
hard_200,8281ee4086a8cb317b19b5d24f4b29aeb6469355aee0d4146b5ac26360acd29f,0,0,,true
hard_200,8281ee4086a8cb317b19b5d24f4b29aeb6469355aee0d4146b5ac26360acd29f,0,0,,true
hard_200,8281ee4086a8cb317b19b5d24f4b29aeb6469355aee0d4146b5ac26360acd29f,0.017854767,7,,true
hard_200,8281ee4086a8cb317b19b5d24f4b29aeb6469355aee0d4146b5ac26360acd29f,0.021719718,11,,true
hard_200,8281ee4086a8cb317b19b5d24f4b29aeb6469355aee0d4146b5ac26360acd29f,0,0,,true
hard_200,8281ee4086a8cb317b19b5d24f4b29aeb6469355aee0d4146b5ac26360acd29f,0.0027020494,3,,true
hard_200,8281ee4086a8cb317b19b5d24f4b29aeb6469355aee0d4146b5ac26360acd29f,0.0020820256,3,,true
hard_200,8281ee4086a8cb317b19b5d24f4b29aeb6469355aee0d4146b5ac26360acd29f,0,0,,true
hard_200,8281ee4086a8cb317b19b5d24f4b29aeb6469355aee0d4146b5ac26360acd29f,0.019809205,9,,true
hard_200,8281ee4086a8cb317b19b5d24f4b29aeb6469355aee0d4146b5ac26360acd29f,0.0027886084,6,,true
hard_200,8281ee4086a8cb317b19b5d24f4b29aeb6469355aee0d4146b5ac26360acd29f,0.055776976,16,,true
hard_200,8281ee4086a8cb317b19b5d24f4b29aeb6469355aee0d4146b5ac26360acd29f,0.0099708885,5,,true
hard_200,8281ee4086a8cb317b19b5d24f4b29aeb6469355aee0d4146b5ac26360acd29f,0,0,,true
hard_200,8281ee4086a8cb317b19b5d24f4b29aeb6469355aee0d4146b5ac26360acd29f,0.05327252,25,,true
hard_200,8281ee4086a8cb317b19b5d24f4b29aeb6469355aee0d4146b5ac26360acd29f,0.021940328,5,,true
hard_200,8281ee4086a8cb317b19b5d24f4b29aeb6469355aee0d4146b5ac26360acd29f,0.017945822,9,,true
hard_200,8281ee4086a8cb317b19b5d24f4b29aeb6469355aee0d4146b5ac26360acd29f,0.04568127,20,,true
hard_200,8281ee4086a8cb317b19b5d24f4b29aeb6469355aee0d4146b5ac26360acd29f,0.046011366,15,,true
hard_200,8281ee4086a8cb317b19b5d24f4b29aeb6469355aee0d4146b5ac26360acd29f,0.01757125,12,,true
hard_200,8281ee4086a8cb317b19b5d24f4b29aeb6469355aee0d4146b5ac26360acd29f,0.06468988,25,,false
hard_200,8281ee4086a8cb317b19b5d24f4b29aeb6469355aee0d4146b5ac26360acd29f,0.11146822,46,,false
hard_200,8281ee4086a8cb317b19b5d24f4b29aeb6469355aee0d4146b5ac26360acd29f,0.2783988,52,,false
hard_200,ebd664708f28821169052cce37490233337f6acccecbff3188b948fa4639ad6a,0,0,,false
hard_200,ebd664708f28821169052cce37490233337f6acccecbff3188b948fa4639ad6a,0,0,,false
hard_200,ebd664708f28821169052cce37490233337f6acccecbff3188b948fa4639ad6a,0.038544197,22,,false
hard_200,ebd664708f28821169052cce37490233337f6acccecbff3188b948fa4639ad6a,0,0,,false
hard_200,ebd664708f28821169052cce37490233337f6acccecbff3188b948fa4639ad6a,0,0,,false
hard_200,ebd664708f28821169052cce37490233337f6acccecbff3188b948fa4639ad6a,0,0,,false
hard_200,ebd664708f28821169052cce37490233337f6acccecbff3188b948fa4639ad6a,0,0,,false
hard_200,ebd664708f28821169052cce37490233337f6acccecbff3188b948fa4639ad6a,0,0,,false
hard_200,ebd664708f28821169052cce37490233337f6acccecbff3188b948fa4639ad6a,0,0,,false
hard_200,ebd664708f28821169052cce37490233337f6acccecbff3188b948fa4639ad6a,0.0037988739,3,,false
hard_200,ebd664708f28821169052cce37490233337f6acccecbff3188b948fa4639ad6a,0.020275585,8,,false
hard_200,ebd664708f28821169052cce37490233337f6acccecbff3188b948fa4639ad6a,0.010318454,9,,false
hard_200,ebd664708f28821169052cce37490233337f6acccecbff3188b948fa4639ad6a,0.07360313,20,,false
hard_200,ebd664708f28821169052cce37490233337f6acccecbff3188b948fa4639ad6a,0.013132729,17,,false
hard_200,ebd664708f28821169052cce37490233337f6acccecbff3188b948fa4639ad6a,0.005550615,6,,false
hard_200,ebd664708f28821169052cce37490233337f6acccecbff3188b948fa4639ad6a,0.00045484075,2,,false
hard_200,ebd664708f28821169052cce37490233337f6acccecbff3188b948fa4639ad6a,0.011346733,6,,false
hard_200,ebd664708f28821169052cce37490233337f6acccecbff3188b948fa4639ad6a,0.017499793,9,,false
hard_200,ebd664708f28821169052cce37490233337f6acccecbff3188b948fa4639ad6a,0.029879222,22,,false
hard_200,ebd664708f28821169052cce37490233337f6acccecbff3188b948fa4639ad6a,0.02302861,17,,false
hard_200,ebd664708f28821169052cce37490233337f6acccecbff3188b948fa4639ad6a,0.008145131,3,,false
hard_200,ebd664708f28821169052cce37490233337f6acccecbff3188b948fa4639ad6a,0.047103256,19,,false
hard_200,ebd664708f28821169052cce37490233337f6acccecbff3188b948fa4639ad6a,0.003697377,4,,false
hard_200,ebd664708f28821169052cce37490233337f6acccecbff3188b948fa4639ad6a,0.027589092,14,,false
hard_200,ebd664708f28821169052cce37490233337f6acccecbff3188b948fa4639ad6a,0.009187005,8,,false
hard_200,ebd664708f28821169052cce37490233337f6acccecbff3188b948fa4639ad6a,0.017366532,8,,false
hard_200,ebd664708f28821169052cce37490233337f6acccecbff3188b948fa4639ad6a,0.038658988,22,,false
hard_200,ebd664708f28821169052cce37490233337f6acccecbff3188b948fa4639ad6a,0.0319535,13,,false
hard_200,ebd664708f28821169052cce37490233337f6acccecbff3188b948fa4639ad6a,0.01665652,16,,false
hard_200,ebd664708f28821169052cce37490233337f6acccecbff3188b948fa4639ad6a,0.041078463,21,,false
hard_200,ebd664708f28821169052cce37490233337f6acccecbff3188b948fa4639ad6a,0.0295735,17,,false
hard_200,ebd664708f28821169052cce37490233337f6acccecbff3188b948fa4639ad6a,0.032568265,14,,false
hard_200,ebd664708f28821169052cce37490233337f6acccecbff3188b948fa4639ad6a,0.11660127,34,,false
hard_200,d2bf0c66d197d5815cb91f67352e5a333bb5c1c57a9c7548a519b269d2e842c0,0,0,,true
hard_200,d2bf0c66d197d5815cb91f67352e5a333bb5c1c57a9c7548a519b269d2e842c0,0,0,,true
hard_200,d2bf0c66d197d5815cb91f67352e5a333bb5c1c57a9c7548a519b269d2e842c0,0,0,,true
hard_200,d2bf0c66d197d5815cb91f67352e5a333bb5c1c57a9c7548a519b269d2e842c0,0.00022210839,2,,true
hard_200,d2bf0c66d197d5815cb91f67352e5a333bb5c1c57a9c7548a519b269d2e842c0,0,0,,true
hard_200,d2bf0c66d197d5815cb91f67352e5a333bb5c1c57a9c7548a519b269d2e842c0,0.0010241132,1,,false
hard_200,d2bf0c66d197d5815cb91f67352e5a333bb5c1c57a9c7548a519b269d2e842c0,0,0,,true
hard_200,d2bf0c66d197d5815cb91f67352e5a333bb5c1c57a9c7548a519b269d2e842c0,0,0,,true
hard_200,d2bf0c66d197d5815cb91f67352e5a333bb5c1c57a9c7548a519b269d2e842c0,0,0,,true
hard_200,d2bf0c66d197d5815cb91f67352e5a333bb5c1c57a9c7548a519b269d2e842c0,0,0,,true
hard_200,d2bf0c66d197d5815cb91f67352e5a333bb5c1c57a9c7548a519b269d2e842c0,0.0060594124,8,,true
hard_200,d2bf0c66d197d5815cb91f67352e5a333bb5c1c57a9c7548a519b269d2e842c0,0,0,,true
hard_200,d2bf0c66d197d5815cb91f67352e5a333bb5c1c57a9c7548a519b269d2e842c0,0.009098386,7,,true
hard_200,d2bf0c66d197d5815cb91f67352e5a333bb5c1c57a9c7548a519b269d2e842c0,0.013183806,4,,true
hard_200,d2bf0c66d197d5815cb91f67352e5a333bb5c1c57a9c7548a519b269d2e842c0,0.019113291,9,,true
hard_200,d2bf0c66d197d5815cb91f67352e5a333bb5c1c57a9c7548a519b269d2e842c0,0.0007439522,5,,false
hard_200,d2bf0c66d197d5815cb91f67352e5a333bb5c1c57a9c7548a519b269d2e842c0,0.023869433,7,,true
hard_200,d2bf0c66d197d5815cb91f67352e5a333bb5c1c57a9c7548a519b269d2e842c0,0.01750265,7,,true
hard_200,d2bf0c66d197d5815cb91f67352e5a333bb5c1c57a9c7548a519b269d2e842c0,0.010942005,5,,true
hard_200,d2bf0c66d197d5815cb91f67352e5a333bb5c1c57a9c7548a519b269d2e842c0,0,0,,true
hard_200,d2bf0c66d197d5815cb91f67352e5a333bb5c1c57a9c7548a519b269d2e842c0,0.051244076,10,,false
hard_200,d2bf0c66d197d5815cb91f67352e5a333bb5c1c57a9c7548a519b269d2e842c0,0.026518561,13,,true
hard_200,d2bf0c66d197d5815cb91f67352e5a333bb5c1c57a9c7548a519b269d2e842c0,0.04262615,15,,true
hard_200,d2bf0c66d197d5815cb91f67352e5a333bb5c1c57a9c7548a519b269d2e842c0,0.04742053,23,,true
hard_200,d2bf0c66d197d5815cb91f67352e5a333bb5c1c57a9c7548a519b269d2e842c0,0.03351341,16,,true
hard_200,d2bf0c66d197d5815cb91f67352e5a333bb5c1c57a9c7548a519b269d2e842c0,0.005654017,7,,true
hard_200,d2bf0c66d197d5815cb91f67352e5a333bb5c1c57a9c7548a519b269d2e842c0,0.027663779,13,,true
hard_200,d2bf0c66d197d5815cb91f67352e5a333bb5c1c57a9c7548a519b269d2e842c0,0.023026446,18,,true
hard_200,d2bf0c66d197d5815cb91f67352e5a333bb5c1c57a9c7548a519b269d2e842c0,0.027194835,8,,true
hard_200,d2bf0c66d197d5815cb91f67352e5a333bb5c1c57a9c7548a519b269d2e842c0,0.031812962,14,,true
hard_200,d2bf0c66d197d5815cb91f67352e5a333bb5c1c57a9c7548a519b269d2e842c0,0.05154572,17,,false
hard_200,d2bf0c66d197d5815cb91f67352e5a333bb5c1c57a9c7548a519b269d2e842c0,0.0330768,21,,true
hard_200,7ebff8669d49f2a38b32b3c1636530c1cb20d57eb96a1bc35222d15b0e035d21,0,0,,false
hard_200,7ebff8669d49f2a38b32b3c1636530c1cb20d57eb96a1bc35222d15b0e035d21,0,0,,false
hard_200,7ebff8669d49f2a38b32b3c1636530c1cb20d57eb96a1bc35222d15b0e035d21,0,0,,false
hard_200,7ebff8669d49f2a38b32b3c1636530c1cb20d57eb96a1bc35222d15b0e035d21,0,0,,false
hard_200,7ebff8669d49f2a38b32b3c1636530c1cb20d57eb96a1bc35222d15b0e035d21,0.0074249627,17,,false
hard_200,7ebff8669d49f2a38b32b3c1636530c1cb20d57eb96a1bc35222d15b0e035d21,0,0,,false
hard_200,7ebff8669d49f2a38b32b3c1636530c1cb20d57eb96a1bc35222d15b0e035d21,0,0,,false
hard_200,7ebff8669d49f2a38b32b3c1636530c1cb20d57eb96a1bc35222d15b0e035d21,0,0,,false
hard_200,7ebff8669d49f2a38b32b3c1636530c1cb20d57eb96a1bc35222d15b0e035d21,0.022670524,16,,false
hard_200,7ebff8669d49f2a38b32b3c1636530c1cb20d57eb96a1bc35222d15b0e035d21,0.010693172,4,,false
hard_200,7ebff8669d49f2a38b32b3c1636530c1cb20d57eb96a1bc35222d15b0e035d21,0.005692953,3,,false
hard_200,7ebff8669d49f2a38b32b3c1636530c1cb20d57eb96a1bc35222d15b0e035d21,0.028871872,15,,false
hard_200,7ebff8669d49f2a38b32b3c1636530c1cb20d57eb96a1bc35222d15b0e035d21,0.014842626,9,,false
hard_200,7ebff8669d49f2a38b32b3c1636530c1cb20d57eb96a1bc35222d15b0e035d21,0.0067089577,5,,false
hard_200,7ebff8669d49f2a38b32b3c1636530c1cb20d57eb96a1bc35222d15b0e035d21,0.0069559608,6,,false
hard_200,7ebff8669d49f2a38b32b3c1636530c1cb20d57eb96a1bc35222d15b0e035d21,0.022850426,15,,false
hard_200,7ebff8669d49f2a38b32b3c1636530c1cb20d57eb96a1bc35222d15b0e035d21,0.008190611,3,,false
hard_200,7ebff8669d49f2a38b32b3c1636530c1cb20d57eb96a1bc35222d15b0e035d21,0.02034197,11,,false
hard_200,7ebff8669d49f2a38b32b3c1636530c1cb20d57eb96a1bc35222d15b0e035d21,0.028035987,15,,false
hard_200,7ebff8669d49f2a38b32b3c1636530c1cb20d57eb96a1bc35222d15b0e035d21,0.006594507,7,,false
hard_200,7ebff8669d49f2a38b32b3c1636530c1cb20d57eb96a1bc35222d15b0e035d21,0.045011412,16,,false
hard_200,7ebff8669d49f2a38b32b3c1636530c1cb20d57eb96a1bc35222d15b0e035d21,0.04903079,14,,false
hard_200,7ebff8669d49f2a38b32b3c1636530c1cb20d57eb96a1bc35222d15b0e035d21,0.00840616,5,,false
hard_200,7ebff8669d49f2a38b32b3c1636530c1cb20d57eb96a1bc35222d15b0e035d21,0.00037964314,2,,false
hard_200,7ebff8669d49f2a38b32b3c1636530c1cb20d57eb96a1bc35222d15b0e035d21,0.0422903,19,,false
hard_200,7ebff8669d49f2a38b32b3c1636530c1cb20d57eb96a1bc35222d15b0e035d21,0.15842035,42,,false
hard_200,7ebff8669d49f2a38b32b3c1636530c1cb20d57eb96a1bc35222d15b0e035d21,0.029321656,20,,false
hard_200,7ebff8669d49f2a38b32b3c1636530c1cb20d57eb96a1bc35222d15b0e035d21,0.051680755,17,,false
hard_200,7ebff8669d49f2a38b32b3c1636530c1cb20d57eb96a1bc35222d15b0e035d21,0.09844561,33,,false
hard_200,7ebff8669d49f2a38b32b3c1636530c1cb20d57eb96a1bc35222d15b0e035d21,0.07896943,18,,false
hard_200,7ebff8669d49f2a38b32b3c1636530c1cb20d57eb96a1bc35222d15b0e035d21,0.038782034,13,,false
hard_200,7ebff8669d49f2a38b32b3c1636530c1cb20d57eb96a1bc35222d15b0e035d21,0.036451805,22,,false
hard_200,7ebff8669d49f2a38b32b3c1636530c1cb20d57eb96a1bc35222d15b0e035d21,0.10246304,39,,false
hard_200,bd36a60fe537053d9a7ad9121d38f944d7511746eb22b7d9a8b05f21146124cf,0,0,,false
hard_200,bd36a60fe537053d9a7ad9121d38f944d7511746eb22b7d9a8b05f21146124cf,0,0,,true
hard_200,bd36a60fe537053d9a7ad9121d38f944d7511746eb22b7d9a8b05f21146124cf,0,0,,true
hard_200,bd36a60fe537053d9a7ad9121d38f944d7511746eb22b7d9a8b05f21146124cf,0,0,,false
hard_200,bd36a60fe537053d9a7ad9121d38f944d7511746eb22b7d9a8b05f21146124cf,0.00039095595,2,,true
hard_200,bd36a60fe537053d9a7ad9121d38f944d7511746eb22b7d9a8b05f21146124cf,0.0013904083,2,,true
hard_200,bd36a60fe537053d9a7ad9121d38f944d7511746eb22b7d9a8b05f21146124cf,0.0064342134,5,,true
hard_200,bd36a60fe537053d9a7ad9121d38f944d7511746eb22b7d9a8b05f21146124cf,0.00018918548,1,,true
hard_200,bd36a60fe537053d9a7ad9121d38f944d7511746eb22b7d9a8b05f21146124cf,0.0051328586,4,,true
hard_200,bd36a60fe537053d9a7ad9121d38f944d7511746eb22b7d9a8b05f21146124cf,0.0006414234,1,,true
hard_200,bd36a60fe537053d9a7ad9121d38f944d7511746eb22b7d9a8b05f21146124cf,0.00359685,6,,false
hard_200,bd36a60fe537053d9a7ad9121d38f944d7511746eb22b7d9a8b05f21146124cf,0.030214246,5,,true
hard_200,bd36a60fe537053d9a7ad9121d38f944d7511746eb22b7d9a8b05f21146124cf,0.00085546495,2,,true
hard_200,bd36a60fe537053d9a7ad9121d38f944d7511746eb22b7d9a8b05f21146124cf,0.034743156,16,,true
hard_200,bd36a60fe537053d9a7ad9121d38f944d7511746eb22b7d9a8b05f21146124cf,0.020701436,14,,true
hard_200,bd36a60fe537053d9a7ad9121d38f944d7511746eb22b7d9a8b05f21146124cf,0.018433793,6,,true
hard_200,bd36a60fe537053d9a7ad9121d38f944d7511746eb22b7d9a8b05f21146124cf,0.014855846,10,,true
hard_200,bd36a60fe537053d9a7ad9121d38f944d7511746eb22b7d9a8b05f21146124cf,0.042655103,17,,true
hard_200,bd36a60fe537053d9a7ad9121d38f944d7511746eb22b7d9a8b05f21146124cf,0.039441716,16,,true
hard_200,bd36a60fe537053d9a7ad9121d38f944d7511746eb22b7d9a8b05f21146124cf,0.030355003,13,,true
hard_200,bd36a60fe537053d9a7ad9121d38f944d7511746eb22b7d9a8b05f21146124cf,0.25406998,59,,false
hard_200,bd36a60fe537053d9a7ad9121d38f944d7511746eb22b7d9a8b05f21146124cf,0.0174616,13,,true
hard_200,bd36a60fe537053d9a7ad9121d38f944d7511746eb22b7d9a8b05f21146124cf,0.0028729597,5,,true
hard_200,bd36a60fe537053d9a7ad9121d38f944d7511746eb22b7d9a8b05f21146124cf,0.040296648,15,,true
hard_200,bd36a60fe537053d9a7ad9121d38f944d7511746eb22b7d9a8b05f21146124cf,0.022735283,8,,false
hard_200,bd36a60fe537053d9a7ad9121d38f944d7511746eb22b7d9a8b05f21146124cf,0.0071324515,7,,true
hard_200,bd36a60fe537053d9a7ad9121d38f944d7511746eb22b7d9a8b05f21146124cf,0.013139078,11,,true
hard_200,bd36a60fe537053d9a7ad9121d38f944d7511746eb22b7d9a8b05f21146124cf,0.05214561,16,,true
hard_200,bd36a60fe537053d9a7ad9121d38f944d7511746eb22b7d9a8b05f21146124cf,0.05039494,20,,true
hard_200,bd36a60fe537053d9a7ad9121d38f944d7511746eb22b7d9a8b05f21146124cf,0.057508275,24,,false
hard_200,29881517fc40b522bb778d0a362f4f13af58481a806b9302c973175e6a537642,0.0001803027,2,,false
hard_200,29881517fc40b522bb778d0a362f4f13af58481a806b9302c973175e6a537642,0,0,,false
hard_200,29881517fc40b522bb778d0a362f4f13af58481a806b9302c973175e6a537642,0.00056821207,1,,false
hard_200,29881517fc40b522bb778d0a362f4f13af58481a806b9302c973175e6a537642,0.01901686,21,,false
hard_200,29881517fc40b522bb778d0a362f4f13af58481a806b9302c973175e6a537642,0.002333922,2,,false
hard_200,29881517fc40b522bb778d0a362f4f13af58481a806b9302c973175e6a537642,0.0010921219,1,,false
hard_200,29881517fc40b522bb778d0a362f4f13af58481a806b9302c973175e6a537642,0.014919834,5,,false
hard_200,29881517fc40b522bb778d0a362f4f13af58481a806b9302c973175e6a537642,0.02092084,10,,false
hard_200,29881517fc40b522bb778d0a362f4f13af58481a806b9302c973175e6a537642,0.0023814584,2,,false
hard_200,29881517fc40b522bb778d0a362f4f13af58481a806b9302c973175e6a537642,0.025473578,12,,false
hard_200,29881517fc40b522bb778d0a362f4f13af58481a806b9302c973175e6a537642,0.012596035,6,,false
hard_200,29881517fc40b522bb778d0a362f4f13af58481a806b9302c973175e6a537642,0.0067780227,8,,false
hard_200,29881517fc40b522bb778d0a362f4f13af58481a806b9302c973175e6a537642,0,0,,false
hard_200,29881517fc40b522bb778d0a362f4f13af58481a806b9302c973175e6a537642,0.0043676407,8,,false
hard_200,29881517fc40b522bb778d0a362f4f13af58481a806b9302c973175e6a537642,0,0,,false
hard_200,29881517fc40b522bb778d0a362f4f13af58481a806b9302c973175e6a537642,0.039455455,24,,false
hard_200,29881517fc40b522bb778d0a362f4f13af58481a806b9302c973175e6a537642,0.012072002,13,,false
hard_200,29881517fc40b522bb778d0a362f4f13af58481a806b9302c973175e6a537642,0.046826106,18,,false
hard_200,29881517fc40b522bb778d0a362f4f13af58481a806b9302c973175e6a537642,0.014130622,6,,false
hard_200,29881517fc40b522bb778d0a362f4f13af58481a806b9302c973175e6a537642,0.017997667,14,,false
hard_200,29881517fc40b522bb778d0a362f4f13af58481a806b9302c973175e6a537642,0.0017199528,4,,false
hard_200,29881517fc40b522bb778d0a362f4f13af58481a806b9302c973175e6a537642,0.037038576,13,,false
hard_200,29881517fc40b522bb778d0a362f4f13af58481a806b9302c973175e6a537642,0.042067815,13,,false
hard_200,29881517fc40b522bb778d0a362f4f13af58481a806b9302c973175e6a537642,0.011079646,6,,false
hard_200,29881517fc40b522bb778d0a362f4f13af58481a806b9302c973175e6a537642,0.027647676,7,,false
hard_200,29881517fc40b522bb778d0a362f4f13af58481a806b9302c973175e6a537642,0.035451476,21,,false
hard_200,29881517fc40b522bb778d0a362f4f13af58481a806b9302c973175e6a537642,0.17455691,45,,false
hard_200,29881517fc40b522bb778d0a362f4f13af58481a806b9302c973175e6a537642,0.0030328494,4,,false
hard_200,29881517fc40b522bb778d0a362f4f13af58481a806b9302c973175e6a537642,0.036062904,18,,false
hard_200,29881517fc40b522bb778d0a362f4f13af58481a806b9302c973175e6a537642,0.044480506,19,,false
hard_200,29881517fc40b522bb778d0a362f4f13af58481a806b9302c973175e6a537642,0.044699166,20,,false
hard_200,29881517fc40b522bb778d0a362f4f13af58481a806b9302c973175e6a537642,0.03707717,15,,false
hard_200,29881517fc40b522bb778d0a362f4f13af58481a806b9302c973175e6a537642,0.13769689,47,,false
hard_200,1d47d8ee88a032a7b6392654389d5e2e2bdedaec4f5e1c3e689174408a4a9765,0,0,,false
hard_200,1d47d8ee88a032a7b6392654389d5e2e2bdedaec4f5e1c3e689174408a4a9765,0,0,,false
hard_200,1d47d8ee88a032a7b6392654389d5e2e2bdedaec4f5e1c3e689174408a4a9765,0.003238458,4,,false
hard_200,1d47d8ee88a032a7b6392654389d5e2e2bdedaec4f5e1c3e689174408a4a9765,0,0,,false
hard_200,1d47d8ee88a032a7b6392654389d5e2e2bdedaec4f5e1c3e689174408a4a9765,0.0014238064,1,,false
hard_200,1d47d8ee88a032a7b6392654389d5e2e2bdedaec4f5e1c3e689174408a4a9765,0.0008588423,2,,false
hard_200,1d47d8ee88a032a7b6392654389d5e2e2bdedaec4f5e1c3e689174408a4a9765,0.0101061165,13,,false
hard_200,1d47d8ee88a032a7b6392654389d5e2e2bdedaec4f5e1c3e689174408a4a9765,0.04084465,15,,false
hard_200,1d47d8ee88a032a7b6392654389d5e2e2bdedaec4f5e1c3e689174408a4a9765,0,0,,false
hard_200,1d47d8ee88a032a7b6392654389d5e2e2bdedaec4f5e1c3e689174408a4a9765,0.007536905,9,,false
hard_200,1d47d8ee88a032a7b6392654389d5e2e2bdedaec4f5e1c3e689174408a4a9765,0,0,,false
hard_200,1d47d8ee88a032a7b6392654389d5e2e2bdedaec4f5e1c3e689174408a4a9765,0.04604302,19,,false
hard_200,1d47d8ee88a032a7b6392654389d5e2e2bdedaec4f5e1c3e689174408a4a9765,0,0,,false
hard_200,1d47d8ee88a032a7b6392654389d5e2e2bdedaec4f5e1c3e689174408a4a9765,0,0,,false
hard_200,1d47d8ee88a032a7b6392654389d5e2e2bdedaec4f5e1c3e689174408a4a9765,0.03712535,12,,false
hard_200,1d47d8ee88a032a7b6392654389d5e2e2bdedaec4f5e1c3e689174408a4a9765,0.0045484765,5,,false
hard_200,1d47d8ee88a032a7b6392654389d5e2e2bdedaec4f5e1c3e689174408a4a9765,0.0046126675,5,,false
hard_200,1d47d8ee88a032a7b6392654389d5e2e2bdedaec4f5e1c3e689174408a4a9765,0.024102101,13,,false
hard_200,1d47d8ee88a032a7b6392654389d5e2e2bdedaec4f5e1c3e689174408a4a9765,0.015469781,11,,false
hard_200,1d47d8ee88a032a7b6392654389d5e2e2bdedaec4f5e1c3e689174408a4a9765,0.021268116,15,,false
hard_200,1d47d8ee88a032a7b6392654389d5e2e2bdedaec4f5e1c3e689174408a4a9765,0.0028508634,2,,false
hard_200,1d47d8ee88a032a7b6392654389d5e2e2bdedaec4f5e1c3e689174408a4a9765,0.02139739,14,,false
hard_200,1d47d8ee88a032a7b6392654389d5e2e2bdedaec4f5e1c3e689174408a4a9765,0.042440757,23,,false
hard_200,1d47d8ee88a032a7b6392654389d5e2e2bdedaec4f5e1c3e689174408a4a9765,0.03339356,22,,false
hard_200,1d47d8ee88a032a7b6392654389d5e2e2bdedaec4f5e1c3e689174408a4a9765,0.01918633,8,,false
hard_200,1d47d8ee88a032a7b6392654389d5e2e2bdedaec4f5e1c3e689174408a4a9765,0.026846886,11,,false
hard_200,1d47d8ee88a032a7b6392654389d5e2e2bdedaec4f5e1c3e689174408a4a9765,0.037414253,24,,false
hard_200,1d47d8ee88a032a7b6392654389d5e2e2bdedaec4f5e1c3e689174408a4a9765,0.026195396,14,,false
hard_200,ebd0f459c721ec02c5f05d92b0c28ab33c9e73c9a4530a4fffe6ca65d2b5cf50,0,0,,false
hard_200,ebd0f459c721ec02c5f05d92b0c28ab33c9e73c9a4530a4fffe6ca65d2b5cf50,0.0013191846,4,,false
hard_200,ebd0f459c721ec02c5f05d92b0c28ab33c9e73c9a4530a4fffe6ca65d2b5cf50,0,0,,false
hard_200,ebd0f459c721ec02c5f05d92b0c28ab33c9e73c9a4530a4fffe6ca65d2b5cf50,0,0,,false
hard_200,ebd0f459c721ec02c5f05d92b0c28ab33c9e73c9a4530a4fffe6ca65d2b5cf50,0,0,,false
hard_200,ebd0f459c721ec02c5f05d92b0c28ab33c9e73c9a4530a4fffe6ca65d2b5cf50,0,0,,false
hard_200,ebd0f459c721ec02c5f05d92b0c28ab33c9e73c9a4530a4fffe6ca65d2b5cf50,0.007835078,5,,false
hard_200,ebd0f459c721ec02c5f05d92b0c28ab33c9e73c9a4530a4fffe6ca65d2b5cf50,0.007188742,7,,false
hard_200,ebd0f459c721ec02c5f05d92b0c28ab33c9e73c9a4530a4fffe6ca65d2b5cf50,0,0,,false
hard_200,ebd0f459c721ec02c5f05d92b0c28ab33c9e73c9a4530a4fffe6ca65d2b5cf50,0.06899313,22,,false
hard_200,ebd0f459c721ec02c5f05d92b0c28ab33c9e73c9a4530a4fffe6ca65d2b5cf50,0,0,,false
hard_200,ebd0f459c721ec02c5f05d92b0c28ab33c9e73c9a4530a4fffe6ca65d2b5cf50,0.0016784574,1,,false
hard_200,ebd0f459c721ec02c5f05d92b0c28ab33c9e73c9a4530a4fffe6ca65d2b5cf50,0.002975565,3,,false
hard_200,ebd0f459c721ec02c5f05d92b0c28ab33c9e73c9a4530a4fffe6ca65d2b5cf50,0,0,,false
hard_200,ebd0f459c721ec02c5f05d92b0c28ab33c9e73c9a4530a4fffe6ca65d2b5cf50,0.0024783027,2,,false
hard_200,ebd0f459c721ec02c5f05d92b0c28ab33c9e73c9a4530a4fffe6ca65d2b5cf50,0.02469276,14,,false
hard_200,ebd0f459c721ec02c5f05d92b0c28ab33c9e73c9a4530a4fffe6ca65d2b5cf50,0.007813254,3,,false
hard_200,ebd0f459c721ec02c5f05d92b0c28ab33c9e73c9a4530a4fffe6ca65d2b5cf50,0.003017518,5,,false
hard_200,ebd0f459c721ec02c5f05d92b0c28ab33c9e73c9a4530a4fffe6ca65d2b5cf50,0.03946882,11,,false
hard_200,ebd0f459c721ec02c5f05d92b0c28ab33c9e73c9a4530a4fffe6ca65d2b5cf50,0.002889341,6,,false
hard_200,ebd0f459c721ec02c5f05d92b0c28ab33c9e73c9a4530a4fffe6ca65d2b5cf50,0.03663505,15,,false
hard_200,ebd0f459c721ec02c5f05d92b0c28ab33c9e73c9a4530a4fffe6ca65d2b5cf50,0.033680044,12,,false
hard_200,ebd0f459c721ec02c5f05d92b0c28ab33c9e73c9a4530a4fffe6ca65d2b5cf50,0.040553026,17,,false
hard_200,ebd0f459c721ec02c5f05d92b0c28ab33c9e73c9a4530a4fffe6ca65d2b5cf50,0.027399488,12,,false
hard_200,ebd0f459c721ec02c5f05d92b0c28ab33c9e73c9a4530a4fffe6ca65d2b5cf50,0.026736455,20,,false
hard_200,ebd0f459c721ec02c5f05d92b0c28ab33c9e73c9a4530a4fffe6ca65d2b5cf50,0.026946653,16,,false
hard_200,ebd0f459c721ec02c5f05d92b0c28ab33c9e73c9a4530a4fffe6ca65d2b5cf50,0.0378171,17,,false
hard_200,ebd0f459c721ec02c5f05d92b0c28ab33c9e73c9a4530a4fffe6ca65d2b5cf50,0.017496446,8,,false
hard_200,ebd0f459c721ec02c5f05d92b0c28ab33c9e73c9a4530a4fffe6ca65d2b5cf50,0.022483174,8,,false
hard_200,ebd0f459c721ec02c5f05d92b0c28ab33c9e73c9a4530a4fffe6ca65d2b5cf50,0.020494089,9,,false
hard_200,ebd0f459c721ec02c5f05d92b0c28ab33c9e73c9a4530a4fffe6ca65d2b5cf50,0.05422704,15,,false
hard_200,9119e0fe4d29c446644a49bc8e2470e4f6b2a4afb5746d4d8abcac860b703e30,0,0,,false
hard_200,9119e0fe4d29c446644a49bc8e2470e4f6b2a4afb5746d4d8abcac860b703e30,0,0,,false
hard_200,9119e0fe4d29c446644a49bc8e2470e4f6b2a4afb5746d4d8abcac860b703e30,0,0,,false
hard_200,9119e0fe4d29c446644a49bc8e2470e4f6b2a4afb5746d4d8abcac860b703e30,0,0,,false
hard_200,9119e0fe4d29c446644a49bc8e2470e4f6b2a4afb5746d4d8abcac860b703e30,0,0,,false
hard_200,9119e0fe4d29c446644a49bc8e2470e4f6b2a4afb5746d4d8abcac860b703e30,0,0,,false
hard_200,9119e0fe4d29c446644a49bc8e2470e4f6b2a4afb5746d4d8abcac860b703e30,0,0,,false
hard_200,9119e0fe4d29c446644a49bc8e2470e4f6b2a4afb5746d4d8abcac860b703e30,0,0,,false
hard_200,9119e0fe4d29c446644a49bc8e2470e4f6b2a4afb5746d4d8abcac860b703e30,0,0,,false
hard_200,9119e0fe4d29c446644a49bc8e2470e4f6b2a4afb5746d4d8abcac860b703e30,0,0,,false
hard_200,9119e0fe4d29c446644a49bc8e2470e4f6b2a4afb5746d4d8abcac860b703e30,0.00018591156,2,,false
hard_200,9119e0fe4d29c446644a49bc8e2470e4f6b2a4afb5746d4d8abcac860b703e30,0.04520161,17,,false
hard_200,9119e0fe4d29c446644a49bc8e2470e4f6b2a4afb5746d4d8abcac860b703e30,0,0,,false
hard_200,9119e0fe4d29c446644a49bc8e2470e4f6b2a4afb5746d4d8abcac860b703e30,0.0037825003,2,,false
hard_200,9119e0fe4d29c446644a49bc8e2470e4f6b2a4afb5746d4d8abcac860b703e30,0,0,,false
hard_200,9119e0fe4d29c446644a49bc8e2470e4f6b2a4afb5746d4d8abcac860b703e30,0.009393987,5,,false
hard_200,9119e0fe4d29c446644a49bc8e2470e4f6b2a4afb5746d4d8abcac860b703e30,0.0031921468,4,,false
hard_200,9119e0fe4d29c446644a49bc8e2470e4f6b2a4afb5746d4d8abcac860b703e30,0.021793788,17,,false
hard_200,9119e0fe4d29c446644a49bc8e2470e4f6b2a4afb5746d4d8abcac860b703e30,0.0045220423,2,,false
hard_200,9119e0fe4d29c446644a49bc8e2470e4f6b2a4afb5746d4d8abcac860b703e30,0.15755162,51,,false
hard_200,9119e0fe4d29c446644a49bc8e2470e4f6b2a4afb5746d4d8abcac860b703e30,0.057467196,18,,false
hard_200,9119e0fe4d29c446644a49bc8e2470e4f6b2a4afb5746d4d8abcac860b703e30,0.021750769,12,,false
hard_200,9119e0fe4d29c446644a49bc8e2470e4f6b2a4afb5746d4d8abcac860b703e30,0.010764374,12,,false
hard_200,9119e0fe4d29c446644a49bc8e2470e4f6b2a4afb5746d4d8abcac860b703e30,0.026721258,21,,false
hard_200,9119e0fe4d29c446644a49bc8e2470e4f6b2a4afb5746d4d8abcac860b703e30,0.0010422821,2,,false
hard_200,9119e0fe4d29c446644a49bc8e2470e4f6b2a4afb5746d4d8abcac860b703e30,0.021138607,14,,false
hard_200,9119e0fe4d29c446644a49bc8e2470e4f6b2a4afb5746d4d8abcac860b703e30,0.033184104,16,,false
hard_200,9119e0fe4d29c446644a49bc8e2470e4f6b2a4afb5746d4d8abcac860b703e30,0.0414025,14,,false
hard_200,9119e0fe4d29c446644a49bc8e2470e4f6b2a4afb5746d4d8abcac860b703e30,0.018368924,9,,false
hard_200,9119e0fe4d29c446644a49bc8e2470e4f6b2a4afb5746d4d8abcac860b703e30,0.035231546,14,,false
hard_200,9119e0fe4d29c446644a49bc8e2470e4f6b2a4afb5746d4d8abcac860b703e30,0.17809348,48,,false
hard_200,9119e0fe4d29c446644a49bc8e2470e4f6b2a4afb5746d4d8abcac860b703e30,0.031757656,18,,false
hard_200,9119e0fe4d29c446644a49bc8e2470e4f6b2a4afb5746d4d8abcac860b703e30,0.03294893,12,,false
hard_200,9119e0fe4d29c446644a49bc8e2470e4f6b2a4afb5746d4d8abcac860b703e30,0.05507963,19,,false
hard_200,9119e0fe4d29c446644a49bc8e2470e4f6b2a4afb5746d4d8abcac860b703e30,0.18738717,48,,false
hard_200,9a16b350c831ce40bad67d75aacc8bfaf95a63c9985c7b4045858a1acff30dba,0,0,,false
hard_200,9a16b350c831ce40bad67d75aacc8bfaf95a63c9985c7b4045858a1acff30dba,0,0,,false
hard_200,9a16b350c831ce40bad67d75aacc8bfaf95a63c9985c7b4045858a1acff30dba,0,0,,false
hard_200,9a16b350c831ce40bad67d75aacc8bfaf95a63c9985c7b4045858a1acff30dba,0,0,,false
hard_200,9a16b350c831ce40bad67d75aacc8bfaf95a63c9985c7b4045858a1acff30dba,0,0,,false
hard_200,9a16b350c831ce40bad67d75aacc8bfaf95a63c9985c7b4045858a1acff30dba,0,0,,false
hard_200,9a16b350c831ce40bad67d75aacc8bfaf95a63c9985c7b4045858a1acff30dba,0,0,,false
hard_200,9a16b350c831ce40bad67d75aacc8bfaf95a63c9985c7b4045858a1acff30dba,0,0,,false
hard_200,9a16b350c831ce40bad67d75aacc8bfaf95a63c9985c7b4045858a1acff30dba,0,0,,false
hard_200,9a16b350c831ce40bad67d75aacc8bfaf95a63c9985c7b4045858a1acff30dba,0.0029892859,1,,false
hard_200,9a16b350c831ce40bad67d75aacc8bfaf95a63c9985c7b4045858a1acff30dba,0,0,,false
hard_200,9a16b350c831ce40bad67d75aacc8bfaf95a63c9985c7b4045858a1acff30dba,0,0,,false
hard_200,9a16b350c831ce40bad67d75aacc8bfaf95a63c9985c7b4045858a1acff30dba,0.00008765744,1,,false
hard_200,9a16b350c831ce40bad67d75aacc8bfaf95a63c9985c7b4045858a1acff30dba,0.0038908524,6,,false
hard_200,9a16b350c831ce40bad67d75aacc8bfaf95a63c9985c7b4045858a1acff30dba,0,0,,false
hard_200,9a16b350c831ce40bad67d75aacc8bfaf95a63c9985c7b4045858a1acff30dba,0.03164016,14,,false
hard_200,9a16b350c831ce40bad67d75aacc8bfaf95a63c9985c7b4045858a1acff30dba,0.0045205136,6,,false
hard_200,9a16b350c831ce40bad67d75aacc8bfaf95a63c9985c7b4045858a1acff30dba,0.004253251,4,,false
hard_200,9a16b350c831ce40bad67d75aacc8bfaf95a63c9985c7b4045858a1acff30dba,0.028217992,22,,false
hard_200,9a16b350c831ce40bad67d75aacc8bfaf95a63c9985c7b4045858a1acff30dba,0.0028409783,1,,false
hard_200,9a16b350c831ce40bad67d75aacc8bfaf95a63c9985c7b4045858a1acff30dba,0.018616276,18,,false
hard_200,9a16b350c831ce40bad67d75aacc8bfaf95a63c9985c7b4045858a1acff30dba,0.03768918,18,,false
hard_200,9a16b350c831ce40bad67d75aacc8bfaf95a63c9985c7b4045858a1acff30dba,0.028714871,18,,false
hard_200,9a16b350c831ce40bad67d75aacc8bfaf95a63c9985c7b4045858a1acff30dba,0.03804759,15,,false
hard_200,9a16b350c831ce40bad67d75aacc8bfaf95a63c9985c7b4045858a1acff30dba,0.050371908,21,,false
hard_200,9a16b350c831ce40bad67d75aacc8bfaf95a63c9985c7b4045858a1acff30dba,0.03328289,18,,false
hard_200,9a16b350c831ce40bad67d75aacc8bfaf95a63c9985c7b4045858a1acff30dba,0.04771126,24,,false
hard_200,9a16b350c831ce40bad67d75aacc8bfaf95a63c9985c7b4045858a1acff30dba,0.0216583,11,,false
hard_200,9a16b350c831ce40bad67d75aacc8bfaf95a63c9985c7b4045858a1acff30dba,0.02939695,20,,false
hard_200,9a16b350c831ce40bad67d75aacc8bfaf95a63c9985c7b4045858a1acff30dba,0.026297916,20,,false
hard_200,9a16b350c831ce40bad67d75aacc8bfaf95a63c9985c7b4045858a1acff30dba,0.048276514,12,,false
hard_200,d2f30d8f5fdd8f0bfa98c35085d5af264b92c7780e30ec7f66a332fc1abea3b1,0,0,,false
hard_200,d2f30d8f5fdd8f0bfa98c35085d5af264b92c7780e30ec7f66a332fc1abea3b1,0,0,,false
hard_200,d2f30d8f5fdd8f0bfa98c35085d5af264b92c7780e30ec7f66a332fc1abea3b1,0.00078814407,2,,false
hard_200,d2f30d8f5fdd8f0bfa98c35085d5af264b92c7780e30ec7f66a332fc1abea3b1,0.00052564824,1,,false
hard_200,d2f30d8f5fdd8f0bfa98c35085d5af264b92c7780e30ec7f66a332fc1abea3b1,0.0064421026,4,,false
hard_200,d2f30d8f5fdd8f0bfa98c35085d5af264b92c7780e30ec7f66a332fc1abea3b1,0,0,,false
hard_200,d2f30d8f5fdd8f0bfa98c35085d5af264b92c7780e30ec7f66a332fc1abea3b1,0.009567653,4,,false
hard_200,d2f30d8f5fdd8f0bfa98c35085d5af264b92c7780e30ec7f66a332fc1abea3b1,0.0010832351,1,,false
hard_200,d2f30d8f5fdd8f0bfa98c35085d5af264b92c7780e30ec7f66a332fc1abea3b1,0.007331225,4,,false
hard_200,d2f30d8f5fdd8f0bfa98c35085d5af264b92c7780e30ec7f66a332fc1abea3b1,0.0063228807,5,,false
hard_200,d2f30d8f5fdd8f0bfa98c35085d5af264b92c7780e30ec7f66a332fc1abea3b1,0.020264786,11,,false
hard_200,d2f30d8f5fdd8f0bfa98c35085d5af264b92c7780e30ec7f66a332fc1abea3b1,0.0010537979,1,,false
hard_200,d2f30d8f5fdd8f0bfa98c35085d5af264b92c7780e30ec7f66a332fc1abea3b1,0.028936714,14,,false
hard_200,d2f30d8f5fdd8f0bfa98c35085d5af264b92c7780e30ec7f66a332fc1abea3b1,0.017630571,12,,false
hard_200,d2f30d8f5fdd8f0bfa98c35085d5af264b92c7780e30ec7f66a332fc1abea3b1,0,0,,false
hard_200,d2f30d8f5fdd8f0bfa98c35085d5af264b92c7780e30ec7f66a332fc1abea3b1,0.0062893573,7,,false
hard_200,d2f30d8f5fdd8f0bfa98c35085d5af264b92c7780e30ec7f66a332fc1abea3b1,0.038701303,18,,false
hard_200,d2f30d8f5fdd8f0bfa98c35085d5af264b92c7780e30ec7f66a332fc1abea3b1,0.042123906,13,,false
hard_200,d2f30d8f5fdd8f0bfa98c35085d5af264b92c7780e30ec7f66a332fc1abea3b1,0.042510107,17,,false
hard_200,d2f30d8f5fdd8f0bfa98c35085d5af264b92c7780e30ec7f66a332fc1abea3b1,0.042905603,21,,false
hard_200,d2f30d8f5fdd8f0bfa98c35085d5af264b92c7780e30ec7f66a332fc1abea3b1,0.03172218,12,,false
hard_200,d2f30d8f5fdd8f0bfa98c35085d5af264b92c7780e30ec7f66a332fc1abea3b1,0.051907398,14,,false
hard_200,d2f30d8f5fdd8f0bfa98c35085d5af264b92c7780e30ec7f66a332fc1abea3b1,0,0,,false
hard_200,d2f30d8f5fdd8f0bfa98c35085d5af264b92c7780e30ec7f66a332fc1abea3b1,0.036747925,17,,false
hard_200,d2f30d8f5fdd8f0bfa98c35085d5af264b92c7780e30ec7f66a332fc1abea3b1,0.03921942,13,,false
hard_200,d2f30d8f5fdd8f0bfa98c35085d5af264b92c7780e30ec7f66a332fc1abea3b1,0.003275019,2,,false
hard_200,d2f30d8f5fdd8f0bfa98c35085d5af264b92c7780e30ec7f66a332fc1abea3b1,0.009111166,6,,false
hard_200,d2f30d8f5fdd8f0bfa98c35085d5af264b92c7780e30ec7f66a332fc1abea3b1,0.010009581,9,,false
hard_200,d2f30d8f5fdd8f0bfa98c35085d5af264b92c7780e30ec7f66a332fc1abea3b1,0.025786947,16,,false
hard_200,d2f30d8f5fdd8f0bfa98c35085d5af264b92c7780e30ec7f66a332fc1abea3b1,0.02236158,16,,false
hard_200,5e6985bc46efae1606a9d3ba45674ff2a38a835e24d9a280f343a3dd8ea8186d,0,0,,false
hard_200,5e6985bc46efae1606a9d3ba45674ff2a38a835e24d9a280f343a3dd8ea8186d,0.00052756135,2,,false
hard_200,5e6985bc46efae1606a9d3ba45674ff2a38a835e24d9a280f343a3dd8ea8186d,0,0,,false
hard_200,5e6985bc46efae1606a9d3ba45674ff2a38a835e24d9a280f343a3dd8ea8186d,0,0,,false
hard_200,5e6985bc46efae1606a9d3ba45674ff2a38a835e24d9a280f343a3dd8ea8186d,0.0013580357,5,,false
hard_200,5e6985bc46efae1606a9d3ba45674ff2a38a835e24d9a280f343a3dd8ea8186d,0.0037993523,1,,false
hard_200,5e6985bc46efae1606a9d3ba45674ff2a38a835e24d9a280f343a3dd8ea8186d,0.013000311,9,,false
hard_200,5e6985bc46efae1606a9d3ba45674ff2a38a835e24d9a280f343a3dd8ea8186d,0,0,,false
hard_200,5e6985bc46efae1606a9d3ba45674ff2a38a835e24d9a280f343a3dd8ea8186d,0.036535755,25,,false
hard_200,5e6985bc46efae1606a9d3ba45674ff2a38a835e24d9a280f343a3dd8ea8186d,0,0,,false
hard_200,5e6985bc46efae1606a9d3ba45674ff2a38a835e24d9a280f343a3dd8ea8186d,0.0037312282,2,,false
hard_200,5e6985bc46efae1606a9d3ba45674ff2a38a835e24d9a280f343a3dd8ea8186d,0.009593994,9,,false
hard_200,5e6985bc46efae1606a9d3ba45674ff2a38a835e24d9a280f343a3dd8ea8186d,0.006674547,6,,false
hard_200,5e6985bc46efae1606a9d3ba45674ff2a38a835e24d9a280f343a3dd8ea8186d,0.0056751696,10,,false
hard_200,5e6985bc46efae1606a9d3ba45674ff2a38a835e24d9a280f343a3dd8ea8186d,0.007269826,7,,false
hard_200,5e6985bc46efae1606a9d3ba45674ff2a38a835e24d9a280f343a3dd8ea8186d,0.03206977,8,,false
hard_200,5e6985bc46efae1606a9d3ba45674ff2a38a835e24d9a280f343a3dd8ea8186d,0.00080037006,2,,false
hard_200,5e6985bc46efae1606a9d3ba45674ff2a38a835e24d9a280f343a3dd8ea8186d,0.0069821323,9,,false
hard_200,5e6985bc46efae1606a9d3ba45674ff2a38a835e24d9a280f343a3dd8ea8186d,0.02387839,8,,false
hard_200,5e6985bc46efae1606a9d3ba45674ff2a38a835e24d9a280f343a3dd8ea8186d,0.022909248,9,,false
hard_200,5e6985bc46efae1606a9d3ba45674ff2a38a835e24d9a280f343a3dd8ea8186d,0.029872797,15,,false
hard_200,5e6985bc46efae1606a9d3ba45674ff2a38a835e24d9a280f343a3dd8ea8186d,0.0043049827,7,,false
hard_200,5e6985bc46efae1606a9d3ba45674ff2a38a835e24d9a280f343a3dd8ea8186d,0.000007775105,1,,false
hard_200,5e6985bc46efae1606a9d3ba45674ff2a38a835e24d9a280f343a3dd8ea8186d,0.09084283,38,,false
hard_200,5e6985bc46efae1606a9d3ba45674ff2a38a835e24d9a280f343a3dd8ea8186d,0.043787785,17,,false
hard_200,5e6985bc46efae1606a9d3ba45674ff2a38a835e24d9a280f343a3dd8ea8186d,0.038439605,15,,false
hard_200,5e6985bc46efae1606a9d3ba45674ff2a38a835e24d9a280f343a3dd8ea8186d,0.04177555,16,,false
hard_200,5e6985bc46efae1606a9d3ba45674ff2a38a835e24d9a280f343a3dd8ea8186d,0.05845717,25,,false
hard_200,5e6985bc46efae1606a9d3ba45674ff2a38a835e24d9a280f343a3dd8ea8186d,0.05218321,18,,false
hard_200,5e6985bc46efae1606a9d3ba45674ff2a38a835e24d9a280f343a3dd8ea8186d,0.067134514,24,,false
hard_200,5e6985bc46efae1606a9d3ba45674ff2a38a835e24d9a280f343a3dd8ea8186d,0.124559276,33,,false
hard_200,5e6985bc46efae1606a9d3ba45674ff2a38a835e24d9a280f343a3dd8ea8186d,0.013352395,12,,false
hard_200,5e6985bc46efae1606a9d3ba45674ff2a38a835e24d9a280f343a3dd8ea8186d,0.020918451,13,,false
hard_200,2e0e463d91b4ea4dc644e0babf594db78d72626f5e79129ae754fff834c91887,0,0,,false
hard_200,2e0e463d91b4ea4dc644e0babf594db78d72626f5e79129ae754fff834c91887,0,0,,false
hard_200,2e0e463d91b4ea4dc644e0babf594db78d72626f5e79129ae754fff834c91887,0.00010223579,2,,false
hard_200,2e0e463d91b4ea4dc644e0babf594db78d72626f5e79129ae754fff834c91887,0.0015951593,1,,false
hard_200,2e0e463d91b4ea4dc644e0babf594db78d72626f5e79129ae754fff834c91887,0,0,,false
hard_200,2e0e463d91b4ea4dc644e0babf594db78d72626f5e79129ae754fff834c91887,0.044917528,13,,false
hard_200,2e0e463d91b4ea4dc644e0babf594db78d72626f5e79129ae754fff834c91887,0.009885796,4,,false
hard_200,2e0e463d91b4ea4dc644e0babf594db78d72626f5e79129ae754fff834c91887,0,0,,false
hard_200,2e0e463d91b4ea4dc644e0babf594db78d72626f5e79129ae754fff834c91887,0.0091977455,2,,false
hard_200,2e0e463d91b4ea4dc644e0babf594db78d72626f5e79129ae754fff834c91887,0.009185061,13,,false
hard_200,2e0e463d91b4ea4dc644e0babf594db78d72626f5e79129ae754fff834c91887,0.04026606,23,,false
hard_200,2e0e463d91b4ea4dc644e0babf594db78d72626f5e79129ae754fff834c91887,0.03562378,20,,false
hard_200,2e0e463d91b4ea4dc644e0babf594db78d72626f5e79129ae754fff834c91887,0.041725192,17,,false
hard_200,2e0e463d91b4ea4dc644e0babf594db78d72626f5e79129ae754fff834c91887,0,0,,false
hard_200,2e0e463d91b4ea4dc644e0babf594db78d72626f5e79129ae754fff834c91887,0.04679105,15,,false
hard_200,2e0e463d91b4ea4dc644e0babf594db78d72626f5e79129ae754fff834c91887,0,0,,false
hard_200,2e0e463d91b4ea4dc644e0babf594db78d72626f5e79129ae754fff834c91887,0.0014207894,4,,false
hard_200,2e0e463d91b4ea4dc644e0babf594db78d72626f5e79129ae754fff834c91887,0,0,,false
hard_200,2e0e463d91b4ea4dc644e0babf594db78d72626f5e79129ae754fff834c91887,0.008638883,8,,false
hard_200,2e0e463d91b4ea4dc644e0babf594db78d72626f5e79129ae754fff834c91887,0.032194063,15,,false
hard_200,2e0e463d91b4ea4dc644e0babf594db78d72626f5e79129ae754fff834c91887,0.006702832,5,,false
hard_200,2e0e463d91b4ea4dc644e0babf594db78d72626f5e79129ae754fff834c91887,0.040219743,24,,false
hard_200,2e0e463d91b4ea4dc644e0babf594db78d72626f5e79129ae754fff834c91887,0.027320826,13,,false
hard_200,2e0e463d91b4ea4dc644e0babf594db78d72626f5e79129ae754fff834c91887,0.012861283,15,,false
hard_200,2e0e463d91b4ea4dc644e0babf594db78d72626f5e79129ae754fff834c91887,0.008787546,9,,false
hard_200,2e0e463d91b4ea4dc644e0babf594db78d72626f5e79129ae754fff834c91887,0.01896884,11,,false
hard_200,2e0e463d91b4ea4dc644e0babf594db78d72626f5e79129ae754fff834c91887,0.036846835,14,,false
hard_200,2e0e463d91b4ea4dc644e0babf594db78d72626f5e79129ae754fff834c91887,0.044482954,25,,false
hard_200,2e0e463d91b4ea4dc644e0babf594db78d72626f5e79129ae754fff834c91887,0.021701353,12,,false
hard_200,2e0e463d91b4ea4dc644e0babf594db78d72626f5e79129ae754fff834c91887,0.044819668,19,,false
hard_200,2e0e463d91b4ea4dc644e0babf594db78d72626f5e79129ae754fff834c91887,0.035857018,18,,false
hard_200,8097fcc950ff3a302c8ce2565e073773db5cd0b4e0a021d06b7464aac5f8be17,0,0,,false
hard_200,8097fcc950ff3a302c8ce2565e073773db5cd0b4e0a021d06b7464aac5f8be17,0.00004281264,2,,false
hard_200,8097fcc950ff3a302c8ce2565e073773db5cd0b4e0a021d06b7464aac5f8be17,0,0,,false
hard_200,8097fcc950ff3a302c8ce2565e073773db5cd0b4e0a021d06b7464aac5f8be17,0.0018541435,3,,false
hard_200,8097fcc950ff3a302c8ce2565e073773db5cd0b4e0a021d06b7464aac5f8be17,0,0,,false
hard_200,8097fcc950ff3a302c8ce2565e073773db5cd0b4e0a021d06b7464aac5f8be17,0.023843883,14,,false
hard_200,8097fcc950ff3a302c8ce2565e073773db5cd0b4e0a021d06b7464aac5f8be17,0.0002799286,1,,false
hard_200,8097fcc950ff3a302c8ce2565e073773db5cd0b4e0a021d06b7464aac5f8be17,0.0021386081,2,,false
hard_200,8097fcc950ff3a302c8ce2565e073773db5cd0b4e0a021d06b7464aac5f8be17,0.004559565,4,,false
hard_200,8097fcc950ff3a302c8ce2565e073773db5cd0b4e0a021d06b7464aac5f8be17,0.008237142,7,,false
hard_200,8097fcc950ff3a302c8ce2565e073773db5cd0b4e0a021d06b7464aac5f8be17,0.0022569837,1,,false
hard_200,8097fcc950ff3a302c8ce2565e073773db5cd0b4e0a021d06b7464aac5f8be17,0.009550114,5,,false
hard_200,8097fcc950ff3a302c8ce2565e073773db5cd0b4e0a021d06b7464aac5f8be17,0.0068935095,2,,false
hard_200,8097fcc950ff3a302c8ce2565e073773db5cd0b4e0a021d06b7464aac5f8be17,0.011463231,5,,false
hard_200,8097fcc950ff3a302c8ce2565e073773db5cd0b4e0a021d06b7464aac5f8be17,0.034377575,16,,false
hard_200,8097fcc950ff3a302c8ce2565e073773db5cd0b4e0a021d06b7464aac5f8be17,0,0,,false
hard_200,8097fcc950ff3a302c8ce2565e073773db5cd0b4e0a021d06b7464aac5f8be17,0.007977175,8,,false
hard_200,8097fcc950ff3a302c8ce2565e073773db5cd0b4e0a021d06b7464aac5f8be17,0.0076899184,4,,false
hard_200,8097fcc950ff3a302c8ce2565e073773db5cd0b4e0a021d06b7464aac5f8be17,0.02352246,12,,false
hard_200,8097fcc950ff3a302c8ce2565e073773db5cd0b4e0a021d06b7464aac5f8be17,0.0449593,14,,false
hard_200,8097fcc950ff3a302c8ce2565e073773db5cd0b4e0a021d06b7464aac5f8be17,0.018827055,9,,false
hard_200,8097fcc950ff3a302c8ce2565e073773db5cd0b4e0a021d06b7464aac5f8be17,0.025941696,14,,false
hard_200,8097fcc950ff3a302c8ce2565e073773db5cd0b4e0a021d06b7464aac5f8be17,0.0673408,15,,false
hard_200,8097fcc950ff3a302c8ce2565e073773db5cd0b4e0a021d06b7464aac5f8be17,0.017146237,7,,false
hard_200,8097fcc950ff3a302c8ce2565e073773db5cd0b4e0a021d06b7464aac5f8be17,0.020845832,11,,false
hard_200,8097fcc950ff3a302c8ce2565e073773db5cd0b4e0a021d06b7464aac5f8be17,0.032152146,17,,false
hard_200,8097fcc950ff3a302c8ce2565e073773db5cd0b4e0a021d06b7464aac5f8be17,0.04495407,24,,false
hard_200,8097fcc950ff3a302c8ce2565e073773db5cd0b4e0a021d06b7464aac5f8be17,0.03566208,17,,false
hard_200,8097fcc950ff3a302c8ce2565e073773db5cd0b4e0a021d06b7464aac5f8be17,0.023566745,13,,false
hard_200,8097fcc950ff3a302c8ce2565e073773db5cd0b4e0a021d06b7464aac5f8be17,0.035905223,18,,false
hard_200,8097fcc950ff3a302c8ce2565e073773db5cd0b4e0a021d06b7464aac5f8be17,0.041005153,18,,false
hard_200,c8d472bc1dbb890d68642a70a800692d4ec15629e24e574416079103d492a0bf,0,0,,false
hard_200,c8d472bc1dbb890d68642a70a800692d4ec15629e24e574416079103d492a0bf,0,0,,false
hard_200,c8d472bc1dbb890d68642a70a800692d4ec15629e24e574416079103d492a0bf,0.00014092792,1,,false
hard_200,c8d472bc1dbb890d68642a70a800692d4ec15629e24e574416079103d492a0bf,0,0,,false
hard_200,c8d472bc1dbb890d68642a70a800692d4ec15629e24e574416079103d492a0bf,0,0,,false
hard_200,c8d472bc1dbb890d68642a70a800692d4ec15629e24e574416079103d492a0bf,0,0,,false
hard_200,c8d472bc1dbb890d68642a70a800692d4ec15629e24e574416079103d492a0bf,0,0,,false
hard_200,c8d472bc1dbb890d68642a70a800692d4ec15629e24e574416079103d492a0bf,0.016648548,8,,false
hard_200,c8d472bc1dbb890d68642a70a800692d4ec15629e24e574416079103d492a0bf,0.00087694277,2,,false
hard_200,c8d472bc1dbb890d68642a70a800692d4ec15629e24e574416079103d492a0bf,0.016703922,7,,false
hard_200,c8d472bc1dbb890d68642a70a800692d4ec15629e24e574416079103d492a0bf,0.024072051,11,,false
hard_200,c8d472bc1dbb890d68642a70a800692d4ec15629e24e574416079103d492a0bf,0.0014742472,1,,false
hard_200,c8d472bc1dbb890d68642a70a800692d4ec15629e24e574416079103d492a0bf,0,0,,false
hard_200,c8d472bc1dbb890d68642a70a800692d4ec15629e24e574416079103d492a0bf,0.011675086,13,,false
hard_200,c8d472bc1dbb890d68642a70a800692d4ec15629e24e574416079103d492a0bf,0.029548949,20,,false
hard_200,c8d472bc1dbb890d68642a70a800692d4ec15629e24e574416079103d492a0bf,0.0053120763,8,,false
hard_200,c8d472bc1dbb890d68642a70a800692d4ec15629e24e574416079103d492a0bf,0.015481076,5,,false
hard_200,c8d472bc1dbb890d68642a70a800692d4ec15629e24e574416079103d492a0bf,0.007992405,11,,false
hard_200,c8d472bc1dbb890d68642a70a800692d4ec15629e24e574416079103d492a0bf,0.002069246,3,,false
hard_200,c8d472bc1dbb890d68642a70a800692d4ec15629e24e574416079103d492a0bf,0.012054031,15,,false
hard_200,c8d472bc1dbb890d68642a70a800692d4ec15629e24e574416079103d492a0bf,0.011943144,15,,false
hard_200,c8d472bc1dbb890d68642a70a800692d4ec15629e24e574416079103d492a0bf,0.031609178,12,,false
hard_200,c8d472bc1dbb890d68642a70a800692d4ec15629e24e574416079103d492a0bf,0.032787755,19,,false
hard_200,c8d472bc1dbb890d68642a70a800692d4ec15629e24e574416079103d492a0bf,0.021871688,14,,false
hard_200,c8d472bc1dbb890d68642a70a800692d4ec15629e24e574416079103d492a0bf,0.029344277,23,,false
hard_200,c8d472bc1dbb890d68642a70a800692d4ec15629e24e574416079103d492a0bf,0.022683276,11,,false
hard_200,c8d472bc1dbb890d68642a70a800692d4ec15629e24e574416079103d492a0bf,0.046743583,23,,false
hard_200,c8d472bc1dbb890d68642a70a800692d4ec15629e24e574416079103d492a0bf,0.2098019,49,,false
hard_200,c8d472bc1dbb890d68642a70a800692d4ec15629e24e574416079103d492a0bf,0.15288632,44,,false
hard_200,c8d472bc1dbb890d68642a70a800692d4ec15629e24e574416079103d492a0bf,0.04227118,18,,false
hard_200,c8d472bc1dbb890d68642a70a800692d4ec15629e24e574416079103d492a0bf,0.19139853,46,,false
hard_200,c8d472bc1dbb890d68642a70a800692d4ec15629e24e574416079103d492a0bf,0.029143121,18,,false
hard_200,c8d472bc1dbb890d68642a70a800692d4ec15629e24e574416079103d492a0bf,0.01597671,14,,false
hard_200,c8d472bc1dbb890d68642a70a800692d4ec15629e24e574416079103d492a0bf,0.049187608,23,,false
hard_200,776471f8b0e97e7137cf7d0359af37f7d58c12756108ced86aabab2255356e5f,0,0,,false
hard_200,776471f8b0e97e7137cf7d0359af37f7d58c12756108ced86aabab2255356e5f,0,0,,false
hard_200,776471f8b0e97e7137cf7d0359af37f7d58c12756108ced86aabab2255356e5f,0.0054959757,10,,false
hard_200,776471f8b0e97e7137cf7d0359af37f7d58c12756108ced86aabab2255356e5f,0,0,,false
hard_200,776471f8b0e97e7137cf7d0359af37f7d58c12756108ced86aabab2255356e5f,0,0,,false
hard_200,776471f8b0e97e7137cf7d0359af37f7d58c12756108ced86aabab2255356e5f,0,0,,false
hard_200,776471f8b0e97e7137cf7d0359af37f7d58c12756108ced86aabab2255356e5f,0.00043877398,2,,false
hard_200,776471f8b0e97e7137cf7d0359af37f7d58c12756108ced86aabab2255356e5f,0.00836702,5,,false
hard_200,776471f8b0e97e7137cf7d0359af37f7d58c12756108ced86aabab2255356e5f,0,0,,false
hard_200,776471f8b0e97e7137cf7d0359af37f7d58c12756108ced86aabab2255356e5f,0.0019363967,3,,false
hard_200,776471f8b0e97e7137cf7d0359af37f7d58c12756108ced86aabab2255356e5f,0,0,,false
hard_200,776471f8b0e97e7137cf7d0359af37f7d58c12756108ced86aabab2255356e5f,0.000521846,1,,false
hard_200,776471f8b0e97e7137cf7d0359af37f7d58c12756108ced86aabab2255356e5f,0.031679336,13,,false
hard_200,776471f8b0e97e7137cf7d0359af37f7d58c12756108ced86aabab2255356e5f,0.0050595375,5,,false
hard_200,776471f8b0e97e7137cf7d0359af37f7d58c12756108ced86aabab2255356e5f,0.02717428,10,,false
hard_200,776471f8b0e97e7137cf7d0359af37f7d58c12756108ced86aabab2255356e5f,0,0,,false
hard_200,776471f8b0e97e7137cf7d0359af37f7d58c12756108ced86aabab2255356e5f,0,0,,false
hard_200,776471f8b0e97e7137cf7d0359af37f7d58c12756108ced86aabab2255356e5f,0.009255693,9,,false
hard_200,776471f8b0e97e7137cf7d0359af37f7d58c12756108ced86aabab2255356e5f,0.0015668055,2,,false
hard_200,776471f8b0e97e7137cf7d0359af37f7d58c12756108ced86aabab2255356e5f,0.009878613,4,,false
hard_200,776471f8b0e97e7137cf7d0359af37f7d58c12756108ced86aabab2255356e5f,0.0076355385,9,,false
hard_200,776471f8b0e97e7137cf7d0359af37f7d58c12756108ced86aabab2255356e5f,0.052656885,16,,false
hard_200,776471f8b0e97e7137cf7d0359af37f7d58c12756108ced86aabab2255356e5f,0.0069148126,4,,false
hard_200,776471f8b0e97e7137cf7d0359af37f7d58c12756108ced86aabab2255356e5f,0.03538866,21,,false
hard_200,776471f8b0e97e7137cf7d0359af37f7d58c12756108ced86aabab2255356e5f,0.035433505,10,,false
hard_200,776471f8b0e97e7137cf7d0359af37f7d58c12756108ced86aabab2255356e5f,0.028354503,11,,false
hard_200,776471f8b0e97e7137cf7d0359af37f7d58c12756108ced86aabab2255356e5f,0.040647477,15,,false
hard_200,776471f8b0e97e7137cf7d0359af37f7d58c12756108ced86aabab2255356e5f,0.0105561195,11,,false
hard_200,776471f8b0e97e7137cf7d0359af37f7d58c12756108ced86aabab2255356e5f,0.036816664,18,,false
hard_200,776471f8b0e97e7137cf7d0359af37f7d58c12756108ced86aabab2255356e5f,0.05748004,17,,false
hard_200,776471f8b0e97e7137cf7d0359af37f7d58c12756108ced86aabab2255356e5f,0.1588733,47,,false
hard_200,776471f8b0e97e7137cf7d0359af37f7d58c12756108ced86aabab2255356e5f,0.049077637,26,,false
hard_200,3d234947436df7a4790cff82bd4f09e87fe66cc3e9c0836a2cd3d191ec50a3df,0,0,,false
hard_200,3d234947436df7a4790cff82bd4f09e87fe66cc3e9c0836a2cd3d191ec50a3df,0.006294235,5,,true
hard_200,3d234947436df7a4790cff82bd4f09e87fe66cc3e9c0836a2cd3d191ec50a3df,0,0,,true
hard_200,3d234947436df7a4790cff82bd4f09e87fe66cc3e9c0836a2cd3d191ec50a3df,0.0021148184,3,,true
hard_200,3d234947436df7a4790cff82bd4f09e87fe66cc3e9c0836a2cd3d191ec50a3df,0,0,,true
hard_200,3d234947436df7a4790cff82bd4f09e87fe66cc3e9c0836a2cd3d191ec50a3df,0.049026363,15,,true
hard_200,3d234947436df7a4790cff82bd4f09e87fe66cc3e9c0836a2cd3d191ec50a3df,0.011649261,8,,true
hard_200,3d234947436df7a4790cff82bd4f09e87fe66cc3e9c0836a2cd3d191ec50a3df,0.0021410563,1,,true
hard_200,3d234947436df7a4790cff82bd4f09e87fe66cc3e9c0836a2cd3d191ec50a3df,0.013144974,9,,true
hard_200,3d234947436df7a4790cff82bd4f09e87fe66cc3e9c0836a2cd3d191ec50a3df,0.011973125,7,,true
hard_200,3d234947436df7a4790cff82bd4f09e87fe66cc3e9c0836a2cd3d191ec50a3df,0.0069396035,4,,true
hard_200,3d234947436df7a4790cff82bd4f09e87fe66cc3e9c0836a2cd3d191ec50a3df,0.038098406,17,,true
hard_200,3d234947436df7a4790cff82bd4f09e87fe66cc3e9c0836a2cd3d191ec50a3df,0.0045696744,3,,true
hard_200,3d234947436df7a4790cff82bd4f09e87fe66cc3e9c0836a2cd3d191ec50a3df,0.009600361,7,,true
hard_200,3d234947436df7a4790cff82bd4f09e87fe66cc3e9c0836a2cd3d191ec50a3df,0.012325547,7,,true
hard_200,3d234947436df7a4790cff82bd4f09e87fe66cc3e9c0836a2cd3d191ec50a3df,0.04972474,9,,true
hard_200,3d234947436df7a4790cff82bd4f09e87fe66cc3e9c0836a2cd3d191ec50a3df,0.0022590866,4,,true
hard_200,3d234947436df7a4790cff82bd4f09e87fe66cc3e9c0836a2cd3d191ec50a3df,0.022839656,11,,true
hard_200,3d234947436df7a4790cff82bd4f09e87fe66cc3e9c0836a2cd3d191ec50a3df,0.008829354,7,,true
hard_200,3d234947436df7a4790cff82bd4f09e87fe66cc3e9c0836a2cd3d191ec50a3df,0.010373208,4,,true
hard_200,3d234947436df7a4790cff82bd4f09e87fe66cc3e9c0836a2cd3d191ec50a3df,0.025905227,13,,true
hard_200,3d234947436df7a4790cff82bd4f09e87fe66cc3e9c0836a2cd3d191ec50a3df,0.015557192,11,,false
hard_200,3d234947436df7a4790cff82bd4f09e87fe66cc3e9c0836a2cd3d191ec50a3df,0.008575584,8,,true
hard_200,3d234947436df7a4790cff82bd4f09e87fe66cc3e9c0836a2cd3d191ec50a3df,0.02226265,19,,true
hard_200,3d234947436df7a4790cff82bd4f09e87fe66cc3e9c0836a2cd3d191ec50a3df,0.032289185,18,,true
hard_200,3d234947436df7a4790cff82bd4f09e87fe66cc3e9c0836a2cd3d191ec50a3df,0.007523746,4,,true
hard_200,3d234947436df7a4790cff82bd4f09e87fe66cc3e9c0836a2cd3d191ec50a3df,0.03624349,20,,false
hard_200,3d234947436df7a4790cff82bd4f09e87fe66cc3e9c0836a2cd3d191ec50a3df,0.045881007,16,,true
hard_200,3d234947436df7a4790cff82bd4f09e87fe66cc3e9c0836a2cd3d191ec50a3df,0.034707613,22,,false
hard_200,3d234947436df7a4790cff82bd4f09e87fe66cc3e9c0836a2cd3d191ec50a3df,0.05403304,23,,true
hard_200,22543883cd8719b62ac379b6f5e3227b08e31175429b5aff5feada858bb78202,0,0,,false
hard_200,22543883cd8719b62ac379b6f5e3227b08e31175429b5aff5feada858bb78202,0.0036769414,6,,false
hard_200,22543883cd8719b62ac379b6f5e3227b08e31175429b5aff5feada858bb78202,0.00017150464,1,,false
hard_200,22543883cd8719b62ac379b6f5e3227b08e31175429b5aff5feada858bb78202,0,0,,false
hard_200,22543883cd8719b62ac379b6f5e3227b08e31175429b5aff5feada858bb78202,0,0,,false
hard_200,22543883cd8719b62ac379b6f5e3227b08e31175429b5aff5feada858bb78202,0,0,,false
hard_200,22543883cd8719b62ac379b6f5e3227b08e31175429b5aff5feada858bb78202,0,0,,false
hard_200,22543883cd8719b62ac379b6f5e3227b08e31175429b5aff5feada858bb78202,0.015375163,7,,false
hard_200,22543883cd8719b62ac379b6f5e3227b08e31175429b5aff5feada858bb78202,0.009694293,7,,false
hard_200,22543883cd8719b62ac379b6f5e3227b08e31175429b5aff5feada858bb78202,0.06346531,12,,false
hard_200,22543883cd8719b62ac379b6f5e3227b08e31175429b5aff5feada858bb78202,0,0,,false
hard_200,22543883cd8719b62ac379b6f5e3227b08e31175429b5aff5feada858bb78202,0.0004009516,1,,false
hard_200,22543883cd8719b62ac379b6f5e3227b08e31175429b5aff5feada858bb78202,0,0,,false
hard_200,22543883cd8719b62ac379b6f5e3227b08e31175429b5aff5feada858bb78202,0,0,,false
hard_200,22543883cd8719b62ac379b6f5e3227b08e31175429b5aff5feada858bb78202,0,0,,false
hard_200,22543883cd8719b62ac379b6f5e3227b08e31175429b5aff5feada858bb78202,0.000044851044,1,,false
hard_200,22543883cd8719b62ac379b6f5e3227b08e31175429b5aff5feada858bb78202,0.007962402,4,,false
hard_200,22543883cd8719b62ac379b6f5e3227b08e31175429b5aff5feada858bb78202,0.030142892,20,,false
hard_200,22543883cd8719b62ac379b6f5e3227b08e31175429b5aff5feada858bb78202,0.022969458,13,,false
hard_200,22543883cd8719b62ac379b6f5e3227b08e31175429b5aff5feada858bb78202,0.01452681,13,,false
hard_200,22543883cd8719b62ac379b6f5e3227b08e31175429b5aff5feada858bb78202,0.037818808,20,,false
hard_200,22543883cd8719b62ac379b6f5e3227b08e31175429b5aff5feada858bb78202,0.01587195,10,,false
hard_200,22543883cd8719b62ac379b6f5e3227b08e31175429b5aff5feada858bb78202,0.036760837,12,,false
hard_200,22543883cd8719b62ac379b6f5e3227b08e31175429b5aff5feada858bb78202,0.02084289,14,,false
hard_200,22543883cd8719b62ac379b6f5e3227b08e31175429b5aff5feada858bb78202,0.023412583,14,,false
hard_200,22543883cd8719b62ac379b6f5e3227b08e31175429b5aff5feada858bb78202,0.024490526,22,,false
hard_200,22543883cd8719b62ac379b6f5e3227b08e31175429b5aff5feada858bb78202,0.014546188,6,,false
hard_200,22543883cd8719b62ac379b6f5e3227b08e31175429b5aff5feada858bb78202,0.022358546,11,,false
hard_200,22543883cd8719b62ac379b6f5e3227b08e31175429b5aff5feada858bb78202,0.017310442,9,,false
hard_200,22543883cd8719b62ac379b6f5e3227b08e31175429b5aff5feada858bb78202,0.011735586,11,,false
hard_200,22543883cd8719b62ac379b6f5e3227b08e31175429b5aff5feada858bb78202,0.016132332,10,,false
hard_200,22543883cd8719b62ac379b6f5e3227b08e31175429b5aff5feada858bb78202,0.113497026,38,,false
hard_200,43d54c8f406af35878d6aab4728df68968e56bf3993d164651818304113fdec5,0,0,,true
hard_200,43d54c8f406af35878d6aab4728df68968e56bf3993d164651818304113fdec5,0,0,,true
hard_200,43d54c8f406af35878d6aab4728df68968e56bf3993d164651818304113fdec5,0.004362331,2,,true
hard_200,43d54c8f406af35878d6aab4728df68968e56bf3993d164651818304113fdec5,0,0,,false
hard_200,43d54c8f406af35878d6aab4728df68968e56bf3993d164651818304113fdec5,0.000051460316,1,,true
hard_200,43d54c8f406af35878d6aab4728df68968e56bf3993d164651818304113fdec5,0,0,,true
hard_200,43d54c8f406af35878d6aab4728df68968e56bf3993d164651818304113fdec5,0,0,,true
hard_200,43d54c8f406af35878d6aab4728df68968e56bf3993d164651818304113fdec5,0.0007536923,2,,true
hard_200,43d54c8f406af35878d6aab4728df68968e56bf3993d164651818304113fdec5,0.008435783,15,,true
hard_200,43d54c8f406af35878d6aab4728df68968e56bf3993d164651818304113fdec5,0,0,,true
hard_200,43d54c8f406af35878d6aab4728df68968e56bf3993d164651818304113fdec5,0,0,,true
hard_200,43d54c8f406af35878d6aab4728df68968e56bf3993d164651818304113fdec5,0,0,,true
hard_200,43d54c8f406af35878d6aab4728df68968e56bf3993d164651818304113fdec5,0.015267422,15,,true
hard_200,43d54c8f406af35878d6aab4728df68968e56bf3993d164651818304113fdec5,0.0007281835,2,,true
hard_200,43d54c8f406af35878d6aab4728df68968e56bf3993d164651818304113fdec5,0.009753484,6,,true
hard_200,43d54c8f406af35878d6aab4728df68968e56bf3993d164651818304113fdec5,0.003840409,5,,true
hard_200,43d54c8f406af35878d6aab4728df68968e56bf3993d164651818304113fdec5,0.014064222,10,,true
hard_200,43d54c8f406af35878d6aab4728df68968e56bf3993d164651818304113fdec5,0.002753626,2,,true
hard_200,43d54c8f406af35878d6aab4728df68968e56bf3993d164651818304113fdec5,0.0033173936,2,,true
hard_200,43d54c8f406af35878d6aab4728df68968e56bf3993d164651818304113fdec5,0.03325615,16,,true
hard_200,43d54c8f406af35878d6aab4728df68968e56bf3993d164651818304113fdec5,0.012970211,12,,true
hard_200,43d54c8f406af35878d6aab4728df68968e56bf3993d164651818304113fdec5,0.024164002,19,,false
hard_200,43d54c8f406af35878d6aab4728df68968e56bf3993d164651818304113fdec5,0.009472004,8,,true
hard_200,43d54c8f406af35878d6aab4728df68968e56bf3993d164651818304113fdec5,0.0307613,20,,true
hard_200,43d54c8f406af35878d6aab4728df68968e56bf3993d164651818304113fdec5,0.044563085,23,,false
hard_200,43d54c8f406af35878d6aab4728df68968e56bf3993d164651818304113fdec5,0.04043215,23,,true
hard_200,43d54c8f406af35878d6aab4728df68968e56bf3993d164651818304113fdec5,0.038814396,21,,false
hard_200,43d54c8f406af35878d6aab4728df68968e56bf3993d164651818304113fdec5,0.04339399,21,,false
hard_200,43d54c8f406af35878d6aab4728df68968e56bf3993d164651818304113fdec5,0.024740752,22,,true
hard_200,43d54c8f406af35878d6aab4728df68968e56bf3993d164651818304113fdec5,0.013675148,9,,true
hard_200,43d54c8f406af35878d6aab4728df68968e56bf3993d164651818304113fdec5,0.15508571,45,,false
hard_200,3bd2e987ea44452f0260ea3ee8dd938d4b2b594c9a0f3d0c2fa7458c39fe8dc0,0,0,,false
hard_200,3bd2e987ea44452f0260ea3ee8dd938d4b2b594c9a0f3d0c2fa7458c39fe8dc0,0.0006228915,1,,false
hard_200,3bd2e987ea44452f0260ea3ee8dd938d4b2b594c9a0f3d0c2fa7458c39fe8dc0,0.00021823305,1,,false
hard_200,3bd2e987ea44452f0260ea3ee8dd938d4b2b594c9a0f3d0c2fa7458c39fe8dc0,0.009500647,13,,false
hard_200,3bd2e987ea44452f0260ea3ee8dd938d4b2b594c9a0f3d0c2fa7458c39fe8dc0,0,0,,false
hard_200,3bd2e987ea44452f0260ea3ee8dd938d4b2b594c9a0f3d0c2fa7458c39fe8dc0,0,0,,false
hard_200,3bd2e987ea44452f0260ea3ee8dd938d4b2b594c9a0f3d0c2fa7458c39fe8dc0,0,0,,false
hard_200,3bd2e987ea44452f0260ea3ee8dd938d4b2b594c9a0f3d0c2fa7458c39fe8dc0,0.00059704325,3,,false
hard_200,3bd2e987ea44452f0260ea3ee8dd938d4b2b594c9a0f3d0c2fa7458c39fe8dc0,0,0,,false
hard_200,3bd2e987ea44452f0260ea3ee8dd938d4b2b594c9a0f3d0c2fa7458c39fe8dc0,0,0,,false
hard_200,3bd2e987ea44452f0260ea3ee8dd938d4b2b594c9a0f3d0c2fa7458c39fe8dc0,0,0,,false
hard_200,3bd2e987ea44452f0260ea3ee8dd938d4b2b594c9a0f3d0c2fa7458c39fe8dc0,0.024140423,8,,false
hard_200,3bd2e987ea44452f0260ea3ee8dd938d4b2b594c9a0f3d0c2fa7458c39fe8dc0,0.017521443,13,,false
hard_200,3bd2e987ea44452f0260ea3ee8dd938d4b2b594c9a0f3d0c2fa7458c39fe8dc0,0.0045934143,7,,false
hard_200,3bd2e987ea44452f0260ea3ee8dd938d4b2b594c9a0f3d0c2fa7458c39fe8dc0,0.00095092214,2,,false
hard_200,3bd2e987ea44452f0260ea3ee8dd938d4b2b594c9a0f3d0c2fa7458c39fe8dc0,0.041764673,28,,false
hard_200,3bd2e987ea44452f0260ea3ee8dd938d4b2b594c9a0f3d0c2fa7458c39fe8dc0,0,0,,false
hard_200,3bd2e987ea44452f0260ea3ee8dd938d4b2b594c9a0f3d0c2fa7458c39fe8dc0,0.04759733,13,,false
hard_200,3bd2e987ea44452f0260ea3ee8dd938d4b2b594c9a0f3d0c2fa7458c39fe8dc0,0.010617277,14,,false
hard_200,3bd2e987ea44452f0260ea3ee8dd938d4b2b594c9a0f3d0c2fa7458c39fe8dc0,0.057856523,20,,false
hard_200,3bd2e987ea44452f0260ea3ee8dd938d4b2b594c9a0f3d0c2fa7458c39fe8dc0,0.00022884515,3,,false
hard_200,3bd2e987ea44452f0260ea3ee8dd938d4b2b594c9a0f3d0c2fa7458c39fe8dc0,0.02030905,11,,false
hard_200,3bd2e987ea44452f0260ea3ee8dd938d4b2b594c9a0f3d0c2fa7458c39fe8dc0,0.046492305,21,,false
hard_200,3bd2e987ea44452f0260ea3ee8dd938d4b2b594c9a0f3d0c2fa7458c39fe8dc0,0.03301359,17,,false
hard_200,3bd2e987ea44452f0260ea3ee8dd938d4b2b594c9a0f3d0c2fa7458c39fe8dc0,0.0564643,31,,false
hard_200,3bd2e987ea44452f0260ea3ee8dd938d4b2b594c9a0f3d0c2fa7458c39fe8dc0,0.0117812725,9,,false
hard_200,3bd2e987ea44452f0260ea3ee8dd938d4b2b594c9a0f3d0c2fa7458c39fe8dc0,0.005260255,4,,false
hard_200,3bd2e987ea44452f0260ea3ee8dd938d4b2b594c9a0f3d0c2fa7458c39fe8dc0,0.034431472,10,,false
hard_200,3bd2e987ea44452f0260ea3ee8dd938d4b2b594c9a0f3d0c2fa7458c39fe8dc0,0.036488656,21,,false
hard_200,3bd2e987ea44452f0260ea3ee8dd938d4b2b594c9a0f3d0c2fa7458c39fe8dc0,0.1291888,36,,false
hard_200,3bd2e987ea44452f0260ea3ee8dd938d4b2b594c9a0f3d0c2fa7458c39fe8dc0,0.042751174,12,,false
hard_200,3bd2e987ea44452f0260ea3ee8dd938d4b2b594c9a0f3d0c2fa7458c39fe8dc0,0.047848243,17,,false
hard_200,d19dfe0ab703564ed533d377f8cae1edb5f0272732bc74a52120e77cae6fe333,0,0,,false
hard_200,d19dfe0ab703564ed533d377f8cae1edb5f0272732bc74a52120e77cae6fe333,0,0,,false
hard_200,d19dfe0ab703564ed533d377f8cae1edb5f0272732bc74a52120e77cae6fe333,0,0,,false
hard_200,d19dfe0ab703564ed533d377f8cae1edb5f0272732bc74a52120e77cae6fe333,0,0,,false
hard_200,d19dfe0ab703564ed533d377f8cae1edb5f0272732bc74a52120e77cae6fe333,0,0,,false
hard_200,d19dfe0ab703564ed533d377f8cae1edb5f0272732bc74a52120e77cae6fe333,0,0,,false
hard_200,d19dfe0ab703564ed533d377f8cae1edb5f0272732bc74a52120e77cae6fe333,0.00028291965,1,,false
hard_200,d19dfe0ab703564ed533d377f8cae1edb5f0272732bc74a52120e77cae6fe333,0.017370515,7,,false
hard_200,d19dfe0ab703564ed533d377f8cae1edb5f0272732bc74a52120e77cae6fe333,0,0,,false
hard_200,d19dfe0ab703564ed533d377f8cae1edb5f0272732bc74a52120e77cae6fe333,0,0,,false
hard_200,d19dfe0ab703564ed533d377f8cae1edb5f0272732bc74a52120e77cae6fe333,0.056633517,16,,false
hard_200,d19dfe0ab703564ed533d377f8cae1edb5f0272732bc74a52120e77cae6fe333,0.0017551959,2,,false
hard_200,d19dfe0ab703564ed533d377f8cae1edb5f0272732bc74a52120e77cae6fe333,0.029740816,9,,false
hard_200,d19dfe0ab703564ed533d377f8cae1edb5f0272732bc74a52120e77cae6fe333,0.02122146,13,,false
hard_200,d19dfe0ab703564ed533d377f8cae1edb5f0272732bc74a52120e77cae6fe333,0.142237,46,,false
hard_200,d19dfe0ab703564ed533d377f8cae1edb5f0272732bc74a52120e77cae6fe333,0.0154444035,15,,false
hard_200,d19dfe0ab703564ed533d377f8cae1edb5f0272732bc74a52120e77cae6fe333,0.004726992,4,,false
hard_200,d19dfe0ab703564ed533d377f8cae1edb5f0272732bc74a52120e77cae6fe333,0.004605166,4,,false
hard_200,d19dfe0ab703564ed533d377f8cae1edb5f0272732bc74a52120e77cae6fe333,0.017036533,7,,false
hard_200,d19dfe0ab703564ed533d377f8cae1edb5f0272732bc74a52120e77cae6fe333,0.0015086832,1,,false
hard_200,d19dfe0ab703564ed533d377f8cae1edb5f0272732bc74a52120e77cae6fe333,0,0,,false
hard_200,d19dfe0ab703564ed533d377f8cae1edb5f0272732bc74a52120e77cae6fe333,0.048248567,24,,false
hard_200,d19dfe0ab703564ed533d377f8cae1edb5f0272732bc74a52120e77cae6fe333,0.032383975,20,,false
hard_200,d19dfe0ab703564ed533d377f8cae1edb5f0272732bc74a52120e77cae6fe333,0.032124624,17,,false
hard_200,d19dfe0ab703564ed533d377f8cae1edb5f0272732bc74a52120e77cae6fe333,0.024860827,16,,false
hard_200,d19dfe0ab703564ed533d377f8cae1edb5f0272732bc74a52120e77cae6fe333,0.034438483,21,,false
hard_200,d19dfe0ab703564ed533d377f8cae1edb5f0272732bc74a52120e77cae6fe333,0.04135819,15,,false
hard_200,d19dfe0ab703564ed533d377f8cae1edb5f0272732bc74a52120e77cae6fe333,0.02508858,10,,false
hard_200,d19dfe0ab703564ed533d377f8cae1edb5f0272732bc74a52120e77cae6fe333,0.044484537,17,,false
hard_200,d19dfe0ab703564ed533d377f8cae1edb5f0272732bc74a52120e77cae6fe333,0.035385553,15,,false
hard_200,d19dfe0ab703564ed533d377f8cae1edb5f0272732bc74a52120e77cae6fe333,0.049615588,16,,false
hard_200,d19dfe0ab703564ed533d377f8cae1edb5f0272732bc74a52120e77cae6fe333,0.022962322,11,,false
hard_200,5fe97e166cb86f7718b3d62b763f59e00e64307dfa92d4c751d9cb046fbcd483,0,0,,false
hard_200,5fe97e166cb86f7718b3d62b763f59e00e64307dfa92d4c751d9cb046fbcd483,0,0,,false
hard_200,5fe97e166cb86f7718b3d62b763f59e00e64307dfa92d4c751d9cb046fbcd483,0,0,,false
hard_200,5fe97e166cb86f7718b3d62b763f59e00e64307dfa92d4c751d9cb046fbcd483,0.002447561,2,,false
hard_200,5fe97e166cb86f7718b3d62b763f59e00e64307dfa92d4c751d9cb046fbcd483,0,0,,false
hard_200,5fe97e166cb86f7718b3d62b763f59e00e64307dfa92d4c751d9cb046fbcd483,0,0,,false
hard_200,5fe97e166cb86f7718b3d62b763f59e00e64307dfa92d4c751d9cb046fbcd483,0.004485499,5,,false
hard_200,5fe97e166cb86f7718b3d62b763f59e00e64307dfa92d4c751d9cb046fbcd483,0.009439554,14,,false
hard_200,5fe97e166cb86f7718b3d62b763f59e00e64307dfa92d4c751d9cb046fbcd483,0.000992251,1,,false
hard_200,5fe97e166cb86f7718b3d62b763f59e00e64307dfa92d4c751d9cb046fbcd483,0.009819458,8,,false
hard_200,5fe97e166cb86f7718b3d62b763f59e00e64307dfa92d4c751d9cb046fbcd483,0,0,,false
hard_200,5fe97e166cb86f7718b3d62b763f59e00e64307dfa92d4c751d9cb046fbcd483,0.0006200815,1,,false
hard_200,5fe97e166cb86f7718b3d62b763f59e00e64307dfa92d4c751d9cb046fbcd483,0,0,,false
hard_200,5fe97e166cb86f7718b3d62b763f59e00e64307dfa92d4c751d9cb046fbcd483,0,0,,false
hard_200,5fe97e166cb86f7718b3d62b763f59e00e64307dfa92d4c751d9cb046fbcd483,0.010095529,10,,false
hard_200,5fe97e166cb86f7718b3d62b763f59e00e64307dfa92d4c751d9cb046fbcd483,0.026602259,13,,false
hard_200,5fe97e166cb86f7718b3d62b763f59e00e64307dfa92d4c751d9cb046fbcd483,0.024799012,13,,false
hard_200,5fe97e166cb86f7718b3d62b763f59e00e64307dfa92d4c751d9cb046fbcd483,0.04760952,13,,false
hard_200,5fe97e166cb86f7718b3d62b763f59e00e64307dfa92d4c751d9cb046fbcd483,0.0015410299,5,,false
hard_200,5fe97e166cb86f7718b3d62b763f59e00e64307dfa92d4c751d9cb046fbcd483,0.008956868,4,,false
hard_200,5fe97e166cb86f7718b3d62b763f59e00e64307dfa92d4c751d9cb046fbcd483,0.043432895,17,,false
hard_200,5fe97e166cb86f7718b3d62b763f59e00e64307dfa92d4c751d9cb046fbcd483,0.017207015,12,,false
hard_200,5fe97e166cb86f7718b3d62b763f59e00e64307dfa92d4c751d9cb046fbcd483,0.0008613251,1,,false
hard_200,5fe97e166cb86f7718b3d62b763f59e00e64307dfa92d4c751d9cb046fbcd483,0.007803301,4,,false
hard_200,5fe97e166cb86f7718b3d62b763f59e00e64307dfa92d4c751d9cb046fbcd483,0,0,,false
hard_200,5fe97e166cb86f7718b3d62b763f59e00e64307dfa92d4c751d9cb046fbcd483,0.037253305,18,,false
hard_200,5fe97e166cb86f7718b3d62b763f59e00e64307dfa92d4c751d9cb046fbcd483,0.023931416,16,,false
hard_200,5fe97e166cb86f7718b3d62b763f59e00e64307dfa92d4c751d9cb046fbcd483,0.14130369,49,,false
hard_200,5fe97e166cb86f7718b3d62b763f59e00e64307dfa92d4c751d9cb046fbcd483,0.047951806,25,,false
hard_200,5fe97e166cb86f7718b3d62b763f59e00e64307dfa92d4c751d9cb046fbcd483,0.029714309,10,,false
hard_200,5fe97e166cb86f7718b3d62b763f59e00e64307dfa92d4c751d9cb046fbcd483,0.0420405,19,,false
hard_200,5fe97e166cb86f7718b3d62b763f59e00e64307dfa92d4c751d9cb046fbcd483,0.008547338,8,,false
hard_200,cfb71326eae0be3b84832bb376b2c7dc81de85a7f7a4b874e3868660181b9fc1,0,0,,true
hard_200,cfb71326eae0be3b84832bb376b2c7dc81de85a7f7a4b874e3868660181b9fc1,0.0021299587,5,,true
hard_200,cfb71326eae0be3b84832bb376b2c7dc81de85a7f7a4b874e3868660181b9fc1,0,0,,false
hard_200,cfb71326eae0be3b84832bb376b2c7dc81de85a7f7a4b874e3868660181b9fc1,0,0,,true
hard_200,cfb71326eae0be3b84832bb376b2c7dc81de85a7f7a4b874e3868660181b9fc1,0,0,,true
hard_200,cfb71326eae0be3b84832bb376b2c7dc81de85a7f7a4b874e3868660181b9fc1,0,0,,true
hard_200,cfb71326eae0be3b84832bb376b2c7dc81de85a7f7a4b874e3868660181b9fc1,0,0,,true
hard_200,cfb71326eae0be3b84832bb376b2c7dc81de85a7f7a4b874e3868660181b9fc1,0.0021560735,3,,true
hard_200,cfb71326eae0be3b84832bb376b2c7dc81de85a7f7a4b874e3868660181b9fc1,0,0,,true
hard_200,cfb71326eae0be3b84832bb376b2c7dc81de85a7f7a4b874e3868660181b9fc1,0.036839154,13,,true
hard_200,cfb71326eae0be3b84832bb376b2c7dc81de85a7f7a4b874e3868660181b9fc1,0.00028045377,1,,true
hard_200,cfb71326eae0be3b84832bb376b2c7dc81de85a7f7a4b874e3868660181b9fc1,0,0,,true
hard_200,cfb71326eae0be3b84832bb376b2c7dc81de85a7f7a4b874e3868660181b9fc1,0,0,,true
hard_200,cfb71326eae0be3b84832bb376b2c7dc81de85a7f7a4b874e3868660181b9fc1,0.0003690756,1,,true
hard_200,cfb71326eae0be3b84832bb376b2c7dc81de85a7f7a4b874e3868660181b9fc1,0.034647968,17,,true
hard_200,cfb71326eae0be3b84832bb376b2c7dc81de85a7f7a4b874e3868660181b9fc1,0.015109161,18,,true
hard_200,cfb71326eae0be3b84832bb376b2c7dc81de85a7f7a4b874e3868660181b9fc1,0.026024805,10,,true
hard_200,cfb71326eae0be3b84832bb376b2c7dc81de85a7f7a4b874e3868660181b9fc1,0.013834243,7,,true
hard_200,cfb71326eae0be3b84832bb376b2c7dc81de85a7f7a4b874e3868660181b9fc1,0.031860467,15,,true
hard_200,cfb71326eae0be3b84832bb376b2c7dc81de85a7f7a4b874e3868660181b9fc1,0.012868202,7,,false
hard_200,cfb71326eae0be3b84832bb376b2c7dc81de85a7f7a4b874e3868660181b9fc1,0.04006134,18,,true
hard_200,cfb71326eae0be3b84832bb376b2c7dc81de85a7f7a4b874e3868660181b9fc1,0.031063918,20,,true
hard_200,cfb71326eae0be3b84832bb376b2c7dc81de85a7f7a4b874e3868660181b9fc1,0.11949619,31,,false
hard_200,cfb71326eae0be3b84832bb376b2c7dc81de85a7f7a4b874e3868660181b9fc1,0.052501675,20,,false
hard_200,cfb71326eae0be3b84832bb376b2c7dc81de85a7f7a4b874e3868660181b9fc1,0.019665595,16,,false
hard_200,cfb71326eae0be3b84832bb376b2c7dc81de85a7f7a4b874e3868660181b9fc1,0.040893856,17,,true
hard_200,cfb71326eae0be3b84832bb376b2c7dc81de85a7f7a4b874e3868660181b9fc1,0.024722839,14,,true
hard_200,cfb71326eae0be3b84832bb376b2c7dc81de85a7f7a4b874e3868660181b9fc1,0.05033012,23,,true
hard_200,cfb71326eae0be3b84832bb376b2c7dc81de85a7f7a4b874e3868660181b9fc1,0.020711206,15,,true
hard_200,cfb71326eae0be3b84832bb376b2c7dc81de85a7f7a4b874e3868660181b9fc1,0.026568765,15,,true
hard_200,cfb71326eae0be3b84832bb376b2c7dc81de85a7f7a4b874e3868660181b9fc1,0.048841506,20,,true
hard_200,cfb71326eae0be3b84832bb376b2c7dc81de85a7f7a4b874e3868660181b9fc1,0.05338191,26,,true
hard_200,cfb71326eae0be3b84832bb376b2c7dc81de85a7f7a4b874e3868660181b9fc1,0.04933512,17,,true
hard_200,913f58860e5b10e49d8b20a0f850eb9ac684ae6b336d5148df3e87b58d2351b8,0.024081402,11,,false
hard_200,913f58860e5b10e49d8b20a0f850eb9ac684ae6b336d5148df3e87b58d2351b8,0.00008552298,1,,false
hard_200,913f58860e5b10e49d8b20a0f850eb9ac684ae6b336d5148df3e87b58d2351b8,0,0,,false
hard_200,913f58860e5b10e49d8b20a0f850eb9ac684ae6b336d5148df3e87b58d2351b8,0.023439744,23,,false
hard_200,913f58860e5b10e49d8b20a0f850eb9ac684ae6b336d5148df3e87b58d2351b8,0,0,,false
hard_200,913f58860e5b10e49d8b20a0f850eb9ac684ae6b336d5148df3e87b58d2351b8,0,0,,false
hard_200,913f58860e5b10e49d8b20a0f850eb9ac684ae6b336d5148df3e87b58d2351b8,0,0,,false
hard_200,913f58860e5b10e49d8b20a0f850eb9ac684ae6b336d5148df3e87b58d2351b8,0.00072029204,2,,false
hard_200,913f58860e5b10e49d8b20a0f850eb9ac684ae6b336d5148df3e87b58d2351b8,0.006400162,3,,false
hard_200,913f58860e5b10e49d8b20a0f850eb9ac684ae6b336d5148df3e87b58d2351b8,0.009017271,12,,false
hard_200,913f58860e5b10e49d8b20a0f850eb9ac684ae6b336d5148df3e87b58d2351b8,0.03243091,18,,false
hard_200,913f58860e5b10e49d8b20a0f850eb9ac684ae6b336d5148df3e87b58d2351b8,0.0032905322,4,,false
hard_200,913f58860e5b10e49d8b20a0f850eb9ac684ae6b336d5148df3e87b58d2351b8,0.001914866,3,,false
hard_200,913f58860e5b10e49d8b20a0f850eb9ac684ae6b336d5148df3e87b58d2351b8,0.03312112,9,,false
hard_200,913f58860e5b10e49d8b20a0f850eb9ac684ae6b336d5148df3e87b58d2351b8,0.027422655,17,,false
hard_200,913f58860e5b10e49d8b20a0f850eb9ac684ae6b336d5148df3e87b58d2351b8,0.004899224,4,,false
hard_200,913f58860e5b10e49d8b20a0f850eb9ac684ae6b336d5148df3e87b58d2351b8,0.037744213,13,,false
hard_200,913f58860e5b10e49d8b20a0f850eb9ac684ae6b336d5148df3e87b58d2351b8,0.000066386216,1,,false
hard_200,913f58860e5b10e49d8b20a0f850eb9ac684ae6b336d5148df3e87b58d2351b8,0.013291407,7,,false
hard_200,913f58860e5b10e49d8b20a0f850eb9ac684ae6b336d5148df3e87b58d2351b8,0.033872467,20,,false
hard_200,913f58860e5b10e49d8b20a0f850eb9ac684ae6b336d5148df3e87b58d2351b8,0.03191972,21,,false
hard_200,913f58860e5b10e49d8b20a0f850eb9ac684ae6b336d5148df3e87b58d2351b8,0.003951953,5,,false
hard_200,913f58860e5b10e49d8b20a0f850eb9ac684ae6b336d5148df3e87b58d2351b8,0.018300865,13,,false
hard_200,913f58860e5b10e49d8b20a0f850eb9ac684ae6b336d5148df3e87b58d2351b8,0.017516777,8,,false
hard_200,913f58860e5b10e49d8b20a0f850eb9ac684ae6b336d5148df3e87b58d2351b8,0.02945673,19,,false
hard_200,913f58860e5b10e49d8b20a0f850eb9ac684ae6b336d5148df3e87b58d2351b8,0.045753293,18,,false
hard_200,913f58860e5b10e49d8b20a0f850eb9ac684ae6b336d5148df3e87b58d2351b8,0.0144422,8,,false
hard_200,913f58860e5b10e49d8b20a0f850eb9ac684ae6b336d5148df3e87b58d2351b8,0.010922336,13,,false
hard_200,913f58860e5b10e49d8b20a0f850eb9ac684ae6b336d5148df3e87b58d2351b8,0.037616074,17,,false
hard_200,913f58860e5b10e49d8b20a0f850eb9ac684ae6b336d5148df3e87b58d2351b8,0.1726377,42,,false
hard_200,913f58860e5b10e49d8b20a0f850eb9ac684ae6b336d5148df3e87b58d2351b8,0.021761958,16,,false
hard_200,913f58860e5b10e49d8b20a0f850eb9ac684ae6b336d5148df3e87b58d2351b8,0.04235331,20,,false
hard_200,3caab14589238e4884421d64ba63433e5430b2e4b3cf65011a78cd420f35cecc,0.00036729613,1,,false
hard_200,3caab14589238e4884421d64ba63433e5430b2e4b3cf65011a78cd420f35cecc,0,0,,true
hard_200,3caab14589238e4884421d64ba63433e5430b2e4b3cf65011a78cd420f35cecc,0,0,,true
hard_200,3caab14589238e4884421d64ba63433e5430b2e4b3cf65011a78cd420f35cecc,0.01312536,7,,true
hard_200,3caab14589238e4884421d64ba63433e5430b2e4b3cf65011a78cd420f35cecc,0.02071282,10,,false
hard_200,3caab14589238e4884421d64ba63433e5430b2e4b3cf65011a78cd420f35cecc,0,0,,true
hard_200,3caab14589238e4884421d64ba63433e5430b2e4b3cf65011a78cd420f35cecc,0,0,,true
hard_200,3caab14589238e4884421d64ba63433e5430b2e4b3cf65011a78cd420f35cecc,0.009924196,4,,false
hard_200,3caab14589238e4884421d64ba63433e5430b2e4b3cf65011a78cd420f35cecc,0.007216589,5,,true
hard_200,3caab14589238e4884421d64ba63433e5430b2e4b3cf65011a78cd420f35cecc,0.0032196373,2,,true
hard_200,3caab14589238e4884421d64ba63433e5430b2e4b3cf65011a78cd420f35cecc,0.00858185,6,,true
hard_200,3caab14589238e4884421d64ba63433e5430b2e4b3cf65011a78cd420f35cecc,0.15843849,44,,false
hard_200,3caab14589238e4884421d64ba63433e5430b2e4b3cf65011a78cd420f35cecc,0.023734368,8,,true
hard_200,3caab14589238e4884421d64ba63433e5430b2e4b3cf65011a78cd420f35cecc,0.039220292,17,,true
hard_200,3caab14589238e4884421d64ba63433e5430b2e4b3cf65011a78cd420f35cecc,0.0014353379,2,,true
hard_200,3caab14589238e4884421d64ba63433e5430b2e4b3cf65011a78cd420f35cecc,0.0064910636,7,,true
hard_200,3caab14589238e4884421d64ba63433e5430b2e4b3cf65011a78cd420f35cecc,0.023791948,14,,true
hard_200,3caab14589238e4884421d64ba63433e5430b2e4b3cf65011a78cd420f35cecc,0.020808281,12,,true
hard_200,3caab14589238e4884421d64ba63433e5430b2e4b3cf65011a78cd420f35cecc,0.0013765238,1,,true
hard_200,3caab14589238e4884421d64ba63433e5430b2e4b3cf65011a78cd420f35cecc,0.007981247,5,,true
hard_200,3caab14589238e4884421d64ba63433e5430b2e4b3cf65011a78cd420f35cecc,0.007636089,6,,true
hard_200,3caab14589238e4884421d64ba63433e5430b2e4b3cf65011a78cd420f35cecc,0.000057004418,1,,true
hard_200,3caab14589238e4884421d64ba63433e5430b2e4b3cf65011a78cd420f35cecc,0.01274822,12,,true
hard_200,3caab14589238e4884421d64ba63433e5430b2e4b3cf65011a78cd420f35cecc,0.030582493,18,,true
hard_200,3caab14589238e4884421d64ba63433e5430b2e4b3cf65011a78cd420f35cecc,0.0066450094,4,,true
hard_200,3caab14589238e4884421d64ba63433e5430b2e4b3cf65011a78cd420f35cecc,0.029303065,14,,true
hard_200,3caab14589238e4884421d64ba63433e5430b2e4b3cf65011a78cd420f35cecc,0.010016355,9,,true
hard_200,3caab14589238e4884421d64ba63433e5430b2e4b3cf65011a78cd420f35cecc,0.044999395,23,,true
hard_200,3caab14589238e4884421d64ba63433e5430b2e4b3cf65011a78cd420f35cecc,0.025841942,21,,true
hard_200,3caab14589238e4884421d64ba63433e5430b2e4b3cf65011a78cd420f35cecc,0.18472491,48,,false
hard_200,3caab14589238e4884421d64ba63433e5430b2e4b3cf65011a78cd420f35cecc,0.055222634,18,,true
hard_200,3caab14589238e4884421d64ba63433e5430b2e4b3cf65011a78cd420f35cecc,0.001982408,2,,true
hard_200,3caab14589238e4884421d64ba63433e5430b2e4b3cf65011a78cd420f35cecc,0.05343284,13,,true
hard_200,3caab14589238e4884421d64ba63433e5430b2e4b3cf65011a78cd420f35cecc,0.16149022,41,,false
hard_200,9759d08c74bed6bccbd8bfc6dd4d4642d9ec30928bc803a63d53eee2bf88924c,0,0,,false
hard_200,9759d08c74bed6bccbd8bfc6dd4d4642d9ec30928bc803a63d53eee2bf88924c,0,0,,false
hard_200,9759d08c74bed6bccbd8bfc6dd4d4642d9ec30928bc803a63d53eee2bf88924c,0,0,,false
hard_200,9759d08c74bed6bccbd8bfc6dd4d4642d9ec30928bc803a63d53eee2bf88924c,0,0,,false
hard_200,9759d08c74bed6bccbd8bfc6dd4d4642d9ec30928bc803a63d53eee2bf88924c,0,0,,false
hard_200,9759d08c74bed6bccbd8bfc6dd4d4642d9ec30928bc803a63d53eee2bf88924c,0,0,,false
hard_200,9759d08c74bed6bccbd8bfc6dd4d4642d9ec30928bc803a63d53eee2bf88924c,0.02595612,25,,false
hard_200,9759d08c74bed6bccbd8bfc6dd4d4642d9ec30928bc803a63d53eee2bf88924c,0,0,,false
hard_200,9759d08c74bed6bccbd8bfc6dd4d4642d9ec30928bc803a63d53eee2bf88924c,0.00003974891,1,,false
hard_200,9759d08c74bed6bccbd8bfc6dd4d4642d9ec30928bc803a63d53eee2bf88924c,0.04740304,18,,false
hard_200,9759d08c74bed6bccbd8bfc6dd4d4642d9ec30928bc803a63d53eee2bf88924c,0.022423605,8,,false
hard_200,9759d08c74bed6bccbd8bfc6dd4d4642d9ec30928bc803a63d53eee2bf88924c,0.0002066429,1,,false
hard_200,9759d08c74bed6bccbd8bfc6dd4d4642d9ec30928bc803a63d53eee2bf88924c,0.0016006728,3,,false
hard_200,9759d08c74bed6bccbd8bfc6dd4d4642d9ec30928bc803a63d53eee2bf88924c,0.017627612,7,,false
hard_200,9759d08c74bed6bccbd8bfc6dd4d4642d9ec30928bc803a63d53eee2bf88924c,0.0024937943,2,,false
hard_200,9759d08c74bed6bccbd8bfc6dd4d4642d9ec30928bc803a63d53eee2bf88924c,0.0090190405,9,,false
hard_200,9759d08c74bed6bccbd8bfc6dd4d4642d9ec30928bc803a63d53eee2bf88924c,0.018703034,8,,false
hard_200,9759d08c74bed6bccbd8bfc6dd4d4642d9ec30928bc803a63d53eee2bf88924c,0.017435234,8,,false
hard_200,9759d08c74bed6bccbd8bfc6dd4d4642d9ec30928bc803a63d53eee2bf88924c,0,0,,false
hard_200,9759d08c74bed6bccbd8bfc6dd4d4642d9ec30928bc803a63d53eee2bf88924c,0.046205826,11,,false
hard_200,9759d08c74bed6bccbd8bfc6dd4d4642d9ec30928bc803a63d53eee2bf88924c,0.048547164,19,,false
hard_200,9759d08c74bed6bccbd8bfc6dd4d4642d9ec30928bc803a63d53eee2bf88924c,0.030655952,16,,false
hard_200,9759d08c74bed6bccbd8bfc6dd4d4642d9ec30928bc803a63d53eee2bf88924c,0.035213713,19,,false
hard_200,9759d08c74bed6bccbd8bfc6dd4d4642d9ec30928bc803a63d53eee2bf88924c,0.019094788,10,,false
hard_200,9759d08c74bed6bccbd8bfc6dd4d4642d9ec30928bc803a63d53eee2bf88924c,0.04464949,19,,false
hard_200,9759d08c74bed6bccbd8bfc6dd4d4642d9ec30928bc803a63d53eee2bf88924c,0.002561386,2,,false
hard_200,9759d08c74bed6bccbd8bfc6dd4d4642d9ec30928bc803a63d53eee2bf88924c,0.029175015,19,,false
hard_200,9759d08c74bed6bccbd8bfc6dd4d4642d9ec30928bc803a63d53eee2bf88924c,0.049538415,23,,false
hard_200,9759d08c74bed6bccbd8bfc6dd4d4642d9ec30928bc803a63d53eee2bf88924c,0.03607751,27,,false
hard_200,9759d08c74bed6bccbd8bfc6dd4d4642d9ec30928bc803a63d53eee2bf88924c,0.038690377,13,,false
hard_200,9759d08c74bed6bccbd8bfc6dd4d4642d9ec30928bc803a63d53eee2bf88924c,0.016071264,9,,false
hard_200,9759d08c74bed6bccbd8bfc6dd4d4642d9ec30928bc803a63d53eee2bf88924c,0.039047427,21,,false
hard_200,01bded7d9386f6ea76516d8acf7922451874bce44bbb54694f0a79742b3ceda6,0,0,,false
hard_200,01bded7d9386f6ea76516d8acf7922451874bce44bbb54694f0a79742b3ceda6,0.0023529704,1,,false
hard_200,01bded7d9386f6ea76516d8acf7922451874bce44bbb54694f0a79742b3ceda6,0.0046672337,3,,false
hard_200,01bded7d9386f6ea76516d8acf7922451874bce44bbb54694f0a79742b3ceda6,0.0033304892,3,,false
hard_200,01bded7d9386f6ea76516d8acf7922451874bce44bbb54694f0a79742b3ceda6,0,0,,false
hard_200,01bded7d9386f6ea76516d8acf7922451874bce44bbb54694f0a79742b3ceda6,0.008192259,4,,false
hard_200,01bded7d9386f6ea76516d8acf7922451874bce44bbb54694f0a79742b3ceda6,0.019963078,6,,false
hard_200,01bded7d9386f6ea76516d8acf7922451874bce44bbb54694f0a79742b3ceda6,0.002519974,2,,false
hard_200,01bded7d9386f6ea76516d8acf7922451874bce44bbb54694f0a79742b3ceda6,0.011833842,9,,false
hard_200,01bded7d9386f6ea76516d8acf7922451874bce44bbb54694f0a79742b3ceda6,0.04465164,11,,false
hard_200,01bded7d9386f6ea76516d8acf7922451874bce44bbb54694f0a79742b3ceda6,0.0068766405,18,,false
hard_200,01bded7d9386f6ea76516d8acf7922451874bce44bbb54694f0a79742b3ceda6,0.0293691,10,,false
hard_200,01bded7d9386f6ea76516d8acf7922451874bce44bbb54694f0a79742b3ceda6,0.012923785,5,,false
hard_200,01bded7d9386f6ea76516d8acf7922451874bce44bbb54694f0a79742b3ceda6,0.015944911,11,,false
hard_200,01bded7d9386f6ea76516d8acf7922451874bce44bbb54694f0a79742b3ceda6,0.056062102,21,,false
hard_200,01bded7d9386f6ea76516d8acf7922451874bce44bbb54694f0a79742b3ceda6,0.018553881,14,,false
hard_200,01bded7d9386f6ea76516d8acf7922451874bce44bbb54694f0a79742b3ceda6,0.026967261,15,,false
hard_200,01bded7d9386f6ea76516d8acf7922451874bce44bbb54694f0a79742b3ceda6,0.03304993,23,,false
hard_200,01bded7d9386f6ea76516d8acf7922451874bce44bbb54694f0a79742b3ceda6,0.014224036,15,,false
hard_200,01bded7d9386f6ea76516d8acf7922451874bce44bbb54694f0a79742b3ceda6,0.02042219,16,,false
hard_200,01bded7d9386f6ea76516d8acf7922451874bce44bbb54694f0a79742b3ceda6,0.010594431,7,,false
hard_200,01bded7d9386f6ea76516d8acf7922451874bce44bbb54694f0a79742b3ceda6,0.050912425,27,,false
hard_200,01bded7d9386f6ea76516d8acf7922451874bce44bbb54694f0a79742b3ceda6,0.011559849,10,,false
hard_200,01bded7d9386f6ea76516d8acf7922451874bce44bbb54694f0a79742b3ceda6,0.010777365,10,,false
hard_200,01bded7d9386f6ea76516d8acf7922451874bce44bbb54694f0a79742b3ceda6,0.03988968,17,,false
hard_200,01bded7d9386f6ea76516d8acf7922451874bce44bbb54694f0a79742b3ceda6,0.04772795,19,,false
hard_200,01bded7d9386f6ea76516d8acf7922451874bce44bbb54694f0a79742b3ceda6,0.05591227,20,,false
hard_200,01bded7d9386f6ea76516d8acf7922451874bce44bbb54694f0a79742b3ceda6,0.04251833,14,,false
hard_200,01bded7d9386f6ea76516d8acf7922451874bce44bbb54694f0a79742b3ceda6,0.09213395,33,,false
hard_200,01bded7d9386f6ea76516d8acf7922451874bce44bbb54694f0a79742b3ceda6,0.036524933,22,,false
hard_200,01bded7d9386f6ea76516d8acf7922451874bce44bbb54694f0a79742b3ceda6,0.027271217,16,,false
hard_200,01bded7d9386f6ea76516d8acf7922451874bce44bbb54694f0a79742b3ceda6,0.059008256,11,,false
hard_200,01bded7d9386f6ea76516d8acf7922451874bce44bbb54694f0a79742b3ceda6,0.19660918,52,,false
hard_200,6638da2058e50d8d031691166c01bbb82afef9cf5b6bf0d6203f827f899efbd5,0,0,,false
hard_200,6638da2058e50d8d031691166c01bbb82afef9cf5b6bf0d6203f827f899efbd5,0,0,,false
hard_200,6638da2058e50d8d031691166c01bbb82afef9cf5b6bf0d6203f827f899efbd5,0,0,,false
hard_200,6638da2058e50d8d031691166c01bbb82afef9cf5b6bf0d6203f827f899efbd5,0.00015045192,1,,false
hard_200,6638da2058e50d8d031691166c01bbb82afef9cf5b6bf0d6203f827f899efbd5,0.01837955,11,,false
hard_200,6638da2058e50d8d031691166c01bbb82afef9cf5b6bf0d6203f827f899efbd5,0,0,,false
hard_200,6638da2058e50d8d031691166c01bbb82afef9cf5b6bf0d6203f827f899efbd5,0,0,,false
hard_200,6638da2058e50d8d031691166c01bbb82afef9cf5b6bf0d6203f827f899efbd5,0.000245612,1,,false
hard_200,6638da2058e50d8d031691166c01bbb82afef9cf5b6bf0d6203f827f899efbd5,0.0015467969,1,,false
hard_200,6638da2058e50d8d031691166c01bbb82afef9cf5b6bf0d6203f827f899efbd5,0.024326112,15,,false
hard_200,6638da2058e50d8d031691166c01bbb82afef9cf5b6bf0d6203f827f899efbd5,0.023374373,18,,false
hard_200,6638da2058e50d8d031691166c01bbb82afef9cf5b6bf0d6203f827f899efbd5,0.024491552,15,,false
hard_200,6638da2058e50d8d031691166c01bbb82afef9cf5b6bf0d6203f827f899efbd5,0.00043110744,2,,false
hard_200,6638da2058e50d8d031691166c01bbb82afef9cf5b6bf0d6203f827f899efbd5,0.0045324834,4,,false
hard_200,6638da2058e50d8d031691166c01bbb82afef9cf5b6bf0d6203f827f899efbd5,0.009588231,3,,false
hard_200,6638da2058e50d8d031691166c01bbb82afef9cf5b6bf0d6203f827f899efbd5,0.0046418835,3,,false
hard_200,6638da2058e50d8d031691166c01bbb82afef9cf5b6bf0d6203f827f899efbd5,0.019806508,16,,false
hard_200,6638da2058e50d8d031691166c01bbb82afef9cf5b6bf0d6203f827f899efbd5,0.049177967,16,,false
hard_200,6638da2058e50d8d031691166c01bbb82afef9cf5b6bf0d6203f827f899efbd5,0.031541824,15,,false
hard_200,6638da2058e50d8d031691166c01bbb82afef9cf5b6bf0d6203f827f899efbd5,0.020507691,9,,false
hard_200,6638da2058e50d8d031691166c01bbb82afef9cf5b6bf0d6203f827f899efbd5,0.002502568,6,,false
hard_200,6638da2058e50d8d031691166c01bbb82afef9cf5b6bf0d6203f827f899efbd5,0.06702956,17,,false
hard_200,6638da2058e50d8d031691166c01bbb82afef9cf5b6bf0d6203f827f899efbd5,0.033461682,21,,false
hard_200,6638da2058e50d8d031691166c01bbb82afef9cf5b6bf0d6203f827f899efbd5,0.045507245,28,,false
hard_200,6638da2058e50d8d031691166c01bbb82afef9cf5b6bf0d6203f827f899efbd5,0.034080837,13,,false
hard_200,6638da2058e50d8d031691166c01bbb82afef9cf5b6bf0d6203f827f899efbd5,0.037738144,14,,false
hard_200,6638da2058e50d8d031691166c01bbb82afef9cf5b6bf0d6203f827f899efbd5,0.029176917,13,,false
hard_200,6638da2058e50d8d031691166c01bbb82afef9cf5b6bf0d6203f827f899efbd5,0.015631555,11,,false
hard_200,6638da2058e50d8d031691166c01bbb82afef9cf5b6bf0d6203f827f899efbd5,0.09232719,34,,false
hard_200,6638da2058e50d8d031691166c01bbb82afef9cf5b6bf0d6203f827f899efbd5,0.03969913,16,,false
hard_200,6638da2058e50d8d031691166c01bbb82afef9cf5b6bf0d6203f827f899efbd5,0.035128597,13,,false
hard_200,6638da2058e50d8d031691166c01bbb82afef9cf5b6bf0d6203f827f899efbd5,0.044610444,24,,false
hard_200,6638da2058e50d8d031691166c01bbb82afef9cf5b6bf0d6203f827f899efbd5,0.04814009,20,,false
hard_200,6638da2058e50d8d031691166c01bbb82afef9cf5b6bf0d6203f827f899efbd5,0.059910428,27,,false
hard_200,ab8aa2fbca1f4a9eabad65087dd5b3dbb1ea41ffbdc16534ed984322782eee8b,0.00034735515,2,,false
hard_200,ab8aa2fbca1f4a9eabad65087dd5b3dbb1ea41ffbdc16534ed984322782eee8b,0,0,,false
hard_200,ab8aa2fbca1f4a9eabad65087dd5b3dbb1ea41ffbdc16534ed984322782eee8b,0,0,,false
hard_200,ab8aa2fbca1f4a9eabad65087dd5b3dbb1ea41ffbdc16534ed984322782eee8b,0,0,,false
hard_200,ab8aa2fbca1f4a9eabad65087dd5b3dbb1ea41ffbdc16534ed984322782eee8b,0,0,,false
hard_200,ab8aa2fbca1f4a9eabad65087dd5b3dbb1ea41ffbdc16534ed984322782eee8b,0,0,,false
hard_200,ab8aa2fbca1f4a9eabad65087dd5b3dbb1ea41ffbdc16534ed984322782eee8b,0,0,,false
hard_200,ab8aa2fbca1f4a9eabad65087dd5b3dbb1ea41ffbdc16534ed984322782eee8b,0.01319864,5,,false
hard_200,ab8aa2fbca1f4a9eabad65087dd5b3dbb1ea41ffbdc16534ed984322782eee8b,0.019311553,10,,false
hard_200,ab8aa2fbca1f4a9eabad65087dd5b3dbb1ea41ffbdc16534ed984322782eee8b,0.00940482,7,,false
hard_200,ab8aa2fbca1f4a9eabad65087dd5b3dbb1ea41ffbdc16534ed984322782eee8b,0.010732803,11,,false
hard_200,ab8aa2fbca1f4a9eabad65087dd5b3dbb1ea41ffbdc16534ed984322782eee8b,0,0,,false
hard_200,ab8aa2fbca1f4a9eabad65087dd5b3dbb1ea41ffbdc16534ed984322782eee8b,0.03409896,16,,false
hard_200,ab8aa2fbca1f4a9eabad65087dd5b3dbb1ea41ffbdc16534ed984322782eee8b,0.006338597,10,,false
hard_200,ab8aa2fbca1f4a9eabad65087dd5b3dbb1ea41ffbdc16534ed984322782eee8b,0.016419023,12,,false
hard_200,ab8aa2fbca1f4a9eabad65087dd5b3dbb1ea41ffbdc16534ed984322782eee8b,0.01758951,12,,false
hard_200,ab8aa2fbca1f4a9eabad65087dd5b3dbb1ea41ffbdc16534ed984322782eee8b,0.024067692,17,,false
hard_200,ab8aa2fbca1f4a9eabad65087dd5b3dbb1ea41ffbdc16534ed984322782eee8b,0.0026691102,3,,false
hard_200,ab8aa2fbca1f4a9eabad65087dd5b3dbb1ea41ffbdc16534ed984322782eee8b,0.0015359924,3,,false
hard_200,ab8aa2fbca1f4a9eabad65087dd5b3dbb1ea41ffbdc16534ed984322782eee8b,0.024111656,8,,false
hard_200,ab8aa2fbca1f4a9eabad65087dd5b3dbb1ea41ffbdc16534ed984322782eee8b,0.03006958,15,,false
hard_200,ab8aa2fbca1f4a9eabad65087dd5b3dbb1ea41ffbdc16534ed984322782eee8b,0.029975977,16,,false
hard_200,ab8aa2fbca1f4a9eabad65087dd5b3dbb1ea41ffbdc16534ed984322782eee8b,0.030155357,20,,false
hard_200,ab8aa2fbca1f4a9eabad65087dd5b3dbb1ea41ffbdc16534ed984322782eee8b,0.05103247,18,,false
hard_200,ab8aa2fbca1f4a9eabad65087dd5b3dbb1ea41ffbdc16534ed984322782eee8b,0.060615446,19,,false
hard_200,ab8aa2fbca1f4a9eabad65087dd5b3dbb1ea41ffbdc16534ed984322782eee8b,0.03456593,12,,false
hard_200,ab8aa2fbca1f4a9eabad65087dd5b3dbb1ea41ffbdc16534ed984322782eee8b,0.028712107,21,,false
hard_200,ab8aa2fbca1f4a9eabad65087dd5b3dbb1ea41ffbdc16534ed984322782eee8b,0.024190571,15,,false
hard_200,ab8aa2fbca1f4a9eabad65087dd5b3dbb1ea41ffbdc16534ed984322782eee8b,0.0075978083,8,,false
hard_200,ab8aa2fbca1f4a9eabad65087dd5b3dbb1ea41ffbdc16534ed984322782eee8b,0.012020788,10,,false
hard_200,ab8aa2fbca1f4a9eabad65087dd5b3dbb1ea41ffbdc16534ed984322782eee8b,0.21024993,59,,false
hard_200,ab8aa2fbca1f4a9eabad65087dd5b3dbb1ea41ffbdc16534ed984322782eee8b,0.21279584,49,,false
hard_200,1fee43bccf376f9e715b43a44476bad16d11913be48088fbac3a9986347e2407,0,0,,true
hard_200,1fee43bccf376f9e715b43a44476bad16d11913be48088fbac3a9986347e2407,0,0,,false
hard_200,1fee43bccf376f9e715b43a44476bad16d11913be48088fbac3a9986347e2407,0,0,,true
hard_200,1fee43bccf376f9e715b43a44476bad16d11913be48088fbac3a9986347e2407,0.01823781,9,,true
hard_200,1fee43bccf376f9e715b43a44476bad16d11913be48088fbac3a9986347e2407,0.0002515694,1,,true
hard_200,1fee43bccf376f9e715b43a44476bad16d11913be48088fbac3a9986347e2407,0.0021849931,4,,true
hard_200,1fee43bccf376f9e715b43a44476bad16d11913be48088fbac3a9986347e2407,0.0017816535,4,,true
hard_200,1fee43bccf376f9e715b43a44476bad16d11913be48088fbac3a9986347e2407,0.005472083,6,,true
hard_200,1fee43bccf376f9e715b43a44476bad16d11913be48088fbac3a9986347e2407,0,0,,true
hard_200,1fee43bccf376f9e715b43a44476bad16d11913be48088fbac3a9986347e2407,0,0,,true
hard_200,1fee43bccf376f9e715b43a44476bad16d11913be48088fbac3a9986347e2407,0.027539175,16,,true
hard_200,1fee43bccf376f9e715b43a44476bad16d11913be48088fbac3a9986347e2407,0.004978956,3,,true
hard_200,1fee43bccf376f9e715b43a44476bad16d11913be48088fbac3a9986347e2407,0.028540494,15,,true
hard_200,1fee43bccf376f9e715b43a44476bad16d11913be48088fbac3a9986347e2407,0.03417172,25,,true
hard_200,1fee43bccf376f9e715b43a44476bad16d11913be48088fbac3a9986347e2407,0.01951611,8,,true
hard_200,1fee43bccf376f9e715b43a44476bad16d11913be48088fbac3a9986347e2407,0.005349995,6,,true
hard_200,1fee43bccf376f9e715b43a44476bad16d11913be48088fbac3a9986347e2407,0.01545615,12,,true
hard_200,1fee43bccf376f9e715b43a44476bad16d11913be48088fbac3a9986347e2407,0.033687927,16,,true
hard_200,1fee43bccf376f9e715b43a44476bad16d11913be48088fbac3a9986347e2407,0.07286811,20,,true
hard_200,1fee43bccf376f9e715b43a44476bad16d11913be48088fbac3a9986347e2407,0.024964053,22,,true
hard_200,1fee43bccf376f9e715b43a44476bad16d11913be48088fbac3a9986347e2407,0.029319065,22,,true
hard_200,1fee43bccf376f9e715b43a44476bad16d11913be48088fbac3a9986347e2407,0.04398656,20,,true
hard_200,1fee43bccf376f9e715b43a44476bad16d11913be48088fbac3a9986347e2407,0.018972516,15,,true
hard_200,1fee43bccf376f9e715b43a44476bad16d11913be48088fbac3a9986347e2407,0.0033950172,6,,true
hard_200,1fee43bccf376f9e715b43a44476bad16d11913be48088fbac3a9986347e2407,0.023881413,12,,true
hard_200,1fee43bccf376f9e715b43a44476bad16d11913be48088fbac3a9986347e2407,0.03657108,14,,true
hard_200,1fee43bccf376f9e715b43a44476bad16d11913be48088fbac3a9986347e2407,0.04025821,17,,true
hard_200,1fee43bccf376f9e715b43a44476bad16d11913be48088fbac3a9986347e2407,0.028243583,15,,true
hard_200,1fee43bccf376f9e715b43a44476bad16d11913be48088fbac3a9986347e2407,0.057677746,15,,true
hard_200,1fee43bccf376f9e715b43a44476bad16d11913be48088fbac3a9986347e2407,0.023401204,24,,true
hard_200,1fee43bccf376f9e715b43a44476bad16d11913be48088fbac3a9986347e2407,0.035218995,18,,true
hard_200,dad8ecaa33637bd0f86a4dda513e370b614edab31071b177cd51f4dc4db1b458,0,0,,false
hard_200,dad8ecaa33637bd0f86a4dda513e370b614edab31071b177cd51f4dc4db1b458,0.0022707307,7,,false
hard_200,dad8ecaa33637bd0f86a4dda513e370b614edab31071b177cd51f4dc4db1b458,0,0,,false
hard_200,dad8ecaa33637bd0f86a4dda513e370b614edab31071b177cd51f4dc4db1b458,0,0,,false
hard_200,dad8ecaa33637bd0f86a4dda513e370b614edab31071b177cd51f4dc4db1b458,0.0032289885,4,,false
hard_200,dad8ecaa33637bd0f86a4dda513e370b614edab31071b177cd51f4dc4db1b458,0.00016784141,1,,false
hard_200,dad8ecaa33637bd0f86a4dda513e370b614edab31071b177cd51f4dc4db1b458,0.0012729812,1,,false
hard_200,dad8ecaa33637bd0f86a4dda513e370b614edab31071b177cd51f4dc4db1b458,0.0076186927,2,,false
hard_200,dad8ecaa33637bd0f86a4dda513e370b614edab31071b177cd51f4dc4db1b458,0.0003372278,1,,false
hard_200,dad8ecaa33637bd0f86a4dda513e370b614edab31071b177cd51f4dc4db1b458,0.0064968537,5,,false
hard_200,dad8ecaa33637bd0f86a4dda513e370b614edab31071b177cd51f4dc4db1b458,0.04616606,24,,false
hard_200,dad8ecaa33637bd0f86a4dda513e370b614edab31071b177cd51f4dc4db1b458,0,0,,false
hard_200,dad8ecaa33637bd0f86a4dda513e370b614edab31071b177cd51f4dc4db1b458,0.00015816027,4,,false
hard_200,dad8ecaa33637bd0f86a4dda513e370b614edab31071b177cd51f4dc4db1b458,0.00032689396,1,,false
hard_200,dad8ecaa33637bd0f86a4dda513e370b614edab31071b177cd51f4dc4db1b458,0,0,,false
hard_200,dad8ecaa33637bd0f86a4dda513e370b614edab31071b177cd51f4dc4db1b458,0.011477419,12,,false
hard_200,dad8ecaa33637bd0f86a4dda513e370b614edab31071b177cd51f4dc4db1b458,0.15697594,42,,false
hard_200,dad8ecaa33637bd0f86a4dda513e370b614edab31071b177cd51f4dc4db1b458,0,0,,false
hard_200,dad8ecaa33637bd0f86a4dda513e370b614edab31071b177cd51f4dc4db1b458,0,0,,false
hard_200,dad8ecaa33637bd0f86a4dda513e370b614edab31071b177cd51f4dc4db1b458,0.004803958,2,,false
hard_200,dad8ecaa33637bd0f86a4dda513e370b614edab31071b177cd51f4dc4db1b458,0.038117867,21,,false
hard_200,dad8ecaa33637bd0f86a4dda513e370b614edab31071b177cd51f4dc4db1b458,0.0008315657,5,,false
hard_200,dad8ecaa33637bd0f86a4dda513e370b614edab31071b177cd51f4dc4db1b458,0.0030097503,3,,false
hard_200,dad8ecaa33637bd0f86a4dda513e370b614edab31071b177cd51f4dc4db1b458,0.045339506,15,,false
hard_200,dad8ecaa33637bd0f86a4dda513e370b614edab31071b177cd51f4dc4db1b458,0.045554426,14,,false
hard_200,dad8ecaa33637bd0f86a4dda513e370b614edab31071b177cd51f4dc4db1b458,0.032997854,22,,false
hard_200,dad8ecaa33637bd0f86a4dda513e370b614edab31071b177cd51f4dc4db1b458,0.040292077,25,,false
hard_200,dad8ecaa33637bd0f86a4dda513e370b614edab31071b177cd51f4dc4db1b458,0,0,,false
hard_200,dad8ecaa33637bd0f86a4dda513e370b614edab31071b177cd51f4dc4db1b458,0.031587146,21,,false
hard_200,dad8ecaa33637bd0f86a4dda513e370b614edab31071b177cd51f4dc4db1b458,0.01053124,7,,false
hard_200,dad8ecaa33637bd0f86a4dda513e370b614edab31071b177cd51f4dc4db1b458,0.04726425,18,,false
hard_200,dad8ecaa33637bd0f86a4dda513e370b614edab31071b177cd51f4dc4db1b458,0.05758251,17,,false
hard_200,b0589358cdd7d2204b8d247e79c033f1d7ce552a8ee65ecd3c4b4c1bbbd81524,0,0,,false
hard_200,b0589358cdd7d2204b8d247e79c033f1d7ce552a8ee65ecd3c4b4c1bbbd81524,0.10186232,39,,false
hard_200,b0589358cdd7d2204b8d247e79c033f1d7ce552a8ee65ecd3c4b4c1bbbd81524,0,0,,false
hard_200,b0589358cdd7d2204b8d247e79c033f1d7ce552a8ee65ecd3c4b4c1bbbd81524,0,0,,false
hard_200,b0589358cdd7d2204b8d247e79c033f1d7ce552a8ee65ecd3c4b4c1bbbd81524,0,0,,false
hard_200,b0589358cdd7d2204b8d247e79c033f1d7ce552a8ee65ecd3c4b4c1bbbd81524,0.0010393668,3,,false
hard_200,b0589358cdd7d2204b8d247e79c033f1d7ce552a8ee65ecd3c4b4c1bbbd81524,0.012763387,21,,false
hard_200,b0589358cdd7d2204b8d247e79c033f1d7ce552a8ee65ecd3c4b4c1bbbd81524,0.0024472126,2,,false
hard_200,b0589358cdd7d2204b8d247e79c033f1d7ce552a8ee65ecd3c4b4c1bbbd81524,0.0078036,6,,false
hard_200,b0589358cdd7d2204b8d247e79c033f1d7ce552a8ee65ecd3c4b4c1bbbd81524,0.0020931622,3,,false
hard_200,b0589358cdd7d2204b8d247e79c033f1d7ce552a8ee65ecd3c4b4c1bbbd81524,0.03803147,19,,false
hard_200,b0589358cdd7d2204b8d247e79c033f1d7ce552a8ee65ecd3c4b4c1bbbd81524,0.0006513132,3,,false
hard_200,b0589358cdd7d2204b8d247e79c033f1d7ce552a8ee65ecd3c4b4c1bbbd81524,0.008595006,6,,false
hard_200,b0589358cdd7d2204b8d247e79c033f1d7ce552a8ee65ecd3c4b4c1bbbd81524,0.017769353,12,,false
hard_200,b0589358cdd7d2204b8d247e79c033f1d7ce552a8ee65ecd3c4b4c1bbbd81524,0.021568276,9,,false
hard_200,b0589358cdd7d2204b8d247e79c033f1d7ce552a8ee65ecd3c4b4c1bbbd81524,0.012645149,7,,false
hard_200,b0589358cdd7d2204b8d247e79c033f1d7ce552a8ee65ecd3c4b4c1bbbd81524,0.013932031,13,,false
hard_200,b0589358cdd7d2204b8d247e79c033f1d7ce552a8ee65ecd3c4b4c1bbbd81524,0,0,,false
hard_200,b0589358cdd7d2204b8d247e79c033f1d7ce552a8ee65ecd3c4b4c1bbbd81524,0.036862623,21,,false
hard_200,b0589358cdd7d2204b8d247e79c033f1d7ce552a8ee65ecd3c4b4c1bbbd81524,0.018632498,12,,false
hard_200,b0589358cdd7d2204b8d247e79c033f1d7ce552a8ee65ecd3c4b4c1bbbd81524,0.030705174,15,,false
hard_200,b0589358cdd7d2204b8d247e79c033f1d7ce552a8ee65ecd3c4b4c1bbbd81524,0.0014759806,3,,false
hard_200,b0589358cdd7d2204b8d247e79c033f1d7ce552a8ee65ecd3c4b4c1bbbd81524,0.005473446,3,,false
hard_200,b0589358cdd7d2204b8d247e79c033f1d7ce552a8ee65ecd3c4b4c1bbbd81524,0.029205335,21,,false
hard_200,b0589358cdd7d2204b8d247e79c033f1d7ce552a8ee65ecd3c4b4c1bbbd81524,0.02528453,16,,false
hard_200,b0589358cdd7d2204b8d247e79c033f1d7ce552a8ee65ecd3c4b4c1bbbd81524,0.016374685,14,,false
hard_200,b0589358cdd7d2204b8d247e79c033f1d7ce552a8ee65ecd3c4b4c1bbbd81524,0.12624826,40,,false
hard_200,b0589358cdd7d2204b8d247e79c033f1d7ce552a8ee65ecd3c4b4c1bbbd81524,0.0066250567,7,,false
hard_200,b0589358cdd7d2204b8d247e79c033f1d7ce552a8ee65ecd3c4b4c1bbbd81524,0.046684887,16,,false
hard_200,b0589358cdd7d2204b8d247e79c033f1d7ce552a8ee65ecd3c4b4c1bbbd81524,0.021562727,9,,false
hard_200,b0589358cdd7d2204b8d247e79c033f1d7ce552a8ee65ecd3c4b4c1bbbd81524,0.038178697,14,,false
hard_200,b0589358cdd7d2204b8d247e79c033f1d7ce552a8ee65ecd3c4b4c1bbbd81524,0.030521426,21,,false
hard_200,b0589358cdd7d2204b8d247e79c033f1d7ce552a8ee65ecd3c4b4c1bbbd81524,0.1749222,44,,false
hard_200,1a9869c298d67c31cdffd25b69fe4ea224e27766208d4c5158c145e4a5080efa,0,0,,false
hard_200,1a9869c298d67c31cdffd25b69fe4ea224e27766208d4c5158c145e4a5080efa,0,0,,false
hard_200,1a9869c298d67c31cdffd25b69fe4ea224e27766208d4c5158c145e4a5080efa,0.00018746944,1,,false
hard_200,1a9869c298d67c31cdffd25b69fe4ea224e27766208d4c5158c145e4a5080efa,0,0,,false
hard_200,1a9869c298d67c31cdffd25b69fe4ea224e27766208d4c5158c145e4a5080efa,0.014741522,13,,false
hard_200,1a9869c298d67c31cdffd25b69fe4ea224e27766208d4c5158c145e4a5080efa,0.013397067,4,,false
hard_200,1a9869c298d67c31cdffd25b69fe4ea224e27766208d4c5158c145e4a5080efa,0.0011102002,1,,false
hard_200,1a9869c298d67c31cdffd25b69fe4ea224e27766208d4c5158c145e4a5080efa,0.0012866451,4,,false
hard_200,1a9869c298d67c31cdffd25b69fe4ea224e27766208d4c5158c145e4a5080efa,0.0026641432,4,,false
hard_200,1a9869c298d67c31cdffd25b69fe4ea224e27766208d4c5158c145e4a5080efa,0.000017780862,1,,false
hard_200,1a9869c298d67c31cdffd25b69fe4ea224e27766208d4c5158c145e4a5080efa,0.0016693348,3,,false
hard_200,1a9869c298d67c31cdffd25b69fe4ea224e27766208d4c5158c145e4a5080efa,0.013649267,6,,false
hard_200,1a9869c298d67c31cdffd25b69fe4ea224e27766208d4c5158c145e4a5080efa,0.007677201,7,,false
hard_200,1a9869c298d67c31cdffd25b69fe4ea224e27766208d4c5158c145e4a5080efa,0.029665323,21,,false
hard_200,1a9869c298d67c31cdffd25b69fe4ea224e27766208d4c5158c145e4a5080efa,0.024646612,14,,false
hard_200,1a9869c298d67c31cdffd25b69fe4ea224e27766208d4c5158c145e4a5080efa,0.026907276,9,,false
hard_200,1a9869c298d67c31cdffd25b69fe4ea224e27766208d4c5158c145e4a5080efa,0.04784423,21,,false
hard_200,1a9869c298d67c31cdffd25b69fe4ea224e27766208d4c5158c145e4a5080efa,0.045561586,15,,false
hard_200,1a9869c298d67c31cdffd25b69fe4ea224e27766208d4c5158c145e4a5080efa,0.016258502,12,,false
hard_200,1a9869c298d67c31cdffd25b69fe4ea224e27766208d4c5158c145e4a5080efa,0.016173748,8,,false
hard_200,1a9869c298d67c31cdffd25b69fe4ea224e27766208d4c5158c145e4a5080efa,0.0029240493,6,,false
hard_200,1a9869c298d67c31cdffd25b69fe4ea224e27766208d4c5158c145e4a5080efa,0.034684427,16,,false
hard_200,1a9869c298d67c31cdffd25b69fe4ea224e27766208d4c5158c145e4a5080efa,0.026050555,18,,false
hard_200,1a9869c298d67c31cdffd25b69fe4ea224e27766208d4c5158c145e4a5080efa,0.0149953775,7,,false
hard_200,1a9869c298d67c31cdffd25b69fe4ea224e27766208d4c5158c145e4a5080efa,0.038294934,21,,false
hard_200,1a9869c298d67c31cdffd25b69fe4ea224e27766208d4c5158c145e4a5080efa,0.030904852,12,,false
hard_200,1a9869c298d67c31cdffd25b69fe4ea224e27766208d4c5158c145e4a5080efa,0.15384454,44,,false
hard_200,1a9869c298d67c31cdffd25b69fe4ea224e27766208d4c5158c145e4a5080efa,0.024582088,16,,false
hard_200,1a9869c298d67c31cdffd25b69fe4ea224e27766208d4c5158c145e4a5080efa,0.0496563,21,,false
hard_200,1a9869c298d67c31cdffd25b69fe4ea224e27766208d4c5158c145e4a5080efa,0.020575361,16,,false
hard_200,1a9869c298d67c31cdffd25b69fe4ea224e27766208d4c5158c145e4a5080efa,0.03881446,16,,false
hard_200,1a9869c298d67c31cdffd25b69fe4ea224e27766208d4c5158c145e4a5080efa,0.027422955,14,,false
hard_200,1a9869c298d67c31cdffd25b69fe4ea224e27766208d4c5158c145e4a5080efa,0.1528226,44,,false
hard_200,1a9869c298d67c31cdffd25b69fe4ea224e27766208d4c5158c145e4a5080efa,0.14692783,45,,false
hard_200,c3a890a49b1a5f1cf75935546c203adf2bc1381e4a545e8ca0d2546eec0d56df,0,0,,false
hard_200,c3a890a49b1a5f1cf75935546c203adf2bc1381e4a545e8ca0d2546eec0d56df,0,0,,false
hard_200,c3a890a49b1a5f1cf75935546c203adf2bc1381e4a545e8ca0d2546eec0d56df,0.0004215077,1,,false
hard_200,c3a890a49b1a5f1cf75935546c203adf2bc1381e4a545e8ca0d2546eec0d56df,0,0,,false
hard_200,c3a890a49b1a5f1cf75935546c203adf2bc1381e4a545e8ca0d2546eec0d56df,0,0,,false
hard_200,c3a890a49b1a5f1cf75935546c203adf2bc1381e4a545e8ca0d2546eec0d56df,0.003971683,4,,false
hard_200,c3a890a49b1a5f1cf75935546c203adf2bc1381e4a545e8ca0d2546eec0d56df,0.028564146,13,,false
hard_200,c3a890a49b1a5f1cf75935546c203adf2bc1381e4a545e8ca0d2546eec0d56df,0,0,,false
hard_200,c3a890a49b1a5f1cf75935546c203adf2bc1381e4a545e8ca0d2546eec0d56df,0,0,,false
hard_200,c3a890a49b1a5f1cf75935546c203adf2bc1381e4a545e8ca0d2546eec0d56df,0.010217742,7,,false
hard_200,c3a890a49b1a5f1cf75935546c203adf2bc1381e4a545e8ca0d2546eec0d56df,0.017231463,9,,false
hard_200,c3a890a49b1a5f1cf75935546c203adf2bc1381e4a545e8ca0d2546eec0d56df,0,0,,false
hard_200,c3a890a49b1a5f1cf75935546c203adf2bc1381e4a545e8ca0d2546eec0d56df,0,0,,false
hard_200,c3a890a49b1a5f1cf75935546c203adf2bc1381e4a545e8ca0d2546eec0d56df,0.038894285,21,,false
hard_200,c3a890a49b1a5f1cf75935546c203adf2bc1381e4a545e8ca0d2546eec0d56df,0,0,,false
hard_200,c3a890a49b1a5f1cf75935546c203adf2bc1381e4a545e8ca0d2546eec0d56df,0.026491044,18,,false
hard_200,c3a890a49b1a5f1cf75935546c203adf2bc1381e4a545e8ca0d2546eec0d56df,0,0,,false
hard_200,c3a890a49b1a5f1cf75935546c203adf2bc1381e4a545e8ca0d2546eec0d56df,0.00030245658,4,,false
hard_200,c3a890a49b1a5f1cf75935546c203adf2bc1381e4a545e8ca0d2546eec0d56df,0.021982845,16,,false
hard_200,c3a890a49b1a5f1cf75935546c203adf2bc1381e4a545e8ca0d2546eec0d56df,0.0016509434,2,,false
hard_200,c3a890a49b1a5f1cf75935546c203adf2bc1381e4a545e8ca0d2546eec0d56df,0.04806392,24,,false
hard_200,c3a890a49b1a5f1cf75935546c203adf2bc1381e4a545e8ca0d2546eec0d56df,0.04490515,19,,false
hard_200,c3a890a49b1a5f1cf75935546c203adf2bc1381e4a545e8ca0d2546eec0d56df,0.02541399,20,,false
hard_200,c3a890a49b1a5f1cf75935546c203adf2bc1381e4a545e8ca0d2546eec0d56df,0.03258858,12,,false
hard_200,c3a890a49b1a5f1cf75935546c203adf2bc1381e4a545e8ca0d2546eec0d56df,0.026432633,16,,false
hard_200,c3a890a49b1a5f1cf75935546c203adf2bc1381e4a545e8ca0d2546eec0d56df,0.0023526542,5,,false
hard_200,c3a890a49b1a5f1cf75935546c203adf2bc1381e4a545e8ca0d2546eec0d56df,0.025296,17,,false
hard_200,c3a890a49b1a5f1cf75935546c203adf2bc1381e4a545e8ca0d2546eec0d56df,0.036984306,22,,false
hard_200,c3a890a49b1a5f1cf75935546c203adf2bc1381e4a545e8ca0d2546eec0d56df,0.023003032,11,,false
hard_200,c3a890a49b1a5f1cf75935546c203adf2bc1381e4a545e8ca0d2546eec0d56df,0.027608987,17,,false
hard_200,c3a890a49b1a5f1cf75935546c203adf2bc1381e4a545e8ca0d2546eec0d56df,0.04815845,26,,false
hard_200,2c176034df81183ca74f28f66adf40e76aa1a7582d61e0bc8e32e6b68494030b,0,0,,true
hard_200,2c176034df81183ca74f28f66adf40e76aa1a7582d61e0bc8e32e6b68494030b,0,0,,true
hard_200,2c176034df81183ca74f28f66adf40e76aa1a7582d61e0bc8e32e6b68494030b,0,0,,true
hard_200,2c176034df81183ca74f28f66adf40e76aa1a7582d61e0bc8e32e6b68494030b,0,0,,true
hard_200,2c176034df81183ca74f28f66adf40e76aa1a7582d61e0bc8e32e6b68494030b,0,0,,true
hard_200,2c176034df81183ca74f28f66adf40e76aa1a7582d61e0bc8e32e6b68494030b,0,0,,true
hard_200,2c176034df81183ca74f28f66adf40e76aa1a7582d61e0bc8e32e6b68494030b,0,0,,true
hard_200,2c176034df81183ca74f28f66adf40e76aa1a7582d61e0bc8e32e6b68494030b,0,0,,true
hard_200,2c176034df81183ca74f28f66adf40e76aa1a7582d61e0bc8e32e6b68494030b,0,0,,true
hard_200,2c176034df81183ca74f28f66adf40e76aa1a7582d61e0bc8e32e6b68494030b,0,0,,true
hard_200,2c176034df81183ca74f28f66adf40e76aa1a7582d61e0bc8e32e6b68494030b,0,0,,true
hard_200,2c176034df81183ca74f28f66adf40e76aa1a7582d61e0bc8e32e6b68494030b,0,0,,true
hard_200,2c176034df81183ca74f28f66adf40e76aa1a7582d61e0bc8e32e6b68494030b,0,0,,true
hard_200,2c176034df81183ca74f28f66adf40e76aa1a7582d61e0bc8e32e6b68494030b,0.0073376987,3,,true
hard_200,2c176034df81183ca74f28f66adf40e76aa1a7582d61e0bc8e32e6b68494030b,0.022570187,17,,true
hard_200,2c176034df81183ca74f28f66adf40e76aa1a7582d61e0bc8e32e6b68494030b,0,0,,false
hard_200,2c176034df81183ca74f28f66adf40e76aa1a7582d61e0bc8e32e6b68494030b,0.068780355,19,,true
hard_200,2c176034df81183ca74f28f66adf40e76aa1a7582d61e0bc8e32e6b68494030b,0.002186579,3,,true
hard_200,2c176034df81183ca74f28f66adf40e76aa1a7582d61e0bc8e32e6b68494030b,0.008616132,9,,true
hard_200,2c176034df81183ca74f28f66adf40e76aa1a7582d61e0bc8e32e6b68494030b,0.0044595585,5,,true
hard_200,2c176034df81183ca74f28f66adf40e76aa1a7582d61e0bc8e32e6b68494030b,0.006215239,7,,true
hard_200,2c176034df81183ca74f28f66adf40e76aa1a7582d61e0bc8e32e6b68494030b,0.013153351,12,,true
hard_200,2c176034df81183ca74f28f66adf40e76aa1a7582d61e0bc8e32e6b68494030b,0.0040733754,4,,true
hard_200,2c176034df81183ca74f28f66adf40e76aa1a7582d61e0bc8e32e6b68494030b,0.037477754,18,,true
hard_200,2c176034df81183ca74f28f66adf40e76aa1a7582d61e0bc8e32e6b68494030b,0.02920438,11,,true
hard_200,2c176034df81183ca74f28f66adf40e76aa1a7582d61e0bc8e32e6b68494030b,0.024082616,16,,true
hard_200,2c176034df81183ca74f28f66adf40e76aa1a7582d61e0bc8e32e6b68494030b,0.16978478,51,,false
hard_200,2c176034df81183ca74f28f66adf40e76aa1a7582d61e0bc8e32e6b68494030b,0.020924471,17,,true
hard_200,2c176034df81183ca74f28f66adf40e76aa1a7582d61e0bc8e32e6b68494030b,0.0155583415,8,,false
hard_200,2c176034df81183ca74f28f66adf40e76aa1a7582d61e0bc8e32e6b68494030b,0.15500678,49,,false
hard_200,2c176034df81183ca74f28f66adf40e76aa1a7582d61e0bc8e32e6b68494030b,0.063550875,21,,true
hard_200,2c176034df81183ca74f28f66adf40e76aa1a7582d61e0bc8e32e6b68494030b,0.030602068,15,,false
hard_200,2c176034df81183ca74f28f66adf40e76aa1a7582d61e0bc8e32e6b68494030b,0.04784427,14,,true
hard_200,282d9f6a63f5c6699472b8bb968d87275328380076fd487bf3db21a60b0865ca,0,0,,false
hard_200,282d9f6a63f5c6699472b8bb968d87275328380076fd487bf3db21a60b0865ca,0,0,,false
hard_200,282d9f6a63f5c6699472b8bb968d87275328380076fd487bf3db21a60b0865ca,0.028486954,15,,false
hard_200,282d9f6a63f5c6699472b8bb968d87275328380076fd487bf3db21a60b0865ca,0.010589517,4,,false
hard_200,282d9f6a63f5c6699472b8bb968d87275328380076fd487bf3db21a60b0865ca,0.00041418095,1,,false
hard_200,282d9f6a63f5c6699472b8bb968d87275328380076fd487bf3db21a60b0865ca,0,0,,false
hard_200,282d9f6a63f5c6699472b8bb968d87275328380076fd487bf3db21a60b0865ca,0.010276482,6,,false
hard_200,282d9f6a63f5c6699472b8bb968d87275328380076fd487bf3db21a60b0865ca,0,0,,false
hard_200,282d9f6a63f5c6699472b8bb968d87275328380076fd487bf3db21a60b0865ca,0.029912269,15,,false
hard_200,282d9f6a63f5c6699472b8bb968d87275328380076fd487bf3db21a60b0865ca,0.03496274,16,,false
hard_200,282d9f6a63f5c6699472b8bb968d87275328380076fd487bf3db21a60b0865ca,0.048997406,16,,false
hard_200,282d9f6a63f5c6699472b8bb968d87275328380076fd487bf3db21a60b0865ca,0,0,,false
hard_200,282d9f6a63f5c6699472b8bb968d87275328380076fd487bf3db21a60b0865ca,0.001055925,3,,false
hard_200,282d9f6a63f5c6699472b8bb968d87275328380076fd487bf3db21a60b0865ca,0.005523149,5,,false
hard_200,282d9f6a63f5c6699472b8bb968d87275328380076fd487bf3db21a60b0865ca,0.022693478,8,,false
hard_200,282d9f6a63f5c6699472b8bb968d87275328380076fd487bf3db21a60b0865ca,0,0,,false
hard_200,282d9f6a63f5c6699472b8bb968d87275328380076fd487bf3db21a60b0865ca,0.006904053,5,,false
hard_200,282d9f6a63f5c6699472b8bb968d87275328380076fd487bf3db21a60b0865ca,0.02648534,12,,false
hard_200,282d9f6a63f5c6699472b8bb968d87275328380076fd487bf3db21a60b0865ca,0.032647848,16,,false
hard_200,282d9f6a63f5c6699472b8bb968d87275328380076fd487bf3db21a60b0865ca,0.039837558,24,,false
hard_200,282d9f6a63f5c6699472b8bb968d87275328380076fd487bf3db21a60b0865ca,0.054241747,14,,false
hard_200,282d9f6a63f5c6699472b8bb968d87275328380076fd487bf3db21a60b0865ca,0.003947726,4,,false
hard_200,282d9f6a63f5c6699472b8bb968d87275328380076fd487bf3db21a60b0865ca,0.047332466,14,,false
hard_200,282d9f6a63f5c6699472b8bb968d87275328380076fd487bf3db21a60b0865ca,0.020448606,10,,false
hard_200,282d9f6a63f5c6699472b8bb968d87275328380076fd487bf3db21a60b0865ca,0.0113347275,5,,false
hard_200,282d9f6a63f5c6699472b8bb968d87275328380076fd487bf3db21a60b0865ca,0.0301937,20,,false
hard_200,282d9f6a63f5c6699472b8bb968d87275328380076fd487bf3db21a60b0865ca,0.16115315,42,,false
hard_200,282d9f6a63f5c6699472b8bb968d87275328380076fd487bf3db21a60b0865ca,0.045475334,30,,false
hard_200,282d9f6a63f5c6699472b8bb968d87275328380076fd487bf3db21a60b0865ca,0.1894311,47,,false
hard_200,282d9f6a63f5c6699472b8bb968d87275328380076fd487bf3db21a60b0865ca,0.050161567,23,,false
hard_200,282d9f6a63f5c6699472b8bb968d87275328380076fd487bf3db21a60b0865ca,0.028963061,12,,false
hard_200,282d9f6a63f5c6699472b8bb968d87275328380076fd487bf3db21a60b0865ca,0.022747828,8,,false
hard_200,282d9f6a63f5c6699472b8bb968d87275328380076fd487bf3db21a60b0865ca,0.043875135,26,,false
hard_200,282d9f6a63f5c6699472b8bb968d87275328380076fd487bf3db21a60b0865ca,0.018389663,19,,false
hard_200,4a1d5299c96718b92ba9dcec75c54c3b2d87b121a0c17477e626508eae84af22,0,0,,true
hard_200,4a1d5299c96718b92ba9dcec75c54c3b2d87b121a0c17477e626508eae84af22,0,0,,true
hard_200,4a1d5299c96718b92ba9dcec75c54c3b2d87b121a0c17477e626508eae84af22,0,0,,true
hard_200,4a1d5299c96718b92ba9dcec75c54c3b2d87b121a0c17477e626508eae84af22,0,0,,true
hard_200,4a1d5299c96718b92ba9dcec75c54c3b2d87b121a0c17477e626508eae84af22,0,0,,true
hard_200,4a1d5299c96718b92ba9dcec75c54c3b2d87b121a0c17477e626508eae84af22,0.0100182835,13,,true
hard_200,4a1d5299c96718b92ba9dcec75c54c3b2d87b121a0c17477e626508eae84af22,0,0,,true
hard_200,4a1d5299c96718b92ba9dcec75c54c3b2d87b121a0c17477e626508eae84af22,0,0,,true
hard_200,4a1d5299c96718b92ba9dcec75c54c3b2d87b121a0c17477e626508eae84af22,0.010872732,11,,true
hard_200,4a1d5299c96718b92ba9dcec75c54c3b2d87b121a0c17477e626508eae84af22,0.055758517,23,,true
hard_200,4a1d5299c96718b92ba9dcec75c54c3b2d87b121a0c17477e626508eae84af22,0.030186301,15,,true
hard_200,4a1d5299c96718b92ba9dcec75c54c3b2d87b121a0c17477e626508eae84af22,0.00004980102,2,,true
hard_200,4a1d5299c96718b92ba9dcec75c54c3b2d87b121a0c17477e626508eae84af22,0,0,,true
hard_200,4a1d5299c96718b92ba9dcec75c54c3b2d87b121a0c17477e626508eae84af22,0.004640818,6,,true
hard_200,4a1d5299c96718b92ba9dcec75c54c3b2d87b121a0c17477e626508eae84af22,0.05105529,21,,true
hard_200,4a1d5299c96718b92ba9dcec75c54c3b2d87b121a0c17477e626508eae84af22,0,0,,true
hard_200,4a1d5299c96718b92ba9dcec75c54c3b2d87b121a0c17477e626508eae84af22,0,0,,true
hard_200,4a1d5299c96718b92ba9dcec75c54c3b2d87b121a0c17477e626508eae84af22,0.012043453,7,,true
hard_200,4a1d5299c96718b92ba9dcec75c54c3b2d87b121a0c17477e626508eae84af22,0.0073933946,3,,true
hard_200,4a1d5299c96718b92ba9dcec75c54c3b2d87b121a0c17477e626508eae84af22,0.0011951393,1,,false
hard_200,4a1d5299c96718b92ba9dcec75c54c3b2d87b121a0c17477e626508eae84af22,0.000092444214,1,,true
hard_200,4a1d5299c96718b92ba9dcec75c54c3b2d87b121a0c17477e626508eae84af22,0.022226607,12,,true
hard_200,4a1d5299c96718b92ba9dcec75c54c3b2d87b121a0c17477e626508eae84af22,0.01311815,6,,true
hard_200,4a1d5299c96718b92ba9dcec75c54c3b2d87b121a0c17477e626508eae84af22,0.01822424,12,,false
hard_200,4a1d5299c96718b92ba9dcec75c54c3b2d87b121a0c17477e626508eae84af22,0.005506228,5,,true
hard_200,4a1d5299c96718b92ba9dcec75c54c3b2d87b121a0c17477e626508eae84af22,0.013438563,15,,true
hard_200,4a1d5299c96718b92ba9dcec75c54c3b2d87b121a0c17477e626508eae84af22,0,0,,true
hard_200,4a1d5299c96718b92ba9dcec75c54c3b2d87b121a0c17477e626508eae84af22,0.14827079,40,,false
hard_200,4a1d5299c96718b92ba9dcec75c54c3b2d87b121a0c17477e626508eae84af22,0.006656171,5,,false
hard_200,4a1d5299c96718b92ba9dcec75c54c3b2d87b121a0c17477e626508eae84af22,0.037198253,20,,true
hard_200,4a1d5299c96718b92ba9dcec75c54c3b2d87b121a0c17477e626508eae84af22,0.13422944,37,,false
hard_200,4a1d5299c96718b92ba9dcec75c54c3b2d87b121a0c17477e626508eae84af22,0.031347852,10,,true
hard_200,4a1d5299c96718b92ba9dcec75c54c3b2d87b121a0c17477e626508eae84af22,0.03144689,14,,true
hard_200,bfb22267a4ef5e4ba70f3a5c8881e74d77dd4a79011816116345c6eb8c75d684,0,0,,false
hard_200,bfb22267a4ef5e4ba70f3a5c8881e74d77dd4a79011816116345c6eb8c75d684,0.015203657,23,,false
hard_200,bfb22267a4ef5e4ba70f3a5c8881e74d77dd4a79011816116345c6eb8c75d684,0.0008276763,1,,false
hard_200,bfb22267a4ef5e4ba70f3a5c8881e74d77dd4a79011816116345c6eb8c75d684,0,0,,false
hard_200,bfb22267a4ef5e4ba70f3a5c8881e74d77dd4a79011816116345c6eb8c75d684,0,0,,false
hard_200,bfb22267a4ef5e4ba70f3a5c8881e74d77dd4a79011816116345c6eb8c75d684,0,0,,false
hard_200,bfb22267a4ef5e4ba70f3a5c8881e74d77dd4a79011816116345c6eb8c75d684,0,0,,false
hard_200,bfb22267a4ef5e4ba70f3a5c8881e74d77dd4a79011816116345c6eb8c75d684,0,0,,false
hard_200,bfb22267a4ef5e4ba70f3a5c8881e74d77dd4a79011816116345c6eb8c75d684,0,0,,false
hard_200,bfb22267a4ef5e4ba70f3a5c8881e74d77dd4a79011816116345c6eb8c75d684,0.0034227183,4,,false
hard_200,bfb22267a4ef5e4ba70f3a5c8881e74d77dd4a79011816116345c6eb8c75d684,0,0,,false
hard_200,bfb22267a4ef5e4ba70f3a5c8881e74d77dd4a79011816116345c6eb8c75d684,0.028231334,17,,false
hard_200,bfb22267a4ef5e4ba70f3a5c8881e74d77dd4a79011816116345c6eb8c75d684,0.04263939,13,,false
hard_200,bfb22267a4ef5e4ba70f3a5c8881e74d77dd4a79011816116345c6eb8c75d684,0.017651843,9,,false
hard_200,bfb22267a4ef5e4ba70f3a5c8881e74d77dd4a79011816116345c6eb8c75d684,0.05239458,12,,false
hard_200,bfb22267a4ef5e4ba70f3a5c8881e74d77dd4a79011816116345c6eb8c75d684,0.22215858,53,,false
hard_200,bfb22267a4ef5e4ba70f3a5c8881e74d77dd4a79011816116345c6eb8c75d684,0.03994974,8,,false
hard_200,bfb22267a4ef5e4ba70f3a5c8881e74d77dd4a79011816116345c6eb8c75d684,0.0068281568,7,,false
hard_200,bfb22267a4ef5e4ba70f3a5c8881e74d77dd4a79011816116345c6eb8c75d684,0.005990931,7,,false
hard_200,bfb22267a4ef5e4ba70f3a5c8881e74d77dd4a79011816116345c6eb8c75d684,0.0074436804,4,,false
hard_200,bfb22267a4ef5e4ba70f3a5c8881e74d77dd4a79011816116345c6eb8c75d684,0.0002876757,1,,false
hard_200,bfb22267a4ef5e4ba70f3a5c8881e74d77dd4a79011816116345c6eb8c75d684,0.017558997,9,,false
hard_200,bfb22267a4ef5e4ba70f3a5c8881e74d77dd4a79011816116345c6eb8c75d684,0.00727664,3,,false
hard_200,bfb22267a4ef5e4ba70f3a5c8881e74d77dd4a79011816116345c6eb8c75d684,0.017403914,17,,false
hard_200,bfb22267a4ef5e4ba70f3a5c8881e74d77dd4a79011816116345c6eb8c75d684,0.13361883,44,,false
hard_200,bfb22267a4ef5e4ba70f3a5c8881e74d77dd4a79011816116345c6eb8c75d684,0.05250747,16,,false
hard_200,bfb22267a4ef5e4ba70f3a5c8881e74d77dd4a79011816116345c6eb8c75d684,0.014055203,6,,false
hard_200,bfb22267a4ef5e4ba70f3a5c8881e74d77dd4a79011816116345c6eb8c75d684,0.003561783,2,,false
hard_200,bfb22267a4ef5e4ba70f3a5c8881e74d77dd4a79011816116345c6eb8c75d684,0.03533631,16,,false
hard_200,bfb22267a4ef5e4ba70f3a5c8881e74d77dd4a79011816116345c6eb8c75d684,0.03489384,17,,false
hard_200,bfb22267a4ef5e4ba70f3a5c8881e74d77dd4a79011816116345c6eb8c75d684,0.04286212,19,,false
hard_200,bfb22267a4ef5e4ba70f3a5c8881e74d77dd4a79011816116345c6eb8c75d684,0.022019986,17,,false
hard_200,bfb22267a4ef5e4ba70f3a5c8881e74d77dd4a79011816116345c6eb8c75d684,0.20101179,55,,false
hard_200,bfb22267a4ef5e4ba70f3a5c8881e74d77dd4a79011816116345c6eb8c75d684,0.03529955,17,,false
hard_200,a6b934ed189950a250dd8d0f632f989badb8c84d37ce5095aa5edc7283be6e1e,0,0,,false
hard_200,a6b934ed189950a250dd8d0f632f989badb8c84d37ce5095aa5edc7283be6e1e,0,0,,false
hard_200,a6b934ed189950a250dd8d0f632f989badb8c84d37ce5095aa5edc7283be6e1e,0,0,,false
hard_200,a6b934ed189950a250dd8d0f632f989badb8c84d37ce5095aa5edc7283be6e1e,0,0,,false
hard_200,a6b934ed189950a250dd8d0f632f989badb8c84d37ce5095aa5edc7283be6e1e,0,0,,false
hard_200,a6b934ed189950a250dd8d0f632f989badb8c84d37ce5095aa5edc7283be6e1e,0,0,,false
hard_200,a6b934ed189950a250dd8d0f632f989badb8c84d37ce5095aa5edc7283be6e1e,0.001704361,2,,false
hard_200,a6b934ed189950a250dd8d0f632f989badb8c84d37ce5095aa5edc7283be6e1e,0,0,,false
hard_200,a6b934ed189950a250dd8d0f632f989badb8c84d37ce5095aa5edc7283be6e1e,0,0,,false
hard_200,a6b934ed189950a250dd8d0f632f989badb8c84d37ce5095aa5edc7283be6e1e,0.008112675,6,,false
hard_200,a6b934ed189950a250dd8d0f632f989badb8c84d37ce5095aa5edc7283be6e1e,0.0037906438,4,,false
hard_200,a6b934ed189950a250dd8d0f632f989badb8c84d37ce5095aa5edc7283be6e1e,0.008370038,12,,false
hard_200,a6b934ed189950a250dd8d0f632f989badb8c84d37ce5095aa5edc7283be6e1e,0.037633207,19,,false
hard_200,a6b934ed189950a250dd8d0f632f989badb8c84d37ce5095aa5edc7283be6e1e,0.02550262,15,,false
hard_200,a6b934ed189950a250dd8d0f632f989badb8c84d37ce5095aa5edc7283be6e1e,0.0069178566,5,,false
hard_200,a6b934ed189950a250dd8d0f632f989badb8c84d37ce5095aa5edc7283be6e1e,0.024388611,10,,false
hard_200,a6b934ed189950a250dd8d0f632f989badb8c84d37ce5095aa5edc7283be6e1e,0.05783007,22,,false
hard_200,a6b934ed189950a250dd8d0f632f989badb8c84d37ce5095aa5edc7283be6e1e,0.024354903,18,,false
hard_200,a6b934ed189950a250dd8d0f632f989badb8c84d37ce5095aa5edc7283be6e1e,0,0,,false
hard_200,a6b934ed189950a250dd8d0f632f989badb8c84d37ce5095aa5edc7283be6e1e,0.017850226,13,,false
hard_200,a6b934ed189950a250dd8d0f632f989badb8c84d37ce5095aa5edc7283be6e1e,0.021428099,15,,false
hard_200,a6b934ed189950a250dd8d0f632f989badb8c84d37ce5095aa5edc7283be6e1e,0.0051198704,9,,false
hard_200,a6b934ed189950a250dd8d0f632f989badb8c84d37ce5095aa5edc7283be6e1e,0.009312378,8,,false
hard_200,a6b934ed189950a250dd8d0f632f989badb8c84d37ce5095aa5edc7283be6e1e,0.021667883,11,,false
hard_200,a6b934ed189950a250dd8d0f632f989badb8c84d37ce5095aa5edc7283be6e1e,0.1602329,41,,false
hard_200,a6b934ed189950a250dd8d0f632f989badb8c84d37ce5095aa5edc7283be6e1e,0.01829219,16,,false
hard_200,a6b934ed189950a250dd8d0f632f989badb8c84d37ce5095aa5edc7283be6e1e,0.005592826,2,,false
hard_200,a6b934ed189950a250dd8d0f632f989badb8c84d37ce5095aa5edc7283be6e1e,0.016970173,10,,false
hard_200,a6b934ed189950a250dd8d0f632f989badb8c84d37ce5095aa5edc7283be6e1e,0.024906969,18,,false
hard_200,a6b934ed189950a250dd8d0f632f989badb8c84d37ce5095aa5edc7283be6e1e,0.04509304,21,,false
hard_200,a6b934ed189950a250dd8d0f632f989badb8c84d37ce5095aa5edc7283be6e1e,0.012807329,5,,false
hard_200,a6b934ed189950a250dd8d0f632f989badb8c84d37ce5095aa5edc7283be6e1e,0.033780713,15,,false
hard_200,a6b934ed189950a250dd8d0f632f989badb8c84d37ce5095aa5edc7283be6e1e,0.17027941,51,,false
hard_200,aafba2050f835488f71c7703c0ced1d9b99c0acca53da0a959ba1301cb25e97a,0,0,,true
hard_200,aafba2050f835488f71c7703c0ced1d9b99c0acca53da0a959ba1301cb25e97a,0,0,,true
hard_200,aafba2050f835488f71c7703c0ced1d9b99c0acca53da0a959ba1301cb25e97a,0,0,,true
hard_200,aafba2050f835488f71c7703c0ced1d9b99c0acca53da0a959ba1301cb25e97a,0.15661134,41,,false
hard_200,aafba2050f835488f71c7703c0ced1d9b99c0acca53da0a959ba1301cb25e97a,0,0,,true
hard_200,aafba2050f835488f71c7703c0ced1d9b99c0acca53da0a959ba1301cb25e97a,0.02255123,13,,true
hard_200,aafba2050f835488f71c7703c0ced1d9b99c0acca53da0a959ba1301cb25e97a,0.0014051307,2,,false
hard_200,aafba2050f835488f71c7703c0ced1d9b99c0acca53da0a959ba1301cb25e97a,0.00025752813,2,,true
hard_200,aafba2050f835488f71c7703c0ced1d9b99c0acca53da0a959ba1301cb25e97a,0.0025600377,5,,true
hard_200,aafba2050f835488f71c7703c0ced1d9b99c0acca53da0a959ba1301cb25e97a,0.0012785308,2,,true
hard_200,aafba2050f835488f71c7703c0ced1d9b99c0acca53da0a959ba1301cb25e97a,0.028484674,7,,true
hard_200,aafba2050f835488f71c7703c0ced1d9b99c0acca53da0a959ba1301cb25e97a,0.012804827,5,,true
hard_200,aafba2050f835488f71c7703c0ced1d9b99c0acca53da0a959ba1301cb25e97a,0,0,,true
hard_200,aafba2050f835488f71c7703c0ced1d9b99c0acca53da0a959ba1301cb25e97a,0.0034861022,5,,true
hard_200,aafba2050f835488f71c7703c0ced1d9b99c0acca53da0a959ba1301cb25e97a,0.010764562,7,,true
hard_200,aafba2050f835488f71c7703c0ced1d9b99c0acca53da0a959ba1301cb25e97a,0.0070673916,3,,true
hard_200,aafba2050f835488f71c7703c0ced1d9b99c0acca53da0a959ba1301cb25e97a,0.0018793339,2,,true
hard_200,aafba2050f835488f71c7703c0ced1d9b99c0acca53da0a959ba1301cb25e97a,0.026551167,13,,true
hard_200,aafba2050f835488f71c7703c0ced1d9b99c0acca53da0a959ba1301cb25e97a,0,0,,true
hard_200,aafba2050f835488f71c7703c0ced1d9b99c0acca53da0a959ba1301cb25e97a,0.023842048,14,,true
hard_200,aafba2050f835488f71c7703c0ced1d9b99c0acca53da0a959ba1301cb25e97a,0.045464803,19,,true
hard_200,aafba2050f835488f71c7703c0ced1d9b99c0acca53da0a959ba1301cb25e97a,0.042379487,14,,true
hard_200,aafba2050f835488f71c7703c0ced1d9b99c0acca53da0a959ba1301cb25e97a,0.01606279,13,,true
hard_200,aafba2050f835488f71c7703c0ced1d9b99c0acca53da0a959ba1301cb25e97a,0.013059153,12,,true
hard_200,aafba2050f835488f71c7703c0ced1d9b99c0acca53da0a959ba1301cb25e97a,0.012707813,10,,true
hard_200,aafba2050f835488f71c7703c0ced1d9b99c0acca53da0a959ba1301cb25e97a,0.020489741,12,,true
hard_200,aafba2050f835488f71c7703c0ced1d9b99c0acca53da0a959ba1301cb25e97a,0.05558291,14,,true
hard_200,aafba2050f835488f71c7703c0ced1d9b99c0acca53da0a959ba1301cb25e97a,0.019974185,14,,true
hard_200,aafba2050f835488f71c7703c0ced1d9b99c0acca53da0a959ba1301cb25e97a,0.011308702,9,,true
hard_200,aafba2050f835488f71c7703c0ced1d9b99c0acca53da0a959ba1301cb25e97a,0.020873941,11,,true
hard_200,aafba2050f835488f71c7703c0ced1d9b99c0acca53da0a959ba1301cb25e97a,0.036426842,15,,true
hard_200,aafba2050f835488f71c7703c0ced1d9b99c0acca53da0a959ba1301cb25e97a,0.024639454,20,,true
hard_200,aafba2050f835488f71c7703c0ced1d9b99c0acca53da0a959ba1301cb25e97a,0.13764608,44,,false
hard_200,b0ab452d37aa037dcd8116c35ff5ea43c80ffdc469bf71959eca99ab26db726b,0,0,,true
hard_200,b0ab452d37aa037dcd8116c35ff5ea43c80ffdc469bf71959eca99ab26db726b,0.0000397614,1,,true
hard_200,b0ab452d37aa037dcd8116c35ff5ea43c80ffdc469bf71959eca99ab26db726b,0.00052564545,2,,true
hard_200,b0ab452d37aa037dcd8116c35ff5ea43c80ffdc469bf71959eca99ab26db726b,0,0,,true
hard_200,b0ab452d37aa037dcd8116c35ff5ea43c80ffdc469bf71959eca99ab26db726b,0,0,,false
hard_200,b0ab452d37aa037dcd8116c35ff5ea43c80ffdc469bf71959eca99ab26db726b,0.00068725116,1,,true
hard_200,b0ab452d37aa037dcd8116c35ff5ea43c80ffdc469bf71959eca99ab26db726b,0,0,,true
hard_200,b0ab452d37aa037dcd8116c35ff5ea43c80ffdc469bf71959eca99ab26db726b,0.030674905,18,,false
hard_200,b0ab452d37aa037dcd8116c35ff5ea43c80ffdc469bf71959eca99ab26db726b,0.037241917,15,,true
hard_200,b0ab452d37aa037dcd8116c35ff5ea43c80ffdc469bf71959eca99ab26db726b,0.00040435983,1,,true
hard_200,b0ab452d37aa037dcd8116c35ff5ea43c80ffdc469bf71959eca99ab26db726b,0.026599463,23,,true
hard_200,b0ab452d37aa037dcd8116c35ff5ea43c80ffdc469bf71959eca99ab26db726b,0.011577994,8,,true
hard_200,b0ab452d37aa037dcd8116c35ff5ea43c80ffdc469bf71959eca99ab26db726b,0.04173882,21,,true
hard_200,b0ab452d37aa037dcd8116c35ff5ea43c80ffdc469bf71959eca99ab26db726b,0.028288681,14,,false
hard_200,b0ab452d37aa037dcd8116c35ff5ea43c80ffdc469bf71959eca99ab26db726b,0.0007534889,1,,true
hard_200,b0ab452d37aa037dcd8116c35ff5ea43c80ffdc469bf71959eca99ab26db726b,0.016944941,10,,true
hard_200,b0ab452d37aa037dcd8116c35ff5ea43c80ffdc469bf71959eca99ab26db726b,0.003184249,6,,true
hard_200,b0ab452d37aa037dcd8116c35ff5ea43c80ffdc469bf71959eca99ab26db726b,0.010808812,13,,true
hard_200,b0ab452d37aa037dcd8116c35ff5ea43c80ffdc469bf71959eca99ab26db726b,0.0050553116,3,,true
hard_200,b0ab452d37aa037dcd8116c35ff5ea43c80ffdc469bf71959eca99ab26db726b,0.03514513,15,,true
hard_200,b0ab452d37aa037dcd8116c35ff5ea43c80ffdc469bf71959eca99ab26db726b,0.005574594,3,,true
hard_200,b0ab452d37aa037dcd8116c35ff5ea43c80ffdc469bf71959eca99ab26db726b,0.018895632,17,,true
hard_200,b0ab452d37aa037dcd8116c35ff5ea43c80ffdc469bf71959eca99ab26db726b,0.15331474,47,,false
hard_200,b0ab452d37aa037dcd8116c35ff5ea43c80ffdc469bf71959eca99ab26db726b,0.0057129688,9,,true
hard_200,b0ab452d37aa037dcd8116c35ff5ea43c80ffdc469bf71959eca99ab26db726b,0,0,,true
hard_200,b0ab452d37aa037dcd8116c35ff5ea43c80ffdc469bf71959eca99ab26db726b,0.020939933,15,,false
hard_200,b0ab452d37aa037dcd8116c35ff5ea43c80ffdc469bf71959eca99ab26db726b,0.025723664,13,,true
hard_200,b0ab452d37aa037dcd8116c35ff5ea43c80ffdc469bf71959eca99ab26db726b,0.025397455,15,,true
hard_200,b0ab452d37aa037dcd8116c35ff5ea43c80ffdc469bf71959eca99ab26db726b,0.02706959,14,,false
hard_200,b0ab452d37aa037dcd8116c35ff5ea43c80ffdc469bf71959eca99ab26db726b,0.02496099,11,,false
hard_200,b0ab452d37aa037dcd8116c35ff5ea43c80ffdc469bf71959eca99ab26db726b,0.024008647,15,,true
hard_200,199c54c40d2221ed2ba37244de0968a6e93ab05720d779fd4ceafffe3bfd4354,0,0,,false
hard_200,199c54c40d2221ed2ba37244de0968a6e93ab05720d779fd4ceafffe3bfd4354,0,0,,false
hard_200,199c54c40d2221ed2ba37244de0968a6e93ab05720d779fd4ceafffe3bfd4354,0.008769924,6,,false
hard_200,199c54c40d2221ed2ba37244de0968a6e93ab05720d779fd4ceafffe3bfd4354,0.00018383931,1,,false
hard_200,199c54c40d2221ed2ba37244de0968a6e93ab05720d779fd4ceafffe3bfd4354,0,0,,false
hard_200,199c54c40d2221ed2ba37244de0968a6e93ab05720d779fd4ceafffe3bfd4354,0.00055631576,1,,false
hard_200,199c54c40d2221ed2ba37244de0968a6e93ab05720d779fd4ceafffe3bfd4354,0,0,,false
hard_200,199c54c40d2221ed2ba37244de0968a6e93ab05720d779fd4ceafffe3bfd4354,0.0031502056,2,,false
hard_200,199c54c40d2221ed2ba37244de0968a6e93ab05720d779fd4ceafffe3bfd4354,0.0019638701,4,,false
hard_200,199c54c40d2221ed2ba37244de0968a6e93ab05720d779fd4ceafffe3bfd4354,0.012512363,19,,false
hard_200,199c54c40d2221ed2ba37244de0968a6e93ab05720d779fd4ceafffe3bfd4354,0,0,,false
hard_200,199c54c40d2221ed2ba37244de0968a6e93ab05720d779fd4ceafffe3bfd4354,0.0013044896,1,,false
hard_200,199c54c40d2221ed2ba37244de0968a6e93ab05720d779fd4ceafffe3bfd4354,0.003081666,5,,false
hard_200,199c54c40d2221ed2ba37244de0968a6e93ab05720d779fd4ceafffe3bfd4354,0.013238474,7,,false
hard_200,199c54c40d2221ed2ba37244de0968a6e93ab05720d779fd4ceafffe3bfd4354,0,0,,false
hard_200,199c54c40d2221ed2ba37244de0968a6e93ab05720d779fd4ceafffe3bfd4354,0.047023427,17,,false
hard_200,199c54c40d2221ed2ba37244de0968a6e93ab05720d779fd4ceafffe3bfd4354,0.0010632629,1,,false
hard_200,199c54c40d2221ed2ba37244de0968a6e93ab05720d779fd4ceafffe3bfd4354,0.0056545893,6,,false
hard_200,199c54c40d2221ed2ba37244de0968a6e93ab05720d779fd4ceafffe3bfd4354,0.0062855193,5,,false
hard_200,199c54c40d2221ed2ba37244de0968a6e93ab05720d779fd4ceafffe3bfd4354,0.0035912856,9,,false
hard_200,199c54c40d2221ed2ba37244de0968a6e93ab05720d779fd4ceafffe3bfd4354,0.037072092,19,,false
hard_200,199c54c40d2221ed2ba37244de0968a6e93ab05720d779fd4ceafffe3bfd4354,0.034347493,25,,false
hard_200,199c54c40d2221ed2ba37244de0968a6e93ab05720d779fd4ceafffe3bfd4354,0.022672214,9,,false
hard_200,199c54c40d2221ed2ba37244de0968a6e93ab05720d779fd4ceafffe3bfd4354,0.022988034,15,,false
hard_200,199c54c40d2221ed2ba37244de0968a6e93ab05720d779fd4ceafffe3bfd4354,0.00336049,4,,false
hard_200,199c54c40d2221ed2ba37244de0968a6e93ab05720d779fd4ceafffe3bfd4354,0.0045229825,2,,false
hard_200,199c54c40d2221ed2ba37244de0968a6e93ab05720d779fd4ceafffe3bfd4354,0.029681087,24,,false
hard_200,199c54c40d2221ed2ba37244de0968a6e93ab05720d779fd4ceafffe3bfd4354,0.044561256,14,,false
hard_200,199c54c40d2221ed2ba37244de0968a6e93ab05720d779fd4ceafffe3bfd4354,0.040475015,19,,false
hard_200,199c54c40d2221ed2ba37244de0968a6e93ab05720d779fd4ceafffe3bfd4354,0.02032841,16,,false
hard_200,199c54c40d2221ed2ba37244de0968a6e93ab05720d779fd4ceafffe3bfd4354,0.011941154,3,,false
hard_200,199c54c40d2221ed2ba37244de0968a6e93ab05720d779fd4ceafffe3bfd4354,0.05198733,18,,false
hard_200,d9e10d8e5eede29bea95565ad1163e30e1a92da12890e4f5cee5e63194788079,0,0,,false
hard_200,d9e10d8e5eede29bea95565ad1163e30e1a92da12890e4f5cee5e63194788079,0,0,,false
hard_200,d9e10d8e5eede29bea95565ad1163e30e1a92da12890e4f5cee5e63194788079,0,0,,false
hard_200,d9e10d8e5eede29bea95565ad1163e30e1a92da12890e4f5cee5e63194788079,0.0030676324,8,,false
hard_200,d9e10d8e5eede29bea95565ad1163e30e1a92da12890e4f5cee5e63194788079,0,0,,false
hard_200,d9e10d8e5eede29bea95565ad1163e30e1a92da12890e4f5cee5e63194788079,0.0006144512,1,,false
hard_200,d9e10d8e5eede29bea95565ad1163e30e1a92da12890e4f5cee5e63194788079,0,0,,false
hard_200,d9e10d8e5eede29bea95565ad1163e30e1a92da12890e4f5cee5e63194788079,0,0,,false
hard_200,d9e10d8e5eede29bea95565ad1163e30e1a92da12890e4f5cee5e63194788079,0.010622701,6,,false
hard_200,d9e10d8e5eede29bea95565ad1163e30e1a92da12890e4f5cee5e63194788079,0,0,,false
hard_200,d9e10d8e5eede29bea95565ad1163e30e1a92da12890e4f5cee5e63194788079,0.012536588,9,,false
hard_200,d9e10d8e5eede29bea95565ad1163e30e1a92da12890e4f5cee5e63194788079,0.045853056,21,,false
hard_200,d9e10d8e5eede29bea95565ad1163e30e1a92da12890e4f5cee5e63194788079,0.025775522,10,,false
hard_200,d9e10d8e5eede29bea95565ad1163e30e1a92da12890e4f5cee5e63194788079,0.0027984625,3,,false
hard_200,d9e10d8e5eede29bea95565ad1163e30e1a92da12890e4f5cee5e63194788079,0,0,,false
hard_200,d9e10d8e5eede29bea95565ad1163e30e1a92da12890e4f5cee5e63194788079,0.004148072,5,,false
hard_200,d9e10d8e5eede29bea95565ad1163e30e1a92da12890e4f5cee5e63194788079,0.0036038188,1,,false
hard_200,d9e10d8e5eede29bea95565ad1163e30e1a92da12890e4f5cee5e63194788079,0.005748804,8,,false
hard_200,d9e10d8e5eede29bea95565ad1163e30e1a92da12890e4f5cee5e63194788079,0.032918476,18,,false
hard_200,d9e10d8e5eede29bea95565ad1163e30e1a92da12890e4f5cee5e63194788079,0.0010208295,1,,false
hard_200,d9e10d8e5eede29bea95565ad1163e30e1a92da12890e4f5cee5e63194788079,0.02970274,15,,false
hard_200,d9e10d8e5eede29bea95565ad1163e30e1a92da12890e4f5cee5e63194788079,0.022790274,12,,false
hard_200,d9e10d8e5eede29bea95565ad1163e30e1a92da12890e4f5cee5e63194788079,0.009913182,5,,false
hard_200,d9e10d8e5eede29bea95565ad1163e30e1a92da12890e4f5cee5e63194788079,0.028224573,12,,false
hard_200,d9e10d8e5eede29bea95565ad1163e30e1a92da12890e4f5cee5e63194788079,0.064435005,27,,false
hard_200,d9e10d8e5eede29bea95565ad1163e30e1a92da12890e4f5cee5e63194788079,0.011774677,9,,false
hard_200,d9e10d8e5eede29bea95565ad1163e30e1a92da12890e4f5cee5e63194788079,0.14862914,41,,false
hard_200,d9e10d8e5eede29bea95565ad1163e30e1a92da12890e4f5cee5e63194788079,0.0011854372,2,,false
hard_200,d9e10d8e5eede29bea95565ad1163e30e1a92da12890e4f5cee5e63194788079,0.00074732496,1,,false
hard_200,d9e10d8e5eede29bea95565ad1163e30e1a92da12890e4f5cee5e63194788079,0.004349965,4,,false
hard_200,d9e10d8e5eede29bea95565ad1163e30e1a92da12890e4f5cee5e63194788079,0.04931955,13,,false
hard_200,d9e10d8e5eede29bea95565ad1163e30e1a92da12890e4f5cee5e63194788079,0.04438834,8,,false
hard_200,129fce7dd887476481cee83b045d0ea30e3cd35721d0251eaf195faddfa6da0e,0,0,,true
hard_200,129fce7dd887476481cee83b045d0ea30e3cd35721d0251eaf195faddfa6da0e,0,0,,true
hard_200,129fce7dd887476481cee83b045d0ea30e3cd35721d0251eaf195faddfa6da0e,0,0,,true
hard_200,129fce7dd887476481cee83b045d0ea30e3cd35721d0251eaf195faddfa6da0e,0.0015392518,4,,true
hard_200,129fce7dd887476481cee83b045d0ea30e3cd35721d0251eaf195faddfa6da0e,0,0,,true
hard_200,129fce7dd887476481cee83b045d0ea30e3cd35721d0251eaf195faddfa6da0e,0,0,,false
hard_200,129fce7dd887476481cee83b045d0ea30e3cd35721d0251eaf195faddfa6da0e,0.16575621,41,,false
hard_200,129fce7dd887476481cee83b045d0ea30e3cd35721d0251eaf195faddfa6da0e,0.0026174611,3,,true
hard_200,129fce7dd887476481cee83b045d0ea30e3cd35721d0251eaf195faddfa6da0e,0,0,,true
hard_200,129fce7dd887476481cee83b045d0ea30e3cd35721d0251eaf195faddfa6da0e,0.0014501625,2,,true
hard_200,129fce7dd887476481cee83b045d0ea30e3cd35721d0251eaf195faddfa6da0e,0,0,,true
hard_200,129fce7dd887476481cee83b045d0ea30e3cd35721d0251eaf195faddfa6da0e,0,0,,true
hard_200,129fce7dd887476481cee83b045d0ea30e3cd35721d0251eaf195faddfa6da0e,0.0011086299,2,,true
hard_200,129fce7dd887476481cee83b045d0ea30e3cd35721d0251eaf195faddfa6da0e,0,0,,true
hard_200,129fce7dd887476481cee83b045d0ea30e3cd35721d0251eaf195faddfa6da0e,0.0037037525,5,,true
hard_200,129fce7dd887476481cee83b045d0ea30e3cd35721d0251eaf195faddfa6da0e,0.0023083165,2,,true
hard_200,129fce7dd887476481cee83b045d0ea30e3cd35721d0251eaf195faddfa6da0e,0.00025625512,2,,true
hard_200,129fce7dd887476481cee83b045d0ea30e3cd35721d0251eaf195faddfa6da0e,0.0016120139,2,,true
hard_200,129fce7dd887476481cee83b045d0ea30e3cd35721d0251eaf195faddfa6da0e,0.00056822354,2,,true
hard_200,129fce7dd887476481cee83b045d0ea30e3cd35721d0251eaf195faddfa6da0e,0.0056717745,9,,true
hard_200,129fce7dd887476481cee83b045d0ea30e3cd35721d0251eaf195faddfa6da0e,0.045643087,23,,true
hard_200,129fce7dd887476481cee83b045d0ea30e3cd35721d0251eaf195faddfa6da0e,0.047469705,24,,true
hard_200,129fce7dd887476481cee83b045d0ea30e3cd35721d0251eaf195faddfa6da0e,0.011143596,8,,true
hard_200,129fce7dd887476481cee83b045d0ea30e3cd35721d0251eaf195faddfa6da0e,0.0019256746,2,,true
hard_200,129fce7dd887476481cee83b045d0ea30e3cd35721d0251eaf195faddfa6da0e,0.035059538,17,,true
hard_200,129fce7dd887476481cee83b045d0ea30e3cd35721d0251eaf195faddfa6da0e,0.028413266,13,,true
hard_200,129fce7dd887476481cee83b045d0ea30e3cd35721d0251eaf195faddfa6da0e,0.050802745,16,,true
hard_200,129fce7dd887476481cee83b045d0ea30e3cd35721d0251eaf195faddfa6da0e,0.19748795,51,,false
hard_200,129fce7dd887476481cee83b045d0ea30e3cd35721d0251eaf195faddfa6da0e,0.013839455,8,,true
hard_200,129fce7dd887476481cee83b045d0ea30e3cd35721d0251eaf195faddfa6da0e,0.02952867,18,,true
hard_200,129fce7dd887476481cee83b045d0ea30e3cd35721d0251eaf195faddfa6da0e,0.025274787,18,,true
hard_200,129fce7dd887476481cee83b045d0ea30e3cd35721d0251eaf195faddfa6da0e,0.034195907,15,,true
hard_200,129fce7dd887476481cee83b045d0ea30e3cd35721d0251eaf195faddfa6da0e,0.024406327,14,,true
hard_200,ae6489ec8fb9fc7ccc9747e8afdeb279f322a0228b450da82961561e78a9fb2a,0,0,,false
hard_200,ae6489ec8fb9fc7ccc9747e8afdeb279f322a0228b450da82961561e78a9fb2a,0,0,,false
hard_200,ae6489ec8fb9fc7ccc9747e8afdeb279f322a0228b450da82961561e78a9fb2a,0,0,,false
hard_200,ae6489ec8fb9fc7ccc9747e8afdeb279f322a0228b450da82961561e78a9fb2a,0,0,,false
hard_200,ae6489ec8fb9fc7ccc9747e8afdeb279f322a0228b450da82961561e78a9fb2a,0,0,,false
hard_200,ae6489ec8fb9fc7ccc9747e8afdeb279f322a0228b450da82961561e78a9fb2a,0.0009696446,1,,false
hard_200,ae6489ec8fb9fc7ccc9747e8afdeb279f322a0228b450da82961561e78a9fb2a,0,0,,false
hard_200,ae6489ec8fb9fc7ccc9747e8afdeb279f322a0228b450da82961561e78a9fb2a,0,0,,false
hard_200,ae6489ec8fb9fc7ccc9747e8afdeb279f322a0228b450da82961561e78a9fb2a,0,0,,false
hard_200,ae6489ec8fb9fc7ccc9747e8afdeb279f322a0228b450da82961561e78a9fb2a,0.016502013,16,,false
hard_200,ae6489ec8fb9fc7ccc9747e8afdeb279f322a0228b450da82961561e78a9fb2a,0.034718998,7,,false
hard_200,ae6489ec8fb9fc7ccc9747e8afdeb279f322a0228b450da82961561e78a9fb2a,0,0,,false
hard_200,ae6489ec8fb9fc7ccc9747e8afdeb279f322a0228b450da82961561e78a9fb2a,0.013486711,16,,false
hard_200,ae6489ec8fb9fc7ccc9747e8afdeb279f322a0228b450da82961561e78a9fb2a,0.005012987,2,,false
hard_200,ae6489ec8fb9fc7ccc9747e8afdeb279f322a0228b450da82961561e78a9fb2a,0.0016533595,3,,false
hard_200,ae6489ec8fb9fc7ccc9747e8afdeb279f322a0228b450da82961561e78a9fb2a,0.016279085,6,,false
hard_200,ae6489ec8fb9fc7ccc9747e8afdeb279f322a0228b450da82961561e78a9fb2a,0.01403234,7,,false
hard_200,ae6489ec8fb9fc7ccc9747e8afdeb279f322a0228b450da82961561e78a9fb2a,0.024679976,11,,false
hard_200,ae6489ec8fb9fc7ccc9747e8afdeb279f322a0228b450da82961561e78a9fb2a,0.0017949055,4,,false
hard_200,ae6489ec8fb9fc7ccc9747e8afdeb279f322a0228b450da82961561e78a9fb2a,0.00090725266,5,,false
hard_200,ae6489ec8fb9fc7ccc9747e8afdeb279f322a0228b450da82961561e78a9fb2a,0.02637047,15,,false
hard_200,ae6489ec8fb9fc7ccc9747e8afdeb279f322a0228b450da82961561e78a9fb2a,0.031984847,21,,false
hard_200,ae6489ec8fb9fc7ccc9747e8afdeb279f322a0228b450da82961561e78a9fb2a,0.000373507,1,,false
hard_200,ae6489ec8fb9fc7ccc9747e8afdeb279f322a0228b450da82961561e78a9fb2a,0,0,,false
hard_200,ae6489ec8fb9fc7ccc9747e8afdeb279f322a0228b450da82961561e78a9fb2a,0.014000261,13,,false
hard_200,ae6489ec8fb9fc7ccc9747e8afdeb279f322a0228b450da82961561e78a9fb2a,0.04011796,21,,false
hard_200,ae6489ec8fb9fc7ccc9747e8afdeb279f322a0228b450da82961561e78a9fb2a,0.047309726,18,,false
hard_200,ae6489ec8fb9fc7ccc9747e8afdeb279f322a0228b450da82961561e78a9fb2a,0.0561936,24,,false
hard_200,ae6489ec8fb9fc7ccc9747e8afdeb279f322a0228b450da82961561e78a9fb2a,0.016134707,16,,false
hard_200,ae6489ec8fb9fc7ccc9747e8afdeb279f322a0228b450da82961561e78a9fb2a,0.051506788,20,,false
hard_200,ae6489ec8fb9fc7ccc9747e8afdeb279f322a0228b450da82961561e78a9fb2a,0.19697733,52,,false
hard_200,ae6489ec8fb9fc7ccc9747e8afdeb279f322a0228b450da82961561e78a9fb2a,0.012452794,7,,false
hard_200,78454594f5651b0bc30a0bba387be9e93d227e2859111b8498e6ad1333768145,0,0,,true
hard_200,78454594f5651b0bc30a0bba387be9e93d227e2859111b8498e6ad1333768145,0,0,,true
hard_200,78454594f5651b0bc30a0bba387be9e93d227e2859111b8498e6ad1333768145,0,0,,true
hard_200,78454594f5651b0bc30a0bba387be9e93d227e2859111b8498e6ad1333768145,0,0,,true
hard_200,78454594f5651b0bc30a0bba387be9e93d227e2859111b8498e6ad1333768145,0,0,,true
hard_200,78454594f5651b0bc30a0bba387be9e93d227e2859111b8498e6ad1333768145,0.003541976,4,,true
hard_200,78454594f5651b0bc30a0bba387be9e93d227e2859111b8498e6ad1333768145,0.0110841645,5,,true
hard_200,78454594f5651b0bc30a0bba387be9e93d227e2859111b8498e6ad1333768145,0.0038791297,3,,true
hard_200,78454594f5651b0bc30a0bba387be9e93d227e2859111b8498e6ad1333768145,0.012466028,3,,true
hard_200,78454594f5651b0bc30a0bba387be9e93d227e2859111b8498e6ad1333768145,0,0,,true
hard_200,78454594f5651b0bc30a0bba387be9e93d227e2859111b8498e6ad1333768145,0,0,,true
hard_200,78454594f5651b0bc30a0bba387be9e93d227e2859111b8498e6ad1333768145,0.00050279655,1,,false
hard_200,78454594f5651b0bc30a0bba387be9e93d227e2859111b8498e6ad1333768145,0,0,,true
hard_200,78454594f5651b0bc30a0bba387be9e93d227e2859111b8498e6ad1333768145,0.023549795,10,,true
hard_200,78454594f5651b0bc30a0bba387be9e93d227e2859111b8498e6ad1333768145,0.00036827257,1,,true
hard_200,78454594f5651b0bc30a0bba387be9e93d227e2859111b8498e6ad1333768145,0.03889321,14,,true
hard_200,78454594f5651b0bc30a0bba387be9e93d227e2859111b8498e6ad1333768145,0.0027214796,6,,true
hard_200,78454594f5651b0bc30a0bba387be9e93d227e2859111b8498e6ad1333768145,0.0154336095,11,,true
hard_200,78454594f5651b0bc30a0bba387be9e93d227e2859111b8498e6ad1333768145,0,0,,true
hard_200,78454594f5651b0bc30a0bba387be9e93d227e2859111b8498e6ad1333768145,0.007636966,7,,true
hard_200,78454594f5651b0bc30a0bba387be9e93d227e2859111b8498e6ad1333768145,0.01509555,9,,true
hard_200,78454594f5651b0bc30a0bba387be9e93d227e2859111b8498e6ad1333768145,0.054518647,21,,true
hard_200,78454594f5651b0bc30a0bba387be9e93d227e2859111b8498e6ad1333768145,0.016901305,12,,true
hard_200,78454594f5651b0bc30a0bba387be9e93d227e2859111b8498e6ad1333768145,0.12761801,42,,false
hard_200,78454594f5651b0bc30a0bba387be9e93d227e2859111b8498e6ad1333768145,0.04130651,17,,true
hard_200,78454594f5651b0bc30a0bba387be9e93d227e2859111b8498e6ad1333768145,0.16392195,42,,false
hard_200,78454594f5651b0bc30a0bba387be9e93d227e2859111b8498e6ad1333768145,0.021742124,14,,true
hard_200,78454594f5651b0bc30a0bba387be9e93d227e2859111b8498e6ad1333768145,0.017160676,11,,true
hard_200,78454594f5651b0bc30a0bba387be9e93d227e2859111b8498e6ad1333768145,0.029447695,25,,true
hard_200,78454594f5651b0bc30a0bba387be9e93d227e2859111b8498e6ad1333768145,0.015733182,15,,true
hard_200,78454594f5651b0bc30a0bba387be9e93d227e2859111b8498e6ad1333768145,0.03783566,16,,true
hard_200,78454594f5651b0bc30a0bba387be9e93d227e2859111b8498e6ad1333768145,0.027573613,9,,false
hard_200,78454594f5651b0bc30a0bba387be9e93d227e2859111b8498e6ad1333768145,0.18674584,52,,false
hard_200,78454594f5651b0bc30a0bba387be9e93d227e2859111b8498e6ad1333768145,0.16919398,54,,false
hard_200,59d2c0e8074edb3462e36b5fdd99ce3be67528f32fa61e98ebe1531f2ea278c2,0,0,,true
hard_200,59d2c0e8074edb3462e36b5fdd99ce3be67528f32fa61e98ebe1531f2ea278c2,0,0,,true
hard_200,59d2c0e8074edb3462e36b5fdd99ce3be67528f32fa61e98ebe1531f2ea278c2,0,0,,true
hard_200,59d2c0e8074edb3462e36b5fdd99ce3be67528f32fa61e98ebe1531f2ea278c2,0,0,,true
hard_200,59d2c0e8074edb3462e36b5fdd99ce3be67528f32fa61e98ebe1531f2ea278c2,0.0006206619,2,,false
hard_200,59d2c0e8074edb3462e36b5fdd99ce3be67528f32fa61e98ebe1531f2ea278c2,0.0039864806,3,,true
hard_200,59d2c0e8074edb3462e36b5fdd99ce3be67528f32fa61e98ebe1531f2ea278c2,0,0,,true
hard_200,59d2c0e8074edb3462e36b5fdd99ce3be67528f32fa61e98ebe1531f2ea278c2,0.002038432,6,,true
hard_200,59d2c0e8074edb3462e36b5fdd99ce3be67528f32fa61e98ebe1531f2ea278c2,0.0010527986,1,,true
hard_200,59d2c0e8074edb3462e36b5fdd99ce3be67528f32fa61e98ebe1531f2ea278c2,0.014905637,19,,true
hard_200,59d2c0e8074edb3462e36b5fdd99ce3be67528f32fa61e98ebe1531f2ea278c2,0.0047035045,5,,true
hard_200,59d2c0e8074edb3462e36b5fdd99ce3be67528f32fa61e98ebe1531f2ea278c2,0.003154518,2,,false
hard_200,59d2c0e8074edb3462e36b5fdd99ce3be67528f32fa61e98ebe1531f2ea278c2,0.013745207,9,,true
hard_200,59d2c0e8074edb3462e36b5fdd99ce3be67528f32fa61e98ebe1531f2ea278c2,0.000452911,2,,true
hard_200,59d2c0e8074edb3462e36b5fdd99ce3be67528f32fa61e98ebe1531f2ea278c2,0,0,,true
hard_200,59d2c0e8074edb3462e36b5fdd99ce3be67528f32fa61e98ebe1531f2ea278c2,0.041915603,15,,true
hard_200,59d2c0e8074edb3462e36b5fdd99ce3be67528f32fa61e98ebe1531f2ea278c2,0.10520713,41,,false
hard_200,59d2c0e8074edb3462e36b5fdd99ce3be67528f32fa61e98ebe1531f2ea278c2,0.011360712,8,,true
hard_200,59d2c0e8074edb3462e36b5fdd99ce3be67528f32fa61e98ebe1531f2ea278c2,0.004586527,6,,true
hard_200,59d2c0e8074edb3462e36b5fdd99ce3be67528f32fa61e98ebe1531f2ea278c2,0.042576738,21,,true
hard_200,59d2c0e8074edb3462e36b5fdd99ce3be67528f32fa61e98ebe1531f2ea278c2,0.019461688,15,,true
hard_200,59d2c0e8074edb3462e36b5fdd99ce3be67528f32fa61e98ebe1531f2ea278c2,0.004250734,3,,true
hard_200,59d2c0e8074edb3462e36b5fdd99ce3be67528f32fa61e98ebe1531f2ea278c2,0.06049257,10,,true
hard_200,59d2c0e8074edb3462e36b5fdd99ce3be67528f32fa61e98ebe1531f2ea278c2,0.0041844468,2,,true
hard_200,59d2c0e8074edb3462e36b5fdd99ce3be67528f32fa61e98ebe1531f2ea278c2,0.004055695,6,,true
hard_200,59d2c0e8074edb3462e36b5fdd99ce3be67528f32fa61e98ebe1531f2ea278c2,0.037407227,20,,true
hard_200,59d2c0e8074edb3462e36b5fdd99ce3be67528f32fa61e98ebe1531f2ea278c2,0.046074793,12,,true
hard_200,59d2c0e8074edb3462e36b5fdd99ce3be67528f32fa61e98ebe1531f2ea278c2,0.011676736,11,,true
hard_200,59d2c0e8074edb3462e36b5fdd99ce3be67528f32fa61e98ebe1531f2ea278c2,0.0063621732,5,,true
hard_200,59d2c0e8074edb3462e36b5fdd99ce3be67528f32fa61e98ebe1531f2ea278c2,0.04560361,22,,true
hard_200,59d2c0e8074edb3462e36b5fdd99ce3be67528f32fa61e98ebe1531f2ea278c2,0.036359325,17,,true
hard_200,59d2c0e8074edb3462e36b5fdd99ce3be67528f32fa61e98ebe1531f2ea278c2,0.041073766,14,,true
hard_200,59d2c0e8074edb3462e36b5fdd99ce3be67528f32fa61e98ebe1531f2ea278c2,0.027113723,16,,true
hard_200,93451d0be8a335945ed71e06c7c717773f42489a95d1b9936323d3c3d6d41183,0,0,,true
hard_200,93451d0be8a335945ed71e06c7c717773f42489a95d1b9936323d3c3d6d41183,0,0,,true
hard_200,93451d0be8a335945ed71e06c7c717773f42489a95d1b9936323d3c3d6d41183,0,0,,true
hard_200,93451d0be8a335945ed71e06c7c717773f42489a95d1b9936323d3c3d6d41183,0,0,,true
hard_200,93451d0be8a335945ed71e06c7c717773f42489a95d1b9936323d3c3d6d41183,0.0010534198,1,,true
hard_200,93451d0be8a335945ed71e06c7c717773f42489a95d1b9936323d3c3d6d41183,0,0,,true
hard_200,93451d0be8a335945ed71e06c7c717773f42489a95d1b9936323d3c3d6d41183,0,0,,true
hard_200,93451d0be8a335945ed71e06c7c717773f42489a95d1b9936323d3c3d6d41183,0,0,,true
hard_200,93451d0be8a335945ed71e06c7c717773f42489a95d1b9936323d3c3d6d41183,0,0,,false
hard_200,93451d0be8a335945ed71e06c7c717773f42489a95d1b9936323d3c3d6d41183,0.000003708761,1,,true
hard_200,93451d0be8a335945ed71e06c7c717773f42489a95d1b9936323d3c3d6d41183,0.027013233,6,,true
hard_200,93451d0be8a335945ed71e06c7c717773f42489a95d1b9936323d3c3d6d41183,0.00006878227,2,,true
hard_200,93451d0be8a335945ed71e06c7c717773f42489a95d1b9936323d3c3d6d41183,0.004434915,5,,true
hard_200,93451d0be8a335945ed71e06c7c717773f42489a95d1b9936323d3c3d6d41183,0,0,,true
hard_200,93451d0be8a335945ed71e06c7c717773f42489a95d1b9936323d3c3d6d41183,0,0,,true
hard_200,93451d0be8a335945ed71e06c7c717773f42489a95d1b9936323d3c3d6d41183,0.03289353,19,,true
hard_200,93451d0be8a335945ed71e06c7c717773f42489a95d1b9936323d3c3d6d41183,0.0009334523,1,,true
hard_200,93451d0be8a335945ed71e06c7c717773f42489a95d1b9936323d3c3d6d41183,0,0,,true
hard_200,93451d0be8a335945ed71e06c7c717773f42489a95d1b9936323d3c3d6d41183,0.0036821181,3,,true
hard_200,93451d0be8a335945ed71e06c7c717773f42489a95d1b9936323d3c3d6d41183,0.00640492,6,,true
hard_200,93451d0be8a335945ed71e06c7c717773f42489a95d1b9936323d3c3d6d41183,0.011569915,11,,true
hard_200,93451d0be8a335945ed71e06c7c717773f42489a95d1b9936323d3c3d6d41183,0.012813047,10,,true
hard_200,93451d0be8a335945ed71e06c7c717773f42489a95d1b9936323d3c3d6d41183,0.007980845,5,,true
hard_200,93451d0be8a335945ed71e06c7c717773f42489a95d1b9936323d3c3d6d41183,0.018028954,21,,true
hard_200,93451d0be8a335945ed71e06c7c717773f42489a95d1b9936323d3c3d6d41183,0.007344526,6,,true
hard_200,93451d0be8a335945ed71e06c7c717773f42489a95d1b9936323d3c3d6d41183,0.0062965797,11,,true
hard_200,93451d0be8a335945ed71e06c7c717773f42489a95d1b9936323d3c3d6d41183,0.05596455,16,,true
hard_200,93451d0be8a335945ed71e06c7c717773f42489a95d1b9936323d3c3d6d41183,0.02986196,13,,true
hard_200,93451d0be8a335945ed71e06c7c717773f42489a95d1b9936323d3c3d6d41183,0.011015957,11,,false
hard_200,93451d0be8a335945ed71e06c7c717773f42489a95d1b9936323d3c3d6d41183,0.016126852,6,,true
hard_200,93451d0be8a335945ed71e06c7c717773f42489a95d1b9936323d3c3d6d41183,0.04303645,16,,true
hard_200,fd1b4f31f42bedc622f6b582b8b6fa6ca8b6ff146e0dbf4b30ff9af470f3cfa0,0,0,,false
hard_200,fd1b4f31f42bedc622f6b582b8b6fa6ca8b6ff146e0dbf4b30ff9af470f3cfa0,0,0,,false
hard_200,fd1b4f31f42bedc622f6b582b8b6fa6ca8b6ff146e0dbf4b30ff9af470f3cfa0,0,0,,false
hard_200,fd1b4f31f42bedc622f6b582b8b6fa6ca8b6ff146e0dbf4b30ff9af470f3cfa0,0,0,,false
hard_200,fd1b4f31f42bedc622f6b582b8b6fa6ca8b6ff146e0dbf4b30ff9af470f3cfa0,0,0,,false
hard_200,fd1b4f31f42bedc622f6b582b8b6fa6ca8b6ff146e0dbf4b30ff9af470f3cfa0,0,0,,false
hard_200,fd1b4f31f42bedc622f6b582b8b6fa6ca8b6ff146e0dbf4b30ff9af470f3cfa0,0.004664646,11,,false
hard_200,fd1b4f31f42bedc622f6b582b8b6fa6ca8b6ff146e0dbf4b30ff9af470f3cfa0,0.00095274166,1,,false
hard_200,fd1b4f31f42bedc622f6b582b8b6fa6ca8b6ff146e0dbf4b30ff9af470f3cfa0,0,0,,false
hard_200,fd1b4f31f42bedc622f6b582b8b6fa6ca8b6ff146e0dbf4b30ff9af470f3cfa0,0,0,,false
hard_200,fd1b4f31f42bedc622f6b582b8b6fa6ca8b6ff146e0dbf4b30ff9af470f3cfa0,0,0,,false
hard_200,fd1b4f31f42bedc622f6b582b8b6fa6ca8b6ff146e0dbf4b30ff9af470f3cfa0,0,0,,false
hard_200,fd1b4f31f42bedc622f6b582b8b6fa6ca8b6ff146e0dbf4b30ff9af470f3cfa0,0,0,,false
hard_200,fd1b4f31f42bedc622f6b582b8b6fa6ca8b6ff146e0dbf4b30ff9af470f3cfa0,0.005755824,3,,false
hard_200,fd1b4f31f42bedc622f6b582b8b6fa6ca8b6ff146e0dbf4b30ff9af470f3cfa0,0.03802114,15,,false
hard_200,fd1b4f31f42bedc622f6b582b8b6fa6ca8b6ff146e0dbf4b30ff9af470f3cfa0,0.00019652343,1,,false
hard_200,fd1b4f31f42bedc622f6b582b8b6fa6ca8b6ff146e0dbf4b30ff9af470f3cfa0,0.02165149,22,,false
hard_200,fd1b4f31f42bedc622f6b582b8b6fa6ca8b6ff146e0dbf4b30ff9af470f3cfa0,0,0,,false
hard_200,fd1b4f31f42bedc622f6b582b8b6fa6ca8b6ff146e0dbf4b30ff9af470f3cfa0,0.023223223,4,,false
hard_200,fd1b4f31f42bedc622f6b582b8b6fa6ca8b6ff146e0dbf4b30ff9af470f3cfa0,0.015682805,8,,false
hard_200,fd1b4f31f42bedc622f6b582b8b6fa6ca8b6ff146e0dbf4b30ff9af470f3cfa0,0.009229126,4,,false
hard_200,fd1b4f31f42bedc622f6b582b8b6fa6ca8b6ff146e0dbf4b30ff9af470f3cfa0,0.01430398,10,,false
hard_200,fd1b4f31f42bedc622f6b582b8b6fa6ca8b6ff146e0dbf4b30ff9af470f3cfa0,0.01665869,12,,false
hard_200,fd1b4f31f42bedc622f6b582b8b6fa6ca8b6ff146e0dbf4b30ff9af470f3cfa0,0.01211947,8,,false
hard_200,fd1b4f31f42bedc622f6b582b8b6fa6ca8b6ff146e0dbf4b30ff9af470f3cfa0,0.012061414,7,,false
hard_200,fd1b4f31f42bedc622f6b582b8b6fa6ca8b6ff146e0dbf4b30ff9af470f3cfa0,0.009073626,9,,false
hard_200,fd1b4f31f42bedc622f6b582b8b6fa6ca8b6ff146e0dbf4b30ff9af470f3cfa0,0.004035054,3,,false
hard_200,fd1b4f31f42bedc622f6b582b8b6fa6ca8b6ff146e0dbf4b30ff9af470f3cfa0,0.031195201,20,,false
hard_200,fd1b4f31f42bedc622f6b582b8b6fa6ca8b6ff146e0dbf4b30ff9af470f3cfa0,0.029243711,13,,false
hard_200,fd1b4f31f42bedc622f6b582b8b6fa6ca8b6ff146e0dbf4b30ff9af470f3cfa0,0.035860125,21,,false
hard_200,fd1b4f31f42bedc622f6b582b8b6fa6ca8b6ff146e0dbf4b30ff9af470f3cfa0,0.04092372,20,,false
hard_200,39e0f255d354aeb575de22b3c44a22d4048079308f88380a1759cce8583eae07,0,0,,false
hard_200,39e0f255d354aeb575de22b3c44a22d4048079308f88380a1759cce8583eae07,0.00036256423,2,,false
hard_200,39e0f255d354aeb575de22b3c44a22d4048079308f88380a1759cce8583eae07,0,0,,false
hard_200,39e0f255d354aeb575de22b3c44a22d4048079308f88380a1759cce8583eae07,0.0076771257,5,,false
hard_200,39e0f255d354aeb575de22b3c44a22d4048079308f88380a1759cce8583eae07,0,0,,false
hard_200,39e0f255d354aeb575de22b3c44a22d4048079308f88380a1759cce8583eae07,0,0,,false
hard_200,39e0f255d354aeb575de22b3c44a22d4048079308f88380a1759cce8583eae07,0.0016901765,4,,false
hard_200,39e0f255d354aeb575de22b3c44a22d4048079308f88380a1759cce8583eae07,0,0,,false
hard_200,39e0f255d354aeb575de22b3c44a22d4048079308f88380a1759cce8583eae07,0.01400306,9,,false
hard_200,39e0f255d354aeb575de22b3c44a22d4048079308f88380a1759cce8583eae07,0.014206244,10,,false
hard_200,39e0f255d354aeb575de22b3c44a22d4048079308f88380a1759cce8583eae07,0,0,,false
hard_200,39e0f255d354aeb575de22b3c44a22d4048079308f88380a1759cce8583eae07,0,0,,false
hard_200,39e0f255d354aeb575de22b3c44a22d4048079308f88380a1759cce8583eae07,0,0,,false
hard_200,39e0f255d354aeb575de22b3c44a22d4048079308f88380a1759cce8583eae07,0.012723385,8,,false
hard_200,39e0f255d354aeb575de22b3c44a22d4048079308f88380a1759cce8583eae07,0.019696506,13,,false
hard_200,39e0f255d354aeb575de22b3c44a22d4048079308f88380a1759cce8583eae07,0.01213253,7,,false
hard_200,39e0f255d354aeb575de22b3c44a22d4048079308f88380a1759cce8583eae07,0,0,,false
hard_200,39e0f255d354aeb575de22b3c44a22d4048079308f88380a1759cce8583eae07,0,0,,false
hard_200,39e0f255d354aeb575de22b3c44a22d4048079308f88380a1759cce8583eae07,0.0016943363,3,,false
hard_200,39e0f255d354aeb575de22b3c44a22d4048079308f88380a1759cce8583eae07,0.010400353,7,,false
hard_200,39e0f255d354aeb575de22b3c44a22d4048079308f88380a1759cce8583eae07,0.019251421,16,,false
hard_200,39e0f255d354aeb575de22b3c44a22d4048079308f88380a1759cce8583eae07,0,0,,false
hard_200,39e0f255d354aeb575de22b3c44a22d4048079308f88380a1759cce8583eae07,0.022288231,13,,false
hard_200,39e0f255d354aeb575de22b3c44a22d4048079308f88380a1759cce8583eae07,0.06433858,21,,false
hard_200,39e0f255d354aeb575de22b3c44a22d4048079308f88380a1759cce8583eae07,0.04136809,17,,false
hard_200,39e0f255d354aeb575de22b3c44a22d4048079308f88380a1759cce8583eae07,0.012002345,6,,false
hard_200,39e0f255d354aeb575de22b3c44a22d4048079308f88380a1759cce8583eae07,0.040344995,20,,false
hard_200,39e0f255d354aeb575de22b3c44a22d4048079308f88380a1759cce8583eae07,0.020534962,21,,false
hard_200,39e0f255d354aeb575de22b3c44a22d4048079308f88380a1759cce8583eae07,0.014993007,4,,false
hard_200,39e0f255d354aeb575de22b3c44a22d4048079308f88380a1759cce8583eae07,0.04751033,11,,false
hard_200,124afa8fb808bf5b8d553a64249f5e7ddbf7373cdfbfcbee6fbb5cb1f04ea591,0,0,,false
hard_200,124afa8fb808bf5b8d553a64249f5e7ddbf7373cdfbfcbee6fbb5cb1f04ea591,0,0,,false
hard_200,124afa8fb808bf5b8d553a64249f5e7ddbf7373cdfbfcbee6fbb5cb1f04ea591,0,0,,false
hard_200,124afa8fb808bf5b8d553a64249f5e7ddbf7373cdfbfcbee6fbb5cb1f04ea591,0,0,,false
hard_200,124afa8fb808bf5b8d553a64249f5e7ddbf7373cdfbfcbee6fbb5cb1f04ea591,0,0,,false
hard_200,124afa8fb808bf5b8d553a64249f5e7ddbf7373cdfbfcbee6fbb5cb1f04ea591,0,0,,false
hard_200,124afa8fb808bf5b8d553a64249f5e7ddbf7373cdfbfcbee6fbb5cb1f04ea591,0,0,,false
hard_200,124afa8fb808bf5b8d553a64249f5e7ddbf7373cdfbfcbee6fbb5cb1f04ea591,0,0,,false
hard_200,124afa8fb808bf5b8d553a64249f5e7ddbf7373cdfbfcbee6fbb5cb1f04ea591,0.054688875,17,,false
hard_200,124afa8fb808bf5b8d553a64249f5e7ddbf7373cdfbfcbee6fbb5cb1f04ea591,0.0008090641,2,,false
hard_200,124afa8fb808bf5b8d553a64249f5e7ddbf7373cdfbfcbee6fbb5cb1f04ea591,0.0074978145,7,,false
hard_200,124afa8fb808bf5b8d553a64249f5e7ddbf7373cdfbfcbee6fbb5cb1f04ea591,0,0,,false
hard_200,124afa8fb808bf5b8d553a64249f5e7ddbf7373cdfbfcbee6fbb5cb1f04ea591,0.023086334,14,,false
hard_200,124afa8fb808bf5b8d553a64249f5e7ddbf7373cdfbfcbee6fbb5cb1f04ea591,0.043695975,9,,false
hard_200,124afa8fb808bf5b8d553a64249f5e7ddbf7373cdfbfcbee6fbb5cb1f04ea591,0,0,,false
hard_200,124afa8fb808bf5b8d553a64249f5e7ddbf7373cdfbfcbee6fbb5cb1f04ea591,0.037699338,9,,false
hard_200,124afa8fb808bf5b8d553a64249f5e7ddbf7373cdfbfcbee6fbb5cb1f04ea591,0.005395208,5,,false
hard_200,124afa8fb808bf5b8d553a64249f5e7ddbf7373cdfbfcbee6fbb5cb1f04ea591,0.0019344217,3,,false
hard_200,124afa8fb808bf5b8d553a64249f5e7ddbf7373cdfbfcbee6fbb5cb1f04ea591,0.020234846,14,,false
hard_200,124afa8fb808bf5b8d553a64249f5e7ddbf7373cdfbfcbee6fbb5cb1f04ea591,0.024738736,12,,false
hard_200,124afa8fb808bf5b8d553a64249f5e7ddbf7373cdfbfcbee6fbb5cb1f04ea591,0.0016637999,2,,false
hard_200,124afa8fb808bf5b8d553a64249f5e7ddbf7373cdfbfcbee6fbb5cb1f04ea591,0.016489549,6,,false
hard_200,124afa8fb808bf5b8d553a64249f5e7ddbf7373cdfbfcbee6fbb5cb1f04ea591,0.032005023,12,,false
hard_200,124afa8fb808bf5b8d553a64249f5e7ddbf7373cdfbfcbee6fbb5cb1f04ea591,0.14906687,42,,false
hard_200,124afa8fb808bf5b8d553a64249f5e7ddbf7373cdfbfcbee6fbb5cb1f04ea591,0.047968935,18,,false
hard_200,124afa8fb808bf5b8d553a64249f5e7ddbf7373cdfbfcbee6fbb5cb1f04ea591,0.026138738,14,,false
hard_200,124afa8fb808bf5b8d553a64249f5e7ddbf7373cdfbfcbee6fbb5cb1f04ea591,0.16482306,47,,false
hard_200,124afa8fb808bf5b8d553a64249f5e7ddbf7373cdfbfcbee6fbb5cb1f04ea591,0.03999218,12,,false
hard_200,124afa8fb808bf5b8d553a64249f5e7ddbf7373cdfbfcbee6fbb5cb1f04ea591,0.026203621,13,,false
hard_200,124afa8fb808bf5b8d553a64249f5e7ddbf7373cdfbfcbee6fbb5cb1f04ea591,0.04055494,20,,false
hard_200,124afa8fb808bf5b8d553a64249f5e7ddbf7373cdfbfcbee6fbb5cb1f04ea591,0.16216153,42,,false
hard_200,124afa8fb808bf5b8d553a64249f5e7ddbf7373cdfbfcbee6fbb5cb1f04ea591,0.029477356,16,,false
hard_200,33b725ac8906e2b00a9678f46f39c152ff3f5ad04e10e81822b8d5eaf5d65b9c,0,0,,false
hard_200,33b725ac8906e2b00a9678f46f39c152ff3f5ad04e10e81822b8d5eaf5d65b9c,0,0,,false
hard_200,33b725ac8906e2b00a9678f46f39c152ff3f5ad04e10e81822b8d5eaf5d65b9c,0,0,,false
hard_200,33b725ac8906e2b00a9678f46f39c152ff3f5ad04e10e81822b8d5eaf5d65b9c,0,0,,false
hard_200,33b725ac8906e2b00a9678f46f39c152ff3f5ad04e10e81822b8d5eaf5d65b9c,0.012605339,4,,false
hard_200,33b725ac8906e2b00a9678f46f39c152ff3f5ad04e10e81822b8d5eaf5d65b9c,0,0,,false
hard_200,33b725ac8906e2b00a9678f46f39c152ff3f5ad04e10e81822b8d5eaf5d65b9c,0.008612581,9,,false
hard_200,33b725ac8906e2b00a9678f46f39c152ff3f5ad04e10e81822b8d5eaf5d65b9c,0,0,,false
hard_200,33b725ac8906e2b00a9678f46f39c152ff3f5ad04e10e81822b8d5eaf5d65b9c,0.0010285934,3,,false
hard_200,33b725ac8906e2b00a9678f46f39c152ff3f5ad04e10e81822b8d5eaf5d65b9c,0.007895554,10,,false
hard_200,33b725ac8906e2b00a9678f46f39c152ff3f5ad04e10e81822b8d5eaf5d65b9c,0.00036385484,2,,false
hard_200,33b725ac8906e2b00a9678f46f39c152ff3f5ad04e10e81822b8d5eaf5d65b9c,0,0,,false
hard_200,33b725ac8906e2b00a9678f46f39c152ff3f5ad04e10e81822b8d5eaf5d65b9c,0.022503747,14,,false
hard_200,33b725ac8906e2b00a9678f46f39c152ff3f5ad04e10e81822b8d5eaf5d65b9c,0.0038613875,4,,false
hard_200,33b725ac8906e2b00a9678f46f39c152ff3f5ad04e10e81822b8d5eaf5d65b9c,0.02350699,13,,false
hard_200,33b725ac8906e2b00a9678f46f39c152ff3f5ad04e10e81822b8d5eaf5d65b9c,0.018628486,8,,false
hard_200,33b725ac8906e2b00a9678f46f39c152ff3f5ad04e10e81822b8d5eaf5d65b9c,0.0048589576,6,,false
hard_200,33b725ac8906e2b00a9678f46f39c152ff3f5ad04e10e81822b8d5eaf5d65b9c,0.010622381,8,,false
hard_200,33b725ac8906e2b00a9678f46f39c152ff3f5ad04e10e81822b8d5eaf5d65b9c,0.009831456,10,,false
hard_200,33b725ac8906e2b00a9678f46f39c152ff3f5ad04e10e81822b8d5eaf5d65b9c,0.021497592,11,,false
hard_200,33b725ac8906e2b00a9678f46f39c152ff3f5ad04e10e81822b8d5eaf5d65b9c,0.033368118,13,,false
hard_200,33b725ac8906e2b00a9678f46f39c152ff3f5ad04e10e81822b8d5eaf5d65b9c,0.049904607,14,,false
hard_200,33b725ac8906e2b00a9678f46f39c152ff3f5ad04e10e81822b8d5eaf5d65b9c,0.021630222,9,,false
hard_200,33b725ac8906e2b00a9678f46f39c152ff3f5ad04e10e81822b8d5eaf5d65b9c,0.022809094,10,,false
hard_200,33b725ac8906e2b00a9678f46f39c152ff3f5ad04e10e81822b8d5eaf5d65b9c,0.04178839,18,,false
hard_200,33b725ac8906e2b00a9678f46f39c152ff3f5ad04e10e81822b8d5eaf5d65b9c,0.013472148,7,,false
hard_200,33b725ac8906e2b00a9678f46f39c152ff3f5ad04e10e81822b8d5eaf5d65b9c,0.03044888,25,,false
hard_200,33b725ac8906e2b00a9678f46f39c152ff3f5ad04e10e81822b8d5eaf5d65b9c,0.034671597,21,,false
hard_200,33b725ac8906e2b00a9678f46f39c152ff3f5ad04e10e81822b8d5eaf5d65b9c,0.012982753,9,,false
hard_200,33b725ac8906e2b00a9678f46f39c152ff3f5ad04e10e81822b8d5eaf5d65b9c,0.035783272,16,,false
hard_200,ad26f1d1fa0122e32568ef00ee92753e59b5f59fda88b085b8a820cda89e8d85,0,0,,false
hard_200,ad26f1d1fa0122e32568ef00ee92753e59b5f59fda88b085b8a820cda89e8d85,0,0,,false
hard_200,ad26f1d1fa0122e32568ef00ee92753e59b5f59fda88b085b8a820cda89e8d85,0,0,,false
hard_200,ad26f1d1fa0122e32568ef00ee92753e59b5f59fda88b085b8a820cda89e8d85,0.0002639588,3,,false
hard_200,ad26f1d1fa0122e32568ef00ee92753e59b5f59fda88b085b8a820cda89e8d85,0.005238135,3,,false
hard_200,ad26f1d1fa0122e32568ef00ee92753e59b5f59fda88b085b8a820cda89e8d85,0,0,,false
hard_200,ad26f1d1fa0122e32568ef00ee92753e59b5f59fda88b085b8a820cda89e8d85,0.0017993065,2,,false
hard_200,ad26f1d1fa0122e32568ef00ee92753e59b5f59fda88b085b8a820cda89e8d85,0.03694044,15,,false
hard_200,ad26f1d1fa0122e32568ef00ee92753e59b5f59fda88b085b8a820cda89e8d85,0.013857412,8,,false
hard_200,ad26f1d1fa0122e32568ef00ee92753e59b5f59fda88b085b8a820cda89e8d85,0.03345976,19,,false
hard_200,ad26f1d1fa0122e32568ef00ee92753e59b5f59fda88b085b8a820cda89e8d85,0.019296719,8,,false
hard_200,ad26f1d1fa0122e32568ef00ee92753e59b5f59fda88b085b8a820cda89e8d85,0.00091251347,1,,false
hard_200,ad26f1d1fa0122e32568ef00ee92753e59b5f59fda88b085b8a820cda89e8d85,0.058914535,17,,false
hard_200,ad26f1d1fa0122e32568ef00ee92753e59b5f59fda88b085b8a820cda89e8d85,0.12385198,48,,false
hard_200,ad26f1d1fa0122e32568ef00ee92753e59b5f59fda88b085b8a820cda89e8d85,0.0019633814,3,,false
hard_200,ad26f1d1fa0122e32568ef00ee92753e59b5f59fda88b085b8a820cda89e8d85,0.022971706,15,,false
hard_200,ad26f1d1fa0122e32568ef00ee92753e59b5f59fda88b085b8a820cda89e8d85,0.0150939915,7,,false
hard_200,ad26f1d1fa0122e32568ef00ee92753e59b5f59fda88b085b8a820cda89e8d85,0.0072010783,12,,false
hard_200,ad26f1d1fa0122e32568ef00ee92753e59b5f59fda88b085b8a820cda89e8d85,0.000495235,3,,false
hard_200,ad26f1d1fa0122e32568ef00ee92753e59b5f59fda88b085b8a820cda89e8d85,0.0011313608,2,,false
hard_200,ad26f1d1fa0122e32568ef00ee92753e59b5f59fda88b085b8a820cda89e8d85,0.001353751,16,,false
hard_200,ad26f1d1fa0122e32568ef00ee92753e59b5f59fda88b085b8a820cda89e8d85,0.0065895175,3,,false
hard_200,ad26f1d1fa0122e32568ef00ee92753e59b5f59fda88b085b8a820cda89e8d85,0.023475597,7,,false
hard_200,ad26f1d1fa0122e32568ef00ee92753e59b5f59fda88b085b8a820cda89e8d85,0.008263134,12,,false
hard_200,ad26f1d1fa0122e32568ef00ee92753e59b5f59fda88b085b8a820cda89e8d85,0.018972792,15,,false
hard_200,ad26f1d1fa0122e32568ef00ee92753e59b5f59fda88b085b8a820cda89e8d85,0.031374164,10,,false
hard_200,ad26f1d1fa0122e32568ef00ee92753e59b5f59fda88b085b8a820cda89e8d85,0.03503763,15,,false
hard_200,ad26f1d1fa0122e32568ef00ee92753e59b5f59fda88b085b8a820cda89e8d85,0.032685876,6,,false
hard_200,ad26f1d1fa0122e32568ef00ee92753e59b5f59fda88b085b8a820cda89e8d85,0.014388244,9,,false
hard_200,ad26f1d1fa0122e32568ef00ee92753e59b5f59fda88b085b8a820cda89e8d85,0.029222427,17,,false
hard_200,ad26f1d1fa0122e32568ef00ee92753e59b5f59fda88b085b8a820cda89e8d85,0.15262926,38,,false
hard_200,ad26f1d1fa0122e32568ef00ee92753e59b5f59fda88b085b8a820cda89e8d85,0.05516432,14,,false
hard_200,d8bd0e74cfc4c989162db8b61d64eb0e10fcb586be46715848d51c1f587db3de,0.0056083496,4,,false
hard_200,d8bd0e74cfc4c989162db8b61d64eb0e10fcb586be46715848d51c1f587db3de,0,0,,false
hard_200,d8bd0e74cfc4c989162db8b61d64eb0e10fcb586be46715848d51c1f587db3de,0.004612274,3,,false
hard_200,d8bd0e74cfc4c989162db8b61d64eb0e10fcb586be46715848d51c1f587db3de,0.002926674,4,,false
hard_200,d8bd0e74cfc4c989162db8b61d64eb0e10fcb586be46715848d51c1f587db3de,0.020217836,11,,false
hard_200,d8bd0e74cfc4c989162db8b61d64eb0e10fcb586be46715848d51c1f587db3de,0.0055335537,6,,false
hard_200,d8bd0e74cfc4c989162db8b61d64eb0e10fcb586be46715848d51c1f587db3de,0.0018687394,3,,false
hard_200,d8bd0e74cfc4c989162db8b61d64eb0e10fcb586be46715848d51c1f587db3de,0.03372248,15,,false
hard_200,d8bd0e74cfc4c989162db8b61d64eb0e10fcb586be46715848d51c1f587db3de,0.004587499,7,,false
hard_200,d8bd0e74cfc4c989162db8b61d64eb0e10fcb586be46715848d51c1f587db3de,0.0041767135,5,,false
hard_200,d8bd0e74cfc4c989162db8b61d64eb0e10fcb586be46715848d51c1f587db3de,0,0,,false
hard_200,d8bd0e74cfc4c989162db8b61d64eb0e10fcb586be46715848d51c1f587db3de,0.0024393846,2,,false
hard_200,d8bd0e74cfc4c989162db8b61d64eb0e10fcb586be46715848d51c1f587db3de,0.008632848,7,,false
hard_200,d8bd0e74cfc4c989162db8b61d64eb0e10fcb586be46715848d51c1f587db3de,0.0042723687,4,,false
hard_200,d8bd0e74cfc4c989162db8b61d64eb0e10fcb586be46715848d51c1f587db3de,0.011153621,4,,false
hard_200,d8bd0e74cfc4c989162db8b61d64eb0e10fcb586be46715848d51c1f587db3de,0.026084555,15,,false
hard_200,d8bd0e74cfc4c989162db8b61d64eb0e10fcb586be46715848d51c1f587db3de,0.0033884775,5,,false
hard_200,d8bd0e74cfc4c989162db8b61d64eb0e10fcb586be46715848d51c1f587db3de,0.028447213,17,,false
hard_200,d8bd0e74cfc4c989162db8b61d64eb0e10fcb586be46715848d51c1f587db3de,0.0034963957,4,,false
hard_200,d8bd0e74cfc4c989162db8b61d64eb0e10fcb586be46715848d51c1f587db3de,0.03329345,9,,false
hard_200,d8bd0e74cfc4c989162db8b61d64eb0e10fcb586be46715848d51c1f587db3de,0.004249313,6,,false
hard_200,d8bd0e74cfc4c989162db8b61d64eb0e10fcb586be46715848d51c1f587db3de,0.04947812,19,,false
hard_200,d8bd0e74cfc4c989162db8b61d64eb0e10fcb586be46715848d51c1f587db3de,0.02326186,11,,false
hard_200,d8bd0e74cfc4c989162db8b61d64eb0e10fcb586be46715848d51c1f587db3de,0.037923437,21,,false
hard_200,d8bd0e74cfc4c989162db8b61d64eb0e10fcb586be46715848d51c1f587db3de,0.016929217,13,,false
hard_200,d8bd0e74cfc4c989162db8b61d64eb0e10fcb586be46715848d51c1f587db3de,0.013950791,11,,false
hard_200,d8bd0e74cfc4c989162db8b61d64eb0e10fcb586be46715848d51c1f587db3de,0.029470721,15,,false
hard_200,d8bd0e74cfc4c989162db8b61d64eb0e10fcb586be46715848d51c1f587db3de,0.032675568,16,,false
hard_200,d8bd0e74cfc4c989162db8b61d64eb0e10fcb586be46715848d51c1f587db3de,0.03996335,17,,false
hard_200,d8bd0e74cfc4c989162db8b61d64eb0e10fcb586be46715848d51c1f587db3de,0.04321021,14,,false
hard_200,b9eef4b12371d52f4b43539758bf50be8cecb862cf311899a1f5f395a4a5f826,0,0,,false
hard_200,b9eef4b12371d52f4b43539758bf50be8cecb862cf311899a1f5f395a4a5f826,0.0061952136,4,,false
hard_200,b9eef4b12371d52f4b43539758bf50be8cecb862cf311899a1f5f395a4a5f826,0,0,,false
hard_200,b9eef4b12371d52f4b43539758bf50be8cecb862cf311899a1f5f395a4a5f826,0,0,,false
hard_200,b9eef4b12371d52f4b43539758bf50be8cecb862cf311899a1f5f395a4a5f826,0,0,,false
hard_200,b9eef4b12371d52f4b43539758bf50be8cecb862cf311899a1f5f395a4a5f826,0,0,,false
hard_200,b9eef4b12371d52f4b43539758bf50be8cecb862cf311899a1f5f395a4a5f826,0.0054983734,9,,false
hard_200,b9eef4b12371d52f4b43539758bf50be8cecb862cf311899a1f5f395a4a5f826,0.016978405,10,,false
hard_200,b9eef4b12371d52f4b43539758bf50be8cecb862cf311899a1f5f395a4a5f826,0.00086392486,2,,false
hard_200,b9eef4b12371d52f4b43539758bf50be8cecb862cf311899a1f5f395a4a5f826,0,0,,false
hard_200,b9eef4b12371d52f4b43539758bf50be8cecb862cf311899a1f5f395a4a5f826,0.026487885,17,,false
hard_200,b9eef4b12371d52f4b43539758bf50be8cecb862cf311899a1f5f395a4a5f826,0.005633469,7,,false
hard_200,b9eef4b12371d52f4b43539758bf50be8cecb862cf311899a1f5f395a4a5f826,0,0,,false
hard_200,b9eef4b12371d52f4b43539758bf50be8cecb862cf311899a1f5f395a4a5f826,0.0039455793,5,,false
hard_200,b9eef4b12371d52f4b43539758bf50be8cecb862cf311899a1f5f395a4a5f826,0.008424532,15,,false
hard_200,b9eef4b12371d52f4b43539758bf50be8cecb862cf311899a1f5f395a4a5f826,0.012532986,8,,false
hard_200,b9eef4b12371d52f4b43539758bf50be8cecb862cf311899a1f5f395a4a5f826,0.014695288,15,,false
hard_200,b9eef4b12371d52f4b43539758bf50be8cecb862cf311899a1f5f395a4a5f826,0.014477527,8,,false
hard_200,b9eef4b12371d52f4b43539758bf50be8cecb862cf311899a1f5f395a4a5f826,0.019314101,19,,false
hard_200,b9eef4b12371d52f4b43539758bf50be8cecb862cf311899a1f5f395a4a5f826,0.00041908261,1,,false
hard_200,b9eef4b12371d52f4b43539758bf50be8cecb862cf311899a1f5f395a4a5f826,0.011618655,9,,false
hard_200,b9eef4b12371d52f4b43539758bf50be8cecb862cf311899a1f5f395a4a5f826,0.04759631,22,,false
hard_200,b9eef4b12371d52f4b43539758bf50be8cecb862cf311899a1f5f395a4a5f826,0.03508776,20,,false
hard_200,b9eef4b12371d52f4b43539758bf50be8cecb862cf311899a1f5f395a4a5f826,0.048776615,26,,false
hard_200,b9eef4b12371d52f4b43539758bf50be8cecb862cf311899a1f5f395a4a5f826,0.011374636,6,,false
hard_200,b9eef4b12371d52f4b43539758bf50be8cecb862cf311899a1f5f395a4a5f826,0.032035645,17,,false
hard_200,b9eef4b12371d52f4b43539758bf50be8cecb862cf311899a1f5f395a4a5f826,0.04742162,20,,false
hard_200,b9eef4b12371d52f4b43539758bf50be8cecb862cf311899a1f5f395a4a5f826,0.03175986,9,,false
hard_200,b9eef4b12371d52f4b43539758bf50be8cecb862cf311899a1f5f395a4a5f826,0.021535503,17,,false
hard_200,b9eef4b12371d52f4b43539758bf50be8cecb862cf311899a1f5f395a4a5f826,0.032121014,17,,false
hard_200,f7c9a1d02fbf7024f0ddc2f41dbc3d51bba02b7da2665b02190d68af0c62580d,0,0,,true
hard_200,f7c9a1d02fbf7024f0ddc2f41dbc3d51bba02b7da2665b02190d68af0c62580d,0,0,,true
hard_200,f7c9a1d02fbf7024f0ddc2f41dbc3d51bba02b7da2665b02190d68af0c62580d,0,0,,true
hard_200,f7c9a1d02fbf7024f0ddc2f41dbc3d51bba02b7da2665b02190d68af0c62580d,0.0018654228,9,,false
hard_200,f7c9a1d02fbf7024f0ddc2f41dbc3d51bba02b7da2665b02190d68af0c62580d,0.00017465322,1,,true
hard_200,f7c9a1d02fbf7024f0ddc2f41dbc3d51bba02b7da2665b02190d68af0c62580d,0.0027511024,3,,true
hard_200,f7c9a1d02fbf7024f0ddc2f41dbc3d51bba02b7da2665b02190d68af0c62580d,0.004129121,3,,true
hard_200,f7c9a1d02fbf7024f0ddc2f41dbc3d51bba02b7da2665b02190d68af0c62580d,0.0043736505,5,,true
hard_200,f7c9a1d02fbf7024f0ddc2f41dbc3d51bba02b7da2665b02190d68af0c62580d,0,0,,true
hard_200,f7c9a1d02fbf7024f0ddc2f41dbc3d51bba02b7da2665b02190d68af0c62580d,0.024643896,17,,true
hard_200,f7c9a1d02fbf7024f0ddc2f41dbc3d51bba02b7da2665b02190d68af0c62580d,0.012880222,10,,true
hard_200,f7c9a1d02fbf7024f0ddc2f41dbc3d51bba02b7da2665b02190d68af0c62580d,0,0,,true
hard_200,f7c9a1d02fbf7024f0ddc2f41dbc3d51bba02b7da2665b02190d68af0c62580d,0,0,,true
hard_200,f7c9a1d02fbf7024f0ddc2f41dbc3d51bba02b7da2665b02190d68af0c62580d,0.047813542,15,,true
hard_200,f7c9a1d02fbf7024f0ddc2f41dbc3d51bba02b7da2665b02190d68af0c62580d,0.0032432552,5,,true
hard_200,f7c9a1d02fbf7024f0ddc2f41dbc3d51bba02b7da2665b02190d68af0c62580d,0.010700638,7,,true
hard_200,f7c9a1d02fbf7024f0ddc2f41dbc3d51bba02b7da2665b02190d68af0c62580d,0,0,,true
hard_200,f7c9a1d02fbf7024f0ddc2f41dbc3d51bba02b7da2665b02190d68af0c62580d,0.02923873,15,,true
hard_200,f7c9a1d02fbf7024f0ddc2f41dbc3d51bba02b7da2665b02190d68af0c62580d,0.016684735,9,,true
hard_200,f7c9a1d02fbf7024f0ddc2f41dbc3d51bba02b7da2665b02190d68af0c62580d,0.03330192,13,,true
hard_200,f7c9a1d02fbf7024f0ddc2f41dbc3d51bba02b7da2665b02190d68af0c62580d,0.15483099,44,,false
hard_200,f7c9a1d02fbf7024f0ddc2f41dbc3d51bba02b7da2665b02190d68af0c62580d,0.025688613,9,,true
hard_200,f7c9a1d02fbf7024f0ddc2f41dbc3d51bba02b7da2665b02190d68af0c62580d,0.013357373,12,,true
hard_200,f7c9a1d02fbf7024f0ddc2f41dbc3d51bba02b7da2665b02190d68af0c62580d,0.050013132,16,,false
hard_200,f7c9a1d02fbf7024f0ddc2f41dbc3d51bba02b7da2665b02190d68af0c62580d,0.044846594,13,,true
hard_200,f7c9a1d02fbf7024f0ddc2f41dbc3d51bba02b7da2665b02190d68af0c62580d,0.01232208,8,,true
hard_200,f7c9a1d02fbf7024f0ddc2f41dbc3d51bba02b7da2665b02190d68af0c62580d,0.038045168,19,,true
hard_200,f7c9a1d02fbf7024f0ddc2f41dbc3d51bba02b7da2665b02190d68af0c62580d,0.052992526,17,,true
hard_200,f7c9a1d02fbf7024f0ddc2f41dbc3d51bba02b7da2665b02190d68af0c62580d,0.023502767,17,,true
hard_200,a596499720c4022ae3b02c0c219f26e0560060dff689b469b421ad2ac007059b,0,0,,false
hard_200,a596499720c4022ae3b02c0c219f26e0560060dff689b469b421ad2ac007059b,0,0,,false
hard_200,a596499720c4022ae3b02c0c219f26e0560060dff689b469b421ad2ac007059b,0,0,,false
hard_200,a596499720c4022ae3b02c0c219f26e0560060dff689b469b421ad2ac007059b,0,0,,false
hard_200,a596499720c4022ae3b02c0c219f26e0560060dff689b469b421ad2ac007059b,0,0,,false
hard_200,a596499720c4022ae3b02c0c219f26e0560060dff689b469b421ad2ac007059b,0.05491682,22,,false
hard_200,a596499720c4022ae3b02c0c219f26e0560060dff689b469b421ad2ac007059b,0.0014452559,4,,false
hard_200,a596499720c4022ae3b02c0c219f26e0560060dff689b469b421ad2ac007059b,0.038305663,9,,false
hard_200,a596499720c4022ae3b02c0c219f26e0560060dff689b469b421ad2ac007059b,0.0021568602,3,,false
hard_200,a596499720c4022ae3b02c0c219f26e0560060dff689b469b421ad2ac007059b,0.0004553034,1,,false
hard_200,a596499720c4022ae3b02c0c219f26e0560060dff689b469b421ad2ac007059b,0.0018265828,2,,false
hard_200,a596499720c4022ae3b02c0c219f26e0560060dff689b469b421ad2ac007059b,0.00097433344,2,,false
hard_200,a596499720c4022ae3b02c0c219f26e0560060dff689b469b421ad2ac007059b,0,0,,false
hard_200,a596499720c4022ae3b02c0c219f26e0560060dff689b469b421ad2ac007059b,0.0038379226,1,,false
hard_200,a596499720c4022ae3b02c0c219f26e0560060dff689b469b421ad2ac007059b,0.013136619,13,,false
hard_200,a596499720c4022ae3b02c0c219f26e0560060dff689b469b421ad2ac007059b,0.0025801724,2,,false
hard_200,a596499720c4022ae3b02c0c219f26e0560060dff689b469b421ad2ac007059b,0.0070247552,6,,false
hard_200,a596499720c4022ae3b02c0c219f26e0560060dff689b469b421ad2ac007059b,0.023664718,15,,false
hard_200,a596499720c4022ae3b02c0c219f26e0560060dff689b469b421ad2ac007059b,0.13351668,42,,false
hard_200,a596499720c4022ae3b02c0c219f26e0560060dff689b469b421ad2ac007059b,0.031132597,13,,false
hard_200,a596499720c4022ae3b02c0c219f26e0560060dff689b469b421ad2ac007059b,0.0003123883,1,,false
hard_200,a596499720c4022ae3b02c0c219f26e0560060dff689b469b421ad2ac007059b,0.022179324,19,,false
hard_200,a596499720c4022ae3b02c0c219f26e0560060dff689b469b421ad2ac007059b,0.03512331,12,,false
hard_200,a596499720c4022ae3b02c0c219f26e0560060dff689b469b421ad2ac007059b,0.04433751,23,,false
hard_200,a596499720c4022ae3b02c0c219f26e0560060dff689b469b421ad2ac007059b,0.008211798,5,,false
hard_200,a596499720c4022ae3b02c0c219f26e0560060dff689b469b421ad2ac007059b,0.052988555,20,,false
hard_200,a596499720c4022ae3b02c0c219f26e0560060dff689b469b421ad2ac007059b,0.031227639,11,,false
hard_200,a596499720c4022ae3b02c0c219f26e0560060dff689b469b421ad2ac007059b,0.028138116,18,,false
hard_200,a596499720c4022ae3b02c0c219f26e0560060dff689b469b421ad2ac007059b,0.056634713,22,,false
hard_200,a596499720c4022ae3b02c0c219f26e0560060dff689b469b421ad2ac007059b,0.048614785,24,,false
hard_200,a596499720c4022ae3b02c0c219f26e0560060dff689b469b421ad2ac007059b,0.13147396,44,,false
hard_200,a596499720c4022ae3b02c0c219f26e0560060dff689b469b421ad2ac007059b,0.16281615,50,,false
hard_200,da769206388c21ed07394e5531dd8209d9d9631681681c5f5c6c6a1ec594c15a,0,0,,false
hard_200,da769206388c21ed07394e5531dd8209d9d9631681681c5f5c6c6a1ec594c15a,0.00031858383,1,,false
hard_200,da769206388c21ed07394e5531dd8209d9d9631681681c5f5c6c6a1ec594c15a,0.00018179296,3,,false
hard_200,da769206388c21ed07394e5531dd8209d9d9631681681c5f5c6c6a1ec594c15a,0.0040268516,1,,false
hard_200,da769206388c21ed07394e5531dd8209d9d9631681681c5f5c6c6a1ec594c15a,0,0,,false
hard_200,da769206388c21ed07394e5531dd8209d9d9631681681c5f5c6c6a1ec594c15a,0.02994163,16,,false
hard_200,da769206388c21ed07394e5531dd8209d9d9631681681c5f5c6c6a1ec594c15a,0,0,,false
hard_200,da769206388c21ed07394e5531dd8209d9d9631681681c5f5c6c6a1ec594c15a,0.00892655,4,,false
hard_200,da769206388c21ed07394e5531dd8209d9d9631681681c5f5c6c6a1ec594c15a,0,0,,false
hard_200,da769206388c21ed07394e5531dd8209d9d9631681681c5f5c6c6a1ec594c15a,0.0029131866,3,,false
hard_200,da769206388c21ed07394e5531dd8209d9d9631681681c5f5c6c6a1ec594c15a,0.15994807,41,,false
hard_200,da769206388c21ed07394e5531dd8209d9d9631681681c5f5c6c6a1ec594c15a,0.0042541837,3,,false
hard_200,da769206388c21ed07394e5531dd8209d9d9631681681c5f5c6c6a1ec594c15a,0,0,,false
hard_200,da769206388c21ed07394e5531dd8209d9d9631681681c5f5c6c6a1ec594c15a,0.04232563,21,,false
hard_200,da769206388c21ed07394e5531dd8209d9d9631681681c5f5c6c6a1ec594c15a,0.028742941,17,,false
hard_200,da769206388c21ed07394e5531dd8209d9d9631681681c5f5c6c6a1ec594c15a,0,0,,false
hard_200,da769206388c21ed07394e5531dd8209d9d9631681681c5f5c6c6a1ec594c15a,0.0032421206,3,,false
hard_200,da769206388c21ed07394e5531dd8209d9d9631681681c5f5c6c6a1ec594c15a,0.017504161,11,,false
hard_200,da769206388c21ed07394e5531dd8209d9d9631681681c5f5c6c6a1ec594c15a,0.00692537,4,,false
hard_200,da769206388c21ed07394e5531dd8209d9d9631681681c5f5c6c6a1ec594c15a,0.032093313,27,,false
hard_200,da769206388c21ed07394e5531dd8209d9d9631681681c5f5c6c6a1ec594c15a,0.02491122,12,,false
hard_200,da769206388c21ed07394e5531dd8209d9d9631681681c5f5c6c6a1ec594c15a,0.018422505,10,,false
hard_200,da769206388c21ed07394e5531dd8209d9d9631681681c5f5c6c6a1ec594c15a,0.0077022496,8,,false
hard_200,da769206388c21ed07394e5531dd8209d9d9631681681c5f5c6c6a1ec594c15a,0.005046734,3,,false
hard_200,da769206388c21ed07394e5531dd8209d9d9631681681c5f5c6c6a1ec594c15a,0.04451273,20,,false
hard_200,da769206388c21ed07394e5531dd8209d9d9631681681c5f5c6c6a1ec594c15a,0.02839056,17,,false
hard_200,da769206388c21ed07394e5531dd8209d9d9631681681c5f5c6c6a1ec594c15a,0,0,,false
hard_200,da769206388c21ed07394e5531dd8209d9d9631681681c5f5c6c6a1ec594c15a,0.046277456,19,,false
hard_200,da769206388c21ed07394e5531dd8209d9d9631681681c5f5c6c6a1ec594c15a,0.018438471,13,,false
hard_200,da769206388c21ed07394e5531dd8209d9d9631681681c5f5c6c6a1ec594c15a,0.031364795,19,,false
hard_200,d8bcce31b0062c8e23c81db99a4cdd6a3fed51e5285e58bb1c2102e1095cd65c,0,0,,false
hard_200,d8bcce31b0062c8e23c81db99a4cdd6a3fed51e5285e58bb1c2102e1095cd65c,0,0,,false
hard_200,d8bcce31b0062c8e23c81db99a4cdd6a3fed51e5285e58bb1c2102e1095cd65c,0,0,,false
hard_200,d8bcce31b0062c8e23c81db99a4cdd6a3fed51e5285e58bb1c2102e1095cd65c,0,0,,false
hard_200,d8bcce31b0062c8e23c81db99a4cdd6a3fed51e5285e58bb1c2102e1095cd65c,0,0,,false
hard_200,d8bcce31b0062c8e23c81db99a4cdd6a3fed51e5285e58bb1c2102e1095cd65c,0,0,,false
hard_200,d8bcce31b0062c8e23c81db99a4cdd6a3fed51e5285e58bb1c2102e1095cd65c,0.011604482,5,,false
hard_200,d8bcce31b0062c8e23c81db99a4cdd6a3fed51e5285e58bb1c2102e1095cd65c,0.0013905688,1,,false
hard_200,d8bcce31b0062c8e23c81db99a4cdd6a3fed51e5285e58bb1c2102e1095cd65c,0.24255794,42,,false
hard_200,d8bcce31b0062c8e23c81db99a4cdd6a3fed51e5285e58bb1c2102e1095cd65c,0.016254812,8,,false
hard_200,d8bcce31b0062c8e23c81db99a4cdd6a3fed51e5285e58bb1c2102e1095cd65c,0.025407616,16,,false
hard_200,d8bcce31b0062c8e23c81db99a4cdd6a3fed51e5285e58bb1c2102e1095cd65c,0.032416664,17,,false
hard_200,d8bcce31b0062c8e23c81db99a4cdd6a3fed51e5285e58bb1c2102e1095cd65c,0,0,,false
hard_200,d8bcce31b0062c8e23c81db99a4cdd6a3fed51e5285e58bb1c2102e1095cd65c,0.018102936,12,,false
hard_200,d8bcce31b0062c8e23c81db99a4cdd6a3fed51e5285e58bb1c2102e1095cd65c,0.041881084,13,,false
hard_200,d8bcce31b0062c8e23c81db99a4cdd6a3fed51e5285e58bb1c2102e1095cd65c,0,0,,false
hard_200,d8bcce31b0062c8e23c81db99a4cdd6a3fed51e5285e58bb1c2102e1095cd65c,0.2057782,53,,false
hard_200,d8bcce31b0062c8e23c81db99a4cdd6a3fed51e5285e58bb1c2102e1095cd65c,0.014955316,8,,false
hard_200,d8bcce31b0062c8e23c81db99a4cdd6a3fed51e5285e58bb1c2102e1095cd65c,0.023311794,20,,false
hard_200,d8bcce31b0062c8e23c81db99a4cdd6a3fed51e5285e58bb1c2102e1095cd65c,0.011413521,8,,false
hard_200,d8bcce31b0062c8e23c81db99a4cdd6a3fed51e5285e58bb1c2102e1095cd65c,0.023311535,17,,false
hard_200,d8bcce31b0062c8e23c81db99a4cdd6a3fed51e5285e58bb1c2102e1095cd65c,0.03136115,16,,false
hard_200,d8bcce31b0062c8e23c81db99a4cdd6a3fed51e5285e58bb1c2102e1095cd65c,0.012977795,12,,false
hard_200,d8bcce31b0062c8e23c81db99a4cdd6a3fed51e5285e58bb1c2102e1095cd65c,0.03860751,19,,false
hard_200,d8bcce31b0062c8e23c81db99a4cdd6a3fed51e5285e58bb1c2102e1095cd65c,0.021685649,16,,false
hard_200,d8bcce31b0062c8e23c81db99a4cdd6a3fed51e5285e58bb1c2102e1095cd65c,0.02868259,14,,false
hard_200,d8bcce31b0062c8e23c81db99a4cdd6a3fed51e5285e58bb1c2102e1095cd65c,0.056914885,25,,false
hard_200,d8bcce31b0062c8e23c81db99a4cdd6a3fed51e5285e58bb1c2102e1095cd65c,0.012453708,8,,false
hard_200,d8bcce31b0062c8e23c81db99a4cdd6a3fed51e5285e58bb1c2102e1095cd65c,0.033625506,10,,false
hard_200,d8bcce31b0062c8e23c81db99a4cdd6a3fed51e5285e58bb1c2102e1095cd65c,0.037868544,9,,false
hard_200,d8bcce31b0062c8e23c81db99a4cdd6a3fed51e5285e58bb1c2102e1095cd65c,0.00731936,9,,false
hard_200,6c847d048a1b295c1ebafa0b0ceb5afd08d46552dbaea76001b9af172dd2e5f8,0,0,,false
hard_200,6c847d048a1b295c1ebafa0b0ceb5afd08d46552dbaea76001b9af172dd2e5f8,0,0,,false
hard_200,6c847d048a1b295c1ebafa0b0ceb5afd08d46552dbaea76001b9af172dd2e5f8,0,0,,false
hard_200,6c847d048a1b295c1ebafa0b0ceb5afd08d46552dbaea76001b9af172dd2e5f8,0,0,,false
hard_200,6c847d048a1b295c1ebafa0b0ceb5afd08d46552dbaea76001b9af172dd2e5f8,0.0087238215,20,,false
hard_200,6c847d048a1b295c1ebafa0b0ceb5afd08d46552dbaea76001b9af172dd2e5f8,0.23823538,53,,false
hard_200,6c847d048a1b295c1ebafa0b0ceb5afd08d46552dbaea76001b9af172dd2e5f8,0,0,,false
hard_200,6c847d048a1b295c1ebafa0b0ceb5afd08d46552dbaea76001b9af172dd2e5f8,0,0,,false
hard_200,6c847d048a1b295c1ebafa0b0ceb5afd08d46552dbaea76001b9af172dd2e5f8,0.0062270844,7,,false
hard_200,6c847d048a1b295c1ebafa0b0ceb5afd08d46552dbaea76001b9af172dd2e5f8,0,0,,false
hard_200,6c847d048a1b295c1ebafa0b0ceb5afd08d46552dbaea76001b9af172dd2e5f8,0.01209256,10,,false
hard_200,6c847d048a1b295c1ebafa0b0ceb5afd08d46552dbaea76001b9af172dd2e5f8,0.0031025,3,,false
hard_200,6c847d048a1b295c1ebafa0b0ceb5afd08d46552dbaea76001b9af172dd2e5f8,0,0,,false
hard_200,6c847d048a1b295c1ebafa0b0ceb5afd08d46552dbaea76001b9af172dd2e5f8,0.0026718068,4,,false
hard_200,6c847d048a1b295c1ebafa0b0ceb5afd08d46552dbaea76001b9af172dd2e5f8,0.118453205,49,,false
hard_200,6c847d048a1b295c1ebafa0b0ceb5afd08d46552dbaea76001b9af172dd2e5f8,0.020509942,6,,false
hard_200,6c847d048a1b295c1ebafa0b0ceb5afd08d46552dbaea76001b9af172dd2e5f8,0.02588042,13,,false
hard_200,6c847d048a1b295c1ebafa0b0ceb5afd08d46552dbaea76001b9af172dd2e5f8,0.0038218834,2,,false
hard_200,6c847d048a1b295c1ebafa0b0ceb5afd08d46552dbaea76001b9af172dd2e5f8,0.038002297,18,,false
hard_200,6c847d048a1b295c1ebafa0b0ceb5afd08d46552dbaea76001b9af172dd2e5f8,0.013422698,5,,false
hard_200,6c847d048a1b295c1ebafa0b0ceb5afd08d46552dbaea76001b9af172dd2e5f8,0.00030747542,3,,false
hard_200,6c847d048a1b295c1ebafa0b0ceb5afd08d46552dbaea76001b9af172dd2e5f8,0.0063478146,4,,false
hard_200,6c847d048a1b295c1ebafa0b0ceb5afd08d46552dbaea76001b9af172dd2e5f8,0.0077725537,4,,false
hard_200,6c847d048a1b295c1ebafa0b0ceb5afd08d46552dbaea76001b9af172dd2e5f8,0.031507786,22,,false
hard_200,6c847d048a1b295c1ebafa0b0ceb5afd08d46552dbaea76001b9af172dd2e5f8,0.0336766,17,,false
hard_200,6c847d048a1b295c1ebafa0b0ceb5afd08d46552dbaea76001b9af172dd2e5f8,0.041359928,18,,false
hard_200,6c847d048a1b295c1ebafa0b0ceb5afd08d46552dbaea76001b9af172dd2e5f8,0.04700606,16,,false
hard_200,6c847d048a1b295c1ebafa0b0ceb5afd08d46552dbaea76001b9af172dd2e5f8,0.0005427655,1,,false
hard_200,6c847d048a1b295c1ebafa0b0ceb5afd08d46552dbaea76001b9af172dd2e5f8,0.031172676,23,,false
hard_200,6c847d048a1b295c1ebafa0b0ceb5afd08d46552dbaea76001b9af172dd2e5f8,0.040937755,24,,false
hard_200,6c847d048a1b295c1ebafa0b0ceb5afd08d46552dbaea76001b9af172dd2e5f8,0.03894861,20,,false
hard_200,6c847d048a1b295c1ebafa0b0ceb5afd08d46552dbaea76001b9af172dd2e5f8,0.029973065,14,,false
hard_200,c5be070185a0d8b0c20306e344fb852ce9b995776c8913e20aca3830a8ce83fd,0,0,,false
hard_200,c5be070185a0d8b0c20306e344fb852ce9b995776c8913e20aca3830a8ce83fd,0,0,,false
hard_200,c5be070185a0d8b0c20306e344fb852ce9b995776c8913e20aca3830a8ce83fd,0.0027348986,1,,false
hard_200,c5be070185a0d8b0c20306e344fb852ce9b995776c8913e20aca3830a8ce83fd,0.018289592,11,,false
hard_200,c5be070185a0d8b0c20306e344fb852ce9b995776c8913e20aca3830a8ce83fd,0.017549917,9,,false
hard_200,c5be070185a0d8b0c20306e344fb852ce9b995776c8913e20aca3830a8ce83fd,0.0010999582,3,,false
hard_200,c5be070185a0d8b0c20306e344fb852ce9b995776c8913e20aca3830a8ce83fd,0,0,,false
hard_200,c5be070185a0d8b0c20306e344fb852ce9b995776c8913e20aca3830a8ce83fd,0.0012623604,3,,false
hard_200,c5be070185a0d8b0c20306e344fb852ce9b995776c8913e20aca3830a8ce83fd,0.000040190516,1,,false
hard_200,c5be070185a0d8b0c20306e344fb852ce9b995776c8913e20aca3830a8ce83fd,0.00010344327,1,,false
hard_200,c5be070185a0d8b0c20306e344fb852ce9b995776c8913e20aca3830a8ce83fd,0.004730751,8,,false
hard_200,c5be070185a0d8b0c20306e344fb852ce9b995776c8913e20aca3830a8ce83fd,0,0,,false
hard_200,c5be070185a0d8b0c20306e344fb852ce9b995776c8913e20aca3830a8ce83fd,0.024914032,17,,false
hard_200,c5be070185a0d8b0c20306e344fb852ce9b995776c8913e20aca3830a8ce83fd,0.034487456,13,,false
hard_200,c5be070185a0d8b0c20306e344fb852ce9b995776c8913e20aca3830a8ce83fd,0.030640092,17,,false
hard_200,c5be070185a0d8b0c20306e344fb852ce9b995776c8913e20aca3830a8ce83fd,0.019168,13,,false
hard_200,c5be070185a0d8b0c20306e344fb852ce9b995776c8913e20aca3830a8ce83fd,0.00094494165,1,,false
hard_200,c5be070185a0d8b0c20306e344fb852ce9b995776c8913e20aca3830a8ce83fd,0.008917272,9,,false
hard_200,c5be070185a0d8b0c20306e344fb852ce9b995776c8913e20aca3830a8ce83fd,0.050840303,18,,false
hard_200,c5be070185a0d8b0c20306e344fb852ce9b995776c8913e20aca3830a8ce83fd,0,0,,false
hard_200,c5be070185a0d8b0c20306e344fb852ce9b995776c8913e20aca3830a8ce83fd,0.009347725,4,,false
hard_200,c5be070185a0d8b0c20306e344fb852ce9b995776c8913e20aca3830a8ce83fd,0.025716748,14,,false
hard_200,c5be070185a0d8b0c20306e344fb852ce9b995776c8913e20aca3830a8ce83fd,0.03247683,17,,false
hard_200,c5be070185a0d8b0c20306e344fb852ce9b995776c8913e20aca3830a8ce83fd,0.034896318,14,,false
hard_200,c5be070185a0d8b0c20306e344fb852ce9b995776c8913e20aca3830a8ce83fd,0.03544564,23,,false
hard_200,c5be070185a0d8b0c20306e344fb852ce9b995776c8913e20aca3830a8ce83fd,0.17839955,49,,false
hard_200,c5be070185a0d8b0c20306e344fb852ce9b995776c8913e20aca3830a8ce83fd,0.0221864,15,,false
hard_200,c5be070185a0d8b0c20306e344fb852ce9b995776c8913e20aca3830a8ce83fd,0.060385726,16,,false
hard_200,c5be070185a0d8b0c20306e344fb852ce9b995776c8913e20aca3830a8ce83fd,0.030054225,22,,false
hard_200,c5be070185a0d8b0c20306e344fb852ce9b995776c8913e20aca3830a8ce83fd,0.018283537,11,,false
hard_200,c5be070185a0d8b0c20306e344fb852ce9b995776c8913e20aca3830a8ce83fd,0.042575072,21,,false
hard_200,51917a47ab6f48afea144d849ead954d01188c7881b40d9130fa8d35d661a870,0.055021465,11,,false
hard_200,51917a47ab6f48afea144d849ead954d01188c7881b40d9130fa8d35d661a870,0,0,,false
hard_200,51917a47ab6f48afea144d849ead954d01188c7881b40d9130fa8d35d661a870,0,0,,false
hard_200,51917a47ab6f48afea144d849ead954d01188c7881b40d9130fa8d35d661a870,0,0,,false
hard_200,51917a47ab6f48afea144d849ead954d01188c7881b40d9130fa8d35d661a870,0,0,,false
hard_200,51917a47ab6f48afea144d849ead954d01188c7881b40d9130fa8d35d661a870,0,0,,false
hard_200,51917a47ab6f48afea144d849ead954d01188c7881b40d9130fa8d35d661a870,0,0,,false
hard_200,51917a47ab6f48afea144d849ead954d01188c7881b40d9130fa8d35d661a870,0.00021697303,1,,false
hard_200,51917a47ab6f48afea144d849ead954d01188c7881b40d9130fa8d35d661a870,0.0035474743,2,,false
hard_200,51917a47ab6f48afea144d849ead954d01188c7881b40d9130fa8d35d661a870,0.0057975915,7,,false
hard_200,51917a47ab6f48afea144d849ead954d01188c7881b40d9130fa8d35d661a870,0.00048459097,2,,false
hard_200,51917a47ab6f48afea144d849ead954d01188c7881b40d9130fa8d35d661a870,0.013412003,14,,false
hard_200,51917a47ab6f48afea144d849ead954d01188c7881b40d9130fa8d35d661a870,0.011476305,8,,false
hard_200,51917a47ab6f48afea144d849ead954d01188c7881b40d9130fa8d35d661a870,0.005360404,4,,false
hard_200,51917a47ab6f48afea144d849ead954d01188c7881b40d9130fa8d35d661a870,0.02274356,15,,false
hard_200,51917a47ab6f48afea144d849ead954d01188c7881b40d9130fa8d35d661a870,0.02041113,13,,false
hard_200,51917a47ab6f48afea144d849ead954d01188c7881b40d9130fa8d35d661a870,0.01386481,5,,false
hard_200,51917a47ab6f48afea144d849ead954d01188c7881b40d9130fa8d35d661a870,0.03537781,11,,false
hard_200,51917a47ab6f48afea144d849ead954d01188c7881b40d9130fa8d35d661a870,0.004179309,4,,false
hard_200,51917a47ab6f48afea144d849ead954d01188c7881b40d9130fa8d35d661a870,0.011587718,7,,false
hard_200,51917a47ab6f48afea144d849ead954d01188c7881b40d9130fa8d35d661a870,0.012275901,13,,false
hard_200,51917a47ab6f48afea144d849ead954d01188c7881b40d9130fa8d35d661a870,0.02576507,14,,false
hard_200,51917a47ab6f48afea144d849ead954d01188c7881b40d9130fa8d35d661a870,0.0076887566,5,,false
hard_200,51917a47ab6f48afea144d849ead954d01188c7881b40d9130fa8d35d661a870,0.045978505,18,,false
hard_200,51917a47ab6f48afea144d849ead954d01188c7881b40d9130fa8d35d661a870,0.029922543,18,,false
hard_200,51917a47ab6f48afea144d849ead954d01188c7881b40d9130fa8d35d661a870,0.02716247,15,,false
hard_200,51917a47ab6f48afea144d849ead954d01188c7881b40d9130fa8d35d661a870,0.08070192,21,,false
hard_200,51917a47ab6f48afea144d849ead954d01188c7881b40d9130fa8d35d661a870,0.03732885,18,,false
hard_200,51917a47ab6f48afea144d849ead954d01188c7881b40d9130fa8d35d661a870,0.026501104,15,,false
hard_200,51917a47ab6f48afea144d849ead954d01188c7881b40d9130fa8d35d661a870,0.04638219,18,,false
hard_200,c991adbd4b0a9528e2d4afcaaa5aed982010b9e289f3527ae1057d50a1de5dfa,0,0,,false
hard_200,c991adbd4b0a9528e2d4afcaaa5aed982010b9e289f3527ae1057d50a1de5dfa,0,0,,false
hard_200,c991adbd4b0a9528e2d4afcaaa5aed982010b9e289f3527ae1057d50a1de5dfa,0,0,,false
hard_200,c991adbd4b0a9528e2d4afcaaa5aed982010b9e289f3527ae1057d50a1de5dfa,0,0,,false
hard_200,c991adbd4b0a9528e2d4afcaaa5aed982010b9e289f3527ae1057d50a1de5dfa,0.007002627,5,,false
hard_200,c991adbd4b0a9528e2d4afcaaa5aed982010b9e289f3527ae1057d50a1de5dfa,0.003235913,4,,false
hard_200,c991adbd4b0a9528e2d4afcaaa5aed982010b9e289f3527ae1057d50a1de5dfa,0,0,,false
hard_200,c991adbd4b0a9528e2d4afcaaa5aed982010b9e289f3527ae1057d50a1de5dfa,0,0,,false
hard_200,c991adbd4b0a9528e2d4afcaaa5aed982010b9e289f3527ae1057d50a1de5dfa,0.024218949,15,,false
hard_200,c991adbd4b0a9528e2d4afcaaa5aed982010b9e289f3527ae1057d50a1de5dfa,0.00039695742,2,,false
hard_200,c991adbd4b0a9528e2d4afcaaa5aed982010b9e289f3527ae1057d50a1de5dfa,0,0,,false
hard_200,c991adbd4b0a9528e2d4afcaaa5aed982010b9e289f3527ae1057d50a1de5dfa,0.21874826,47,,false
hard_200,c991adbd4b0a9528e2d4afcaaa5aed982010b9e289f3527ae1057d50a1de5dfa,0.004569067,6,,false
hard_200,c991adbd4b0a9528e2d4afcaaa5aed982010b9e289f3527ae1057d50a1de5dfa,0.025003433,11,,false
hard_200,c991adbd4b0a9528e2d4afcaaa5aed982010b9e289f3527ae1057d50a1de5dfa,0,0,,false
hard_200,c991adbd4b0a9528e2d4afcaaa5aed982010b9e289f3527ae1057d50a1de5dfa,0.013472923,7,,false
hard_200,c991adbd4b0a9528e2d4afcaaa5aed982010b9e289f3527ae1057d50a1de5dfa,0,0,,false
hard_200,c991adbd4b0a9528e2d4afcaaa5aed982010b9e289f3527ae1057d50a1de5dfa,0.0061088824,7,,false
hard_200,c991adbd4b0a9528e2d4afcaaa5aed982010b9e289f3527ae1057d50a1de5dfa,0.002597395,1,,false
hard_200,c991adbd4b0a9528e2d4afcaaa5aed982010b9e289f3527ae1057d50a1de5dfa,0.000745686,2,,false
hard_200,c991adbd4b0a9528e2d4afcaaa5aed982010b9e289f3527ae1057d50a1de5dfa,0.18304025,45,,false
hard_200,c991adbd4b0a9528e2d4afcaaa5aed982010b9e289f3527ae1057d50a1de5dfa,0.015707884,8,,false
hard_200,c991adbd4b0a9528e2d4afcaaa5aed982010b9e289f3527ae1057d50a1de5dfa,0.00714399,5,,false
hard_200,c991adbd4b0a9528e2d4afcaaa5aed982010b9e289f3527ae1057d50a1de5dfa,0.011082075,12,,false
hard_200,c991adbd4b0a9528e2d4afcaaa5aed982010b9e289f3527ae1057d50a1de5dfa,0.011462881,17,,false
hard_200,c991adbd4b0a9528e2d4afcaaa5aed982010b9e289f3527ae1057d50a1de5dfa,0.021063736,17,,false
hard_200,c991adbd4b0a9528e2d4afcaaa5aed982010b9e289f3527ae1057d50a1de5dfa,0.040564954,14,,false
hard_200,c991adbd4b0a9528e2d4afcaaa5aed982010b9e289f3527ae1057d50a1de5dfa,0.022832409,22,,false
hard_200,c991adbd4b0a9528e2d4afcaaa5aed982010b9e289f3527ae1057d50a1de5dfa,0.01932858,10,,false
hard_200,c991adbd4b0a9528e2d4afcaaa5aed982010b9e289f3527ae1057d50a1de5dfa,0.25648838,56,,false
hard_200,c991adbd4b0a9528e2d4afcaaa5aed982010b9e289f3527ae1057d50a1de5dfa,0.034877412,13,,false
hard_200,c991adbd4b0a9528e2d4afcaaa5aed982010b9e289f3527ae1057d50a1de5dfa,0.13320976,43,,false
hard_200,c991adbd4b0a9528e2d4afcaaa5aed982010b9e289f3527ae1057d50a1de5dfa,0.034452926,12,,false
hard_200,c991adbd4b0a9528e2d4afcaaa5aed982010b9e289f3527ae1057d50a1de5dfa,0.032806728,16,,false
hard_200,c991adbd4b0a9528e2d4afcaaa5aed982010b9e289f3527ae1057d50a1de5dfa,0.20257702,47,,false
hard_200,50f68754e94eb6c14ab930335a85094e198a5485a0a66aa98f08665256040a06,0,0,,false
hard_200,50f68754e94eb6c14ab930335a85094e198a5485a0a66aa98f08665256040a06,0.0019538945,2,,false
hard_200,50f68754e94eb6c14ab930335a85094e198a5485a0a66aa98f08665256040a06,0,0,,false
hard_200,50f68754e94eb6c14ab930335a85094e198a5485a0a66aa98f08665256040a06,0.014636646,16,,false
hard_200,50f68754e94eb6c14ab930335a85094e198a5485a0a66aa98f08665256040a06,0.023398705,11,,false
hard_200,50f68754e94eb6c14ab930335a85094e198a5485a0a66aa98f08665256040a06,0,0,,false
hard_200,50f68754e94eb6c14ab930335a85094e198a5485a0a66aa98f08665256040a06,0,0,,false
hard_200,50f68754e94eb6c14ab930335a85094e198a5485a0a66aa98f08665256040a06,0,0,,false
hard_200,50f68754e94eb6c14ab930335a85094e198a5485a0a66aa98f08665256040a06,0.0000016749478,1,,false
hard_200,50f68754e94eb6c14ab930335a85094e198a5485a0a66aa98f08665256040a06,0.02208219,6,,false
hard_200,50f68754e94eb6c14ab930335a85094e198a5485a0a66aa98f08665256040a06,0.19187874,47,,false
hard_200,50f68754e94eb6c14ab930335a85094e198a5485a0a66aa98f08665256040a06,0.043085735,11,,false
hard_200,50f68754e94eb6c14ab930335a85094e198a5485a0a66aa98f08665256040a06,0.0020853945,3,,false
hard_200,50f68754e94eb6c14ab930335a85094e198a5485a0a66aa98f08665256040a06,0.0038839192,4,,false
hard_200,50f68754e94eb6c14ab930335a85094e198a5485a0a66aa98f08665256040a06,0.02978058,15,,false
hard_200,50f68754e94eb6c14ab930335a85094e198a5485a0a66aa98f08665256040a06,0.008387177,4,,false
hard_200,50f68754e94eb6c14ab930335a85094e198a5485a0a66aa98f08665256040a06,0.02353515,12,,false
hard_200,50f68754e94eb6c14ab930335a85094e198a5485a0a66aa98f08665256040a06,0.010924283,6,,false
hard_200,50f68754e94eb6c14ab930335a85094e198a5485a0a66aa98f08665256040a06,0.009501719,8,,false
hard_200,50f68754e94eb6c14ab930335a85094e198a5485a0a66aa98f08665256040a06,0.016573088,14,,false
hard_200,50f68754e94eb6c14ab930335a85094e198a5485a0a66aa98f08665256040a06,0.009531837,6,,false
hard_200,50f68754e94eb6c14ab930335a85094e198a5485a0a66aa98f08665256040a06,0.04062939,20,,false
hard_200,50f68754e94eb6c14ab930335a85094e198a5485a0a66aa98f08665256040a06,0.024934625,16,,false
hard_200,50f68754e94eb6c14ab930335a85094e198a5485a0a66aa98f08665256040a06,0.030183004,15,,false
hard_200,50f68754e94eb6c14ab930335a85094e198a5485a0a66aa98f08665256040a06,0.010015565,6,,false
hard_200,50f68754e94eb6c14ab930335a85094e198a5485a0a66aa98f08665256040a06,0.02211105,12,,false
hard_200,50f68754e94eb6c14ab930335a85094e198a5485a0a66aa98f08665256040a06,0.052153498,15,,false
hard_200,50f68754e94eb6c14ab930335a85094e198a5485a0a66aa98f08665256040a06,0.018126423,17,,false
hard_200,50f68754e94eb6c14ab930335a85094e198a5485a0a66aa98f08665256040a06,0.03389929,19,,false
hard_200,50f68754e94eb6c14ab930335a85094e198a5485a0a66aa98f08665256040a06,0.032395266,23,,false
hard_200,50f68754e94eb6c14ab930335a85094e198a5485a0a66aa98f08665256040a06,0.010477352,9,,false
hard_200,7858a54c24eecc154646178e44808d29a22631180d02e09fac2603834b971509,0,0,,false
hard_200,7858a54c24eecc154646178e44808d29a22631180d02e09fac2603834b971509,0,0,,false
hard_200,7858a54c24eecc154646178e44808d29a22631180d02e09fac2603834b971509,0,0,,false
hard_200,7858a54c24eecc154646178e44808d29a22631180d02e09fac2603834b971509,0,0,,false
hard_200,7858a54c24eecc154646178e44808d29a22631180d02e09fac2603834b971509,0,0,,false
hard_200,7858a54c24eecc154646178e44808d29a22631180d02e09fac2603834b971509,0.013463886,3,,false
hard_200,7858a54c24eecc154646178e44808d29a22631180d02e09fac2603834b971509,0,0,,false
hard_200,7858a54c24eecc154646178e44808d29a22631180d02e09fac2603834b971509,0.0073317317,12,,false
hard_200,7858a54c24eecc154646178e44808d29a22631180d02e09fac2603834b971509,0,0,,false
hard_200,7858a54c24eecc154646178e44808d29a22631180d02e09fac2603834b971509,0.0019674932,4,,false
hard_200,7858a54c24eecc154646178e44808d29a22631180d02e09fac2603834b971509,0.018546956,14,,false
hard_200,7858a54c24eecc154646178e44808d29a22631180d02e09fac2603834b971509,0.006124202,8,,false
hard_200,7858a54c24eecc154646178e44808d29a22631180d02e09fac2603834b971509,0.011381343,6,,false
hard_200,7858a54c24eecc154646178e44808d29a22631180d02e09fac2603834b971509,0.017327365,11,,false
hard_200,7858a54c24eecc154646178e44808d29a22631180d02e09fac2603834b971509,0.00036624187,2,,false
hard_200,7858a54c24eecc154646178e44808d29a22631180d02e09fac2603834b971509,0.017593797,10,,false
hard_200,7858a54c24eecc154646178e44808d29a22631180d02e09fac2603834b971509,0.0018673108,6,,false
hard_200,7858a54c24eecc154646178e44808d29a22631180d02e09fac2603834b971509,0.02770494,6,,false
hard_200,7858a54c24eecc154646178e44808d29a22631180d02e09fac2603834b971509,0.032374572,19,,false
hard_200,7858a54c24eecc154646178e44808d29a22631180d02e09fac2603834b971509,0.015419113,10,,false
hard_200,7858a54c24eecc154646178e44808d29a22631180d02e09fac2603834b971509,0.038885187,14,,false
hard_200,7858a54c24eecc154646178e44808d29a22631180d02e09fac2603834b971509,0.042999357,27,,false
hard_200,7858a54c24eecc154646178e44808d29a22631180d02e09fac2603834b971509,0.029756237,17,,false
hard_200,7858a54c24eecc154646178e44808d29a22631180d02e09fac2603834b971509,0.024359185,11,,false
hard_200,7858a54c24eecc154646178e44808d29a22631180d02e09fac2603834b971509,0.025672728,19,,false
hard_200,7858a54c24eecc154646178e44808d29a22631180d02e09fac2603834b971509,0.039199974,14,,false
hard_200,7858a54c24eecc154646178e44808d29a22631180d02e09fac2603834b971509,0.118325695,40,,false
hard_200,7858a54c24eecc154646178e44808d29a22631180d02e09fac2603834b971509,0.045755975,18,,false
hard_200,7858a54c24eecc154646178e44808d29a22631180d02e09fac2603834b971509,0.044510897,15,,false
hard_200,7858a54c24eecc154646178e44808d29a22631180d02e09fac2603834b971509,0.016575458,5,,false
hard_200,7858a54c24eecc154646178e44808d29a22631180d02e09fac2603834b971509,0.039006207,18,,false
hard_200,484535ab343b1f85cc0153668783419670c0fdfb643b6c7621932da8313b266a,0.004159993,7,,false
hard_200,484535ab343b1f85cc0153668783419670c0fdfb643b6c7621932da8313b266a,0,0,,false
hard_200,484535ab343b1f85cc0153668783419670c0fdfb643b6c7621932da8313b266a,0.0020232974,3,,false
hard_200,484535ab343b1f85cc0153668783419670c0fdfb643b6c7621932da8313b266a,0.020902285,10,,false
hard_200,484535ab343b1f85cc0153668783419670c0fdfb643b6c7621932da8313b266a,0.002867664,1,,false
hard_200,484535ab343b1f85cc0153668783419670c0fdfb643b6c7621932da8313b266a,0,0,,false
hard_200,484535ab343b1f85cc0153668783419670c0fdfb643b6c7621932da8313b266a,0.023983227,14,,false
hard_200,484535ab343b1f85cc0153668783419670c0fdfb643b6c7621932da8313b266a,0,0,,false
hard_200,484535ab343b1f85cc0153668783419670c0fdfb643b6c7621932da8313b266a,0,0,,false
hard_200,484535ab343b1f85cc0153668783419670c0fdfb643b6c7621932da8313b266a,0.09802907,39,,false
hard_200,484535ab343b1f85cc0153668783419670c0fdfb643b6c7621932da8313b266a,0.017133247,12,,false
hard_200,484535ab343b1f85cc0153668783419670c0fdfb643b6c7621932da8313b266a,0.004768088,6,,false
hard_200,484535ab343b1f85cc0153668783419670c0fdfb643b6c7621932da8313b266a,0.024638742,21,,false
hard_200,484535ab343b1f85cc0153668783419670c0fdfb643b6c7621932da8313b266a,0.0006000886,3,,false
hard_200,484535ab343b1f85cc0153668783419670c0fdfb643b6c7621932da8313b266a,0.0037201587,5,,false
hard_200,484535ab343b1f85cc0153668783419670c0fdfb643b6c7621932da8313b266a,0.023292173,13,,false
hard_200,484535ab343b1f85cc0153668783419670c0fdfb643b6c7621932da8313b266a,0.00092449086,2,,false
hard_200,484535ab343b1f85cc0153668783419670c0fdfb643b6c7621932da8313b266a,0.004043119,6,,false
hard_200,484535ab343b1f85cc0153668783419670c0fdfb643b6c7621932da8313b266a,0.010413892,8,,false
hard_200,484535ab343b1f85cc0153668783419670c0fdfb643b6c7621932da8313b266a,0.04074575,14,,false
hard_200,484535ab343b1f85cc0153668783419670c0fdfb643b6c7621932da8313b266a,0.014758981,12,,false
hard_200,484535ab343b1f85cc0153668783419670c0fdfb643b6c7621932da8313b266a,0.02176444,14,,false
hard_200,484535ab343b1f85cc0153668783419670c0fdfb643b6c7621932da8313b266a,0.0107902335,7,,false
hard_200,484535ab343b1f85cc0153668783419670c0fdfb643b6c7621932da8313b266a,0.012621151,12,,false
hard_200,484535ab343b1f85cc0153668783419670c0fdfb643b6c7621932da8313b266a,0.028779026,17,,false
hard_200,484535ab343b1f85cc0153668783419670c0fdfb643b6c7621932da8313b266a,0.15214281,42,,false
hard_200,484535ab343b1f85cc0153668783419670c0fdfb643b6c7621932da8313b266a,0.00009038176,2,,false
hard_200,484535ab343b1f85cc0153668783419670c0fdfb643b6c7621932da8313b266a,0.030320175,19,,false
hard_200,484535ab343b1f85cc0153668783419670c0fdfb643b6c7621932da8313b266a,0.12513843,42,,false
hard_200,484535ab343b1f85cc0153668783419670c0fdfb643b6c7621932da8313b266a,0.02676632,14,,false
hard_200,484535ab343b1f85cc0153668783419670c0fdfb643b6c7621932da8313b266a,0.027224198,22,,false
hard_200,484535ab343b1f85cc0153668783419670c0fdfb643b6c7621932da8313b266a,0.02936707,20,,false
hard_200,484535ab343b1f85cc0153668783419670c0fdfb643b6c7621932da8313b266a,0.047379248,20,,false
hard_200,484535ab343b1f85cc0153668783419670c0fdfb643b6c7621932da8313b266a,0.043587066,18,,false
hard_200,484535ab343b1f85cc0153668783419670c0fdfb643b6c7621932da8313b266a,0.03579795,22,,false
hard_200,ae4a8e20374f6e2f217d0822166a6d1bae7212ae319377b075ee22ec44a27db0,0,0,,true
hard_200,ae4a8e20374f6e2f217d0822166a6d1bae7212ae319377b075ee22ec44a27db0,0,0,,true
hard_200,ae4a8e20374f6e2f217d0822166a6d1bae7212ae319377b075ee22ec44a27db0,0,0,,true
hard_200,ae4a8e20374f6e2f217d0822166a6d1bae7212ae319377b075ee22ec44a27db0,0.00028816456,2,,true
hard_200,ae4a8e20374f6e2f217d0822166a6d1bae7212ae319377b075ee22ec44a27db0,0.006404288,7,,true
hard_200,ae4a8e20374f6e2f217d0822166a6d1bae7212ae319377b075ee22ec44a27db0,0,0,,true
hard_200,ae4a8e20374f6e2f217d0822166a6d1bae7212ae319377b075ee22ec44a27db0,0,0,,true
hard_200,ae4a8e20374f6e2f217d0822166a6d1bae7212ae319377b075ee22ec44a27db0,0,0,,true
hard_200,ae4a8e20374f6e2f217d0822166a6d1bae7212ae319377b075ee22ec44a27db0,0,0,,true
hard_200,ae4a8e20374f6e2f217d0822166a6d1bae7212ae319377b075ee22ec44a27db0,0.026139647,17,,true
hard_200,ae4a8e20374f6e2f217d0822166a6d1bae7212ae319377b075ee22ec44a27db0,0.008465529,2,,true
hard_200,ae4a8e20374f6e2f217d0822166a6d1bae7212ae319377b075ee22ec44a27db0,0,0,,false
hard_200,ae4a8e20374f6e2f217d0822166a6d1bae7212ae319377b075ee22ec44a27db0,0.02435419,16,,true
hard_200,ae4a8e20374f6e2f217d0822166a6d1bae7212ae319377b075ee22ec44a27db0,0.0034943253,4,,true
hard_200,ae4a8e20374f6e2f217d0822166a6d1bae7212ae319377b075ee22ec44a27db0,0.0058933147,9,,true
hard_200,ae4a8e20374f6e2f217d0822166a6d1bae7212ae319377b075ee22ec44a27db0,0,0,,false
hard_200,ae4a8e20374f6e2f217d0822166a6d1bae7212ae319377b075ee22ec44a27db0,0.000015220012,1,,false
hard_200,ae4a8e20374f6e2f217d0822166a6d1bae7212ae319377b075ee22ec44a27db0,0,0,,true
hard_200,ae4a8e20374f6e2f217d0822166a6d1bae7212ae319377b075ee22ec44a27db0,0.011104257,11,,false
hard_200,ae4a8e20374f6e2f217d0822166a6d1bae7212ae319377b075ee22ec44a27db0,0.00825362,6,,true
hard_200,ae4a8e20374f6e2f217d0822166a6d1bae7212ae319377b075ee22ec44a27db0,0.015022588,13,,true
hard_200,ae4a8e20374f6e2f217d0822166a6d1bae7212ae319377b075ee22ec44a27db0,0.034272227,16,,true
hard_200,ae4a8e20374f6e2f217d0822166a6d1bae7212ae319377b075ee22ec44a27db0,0.05025713,22,,true
hard_200,ae4a8e20374f6e2f217d0822166a6d1bae7212ae319377b075ee22ec44a27db0,0.003265416,2,,true
hard_200,ae4a8e20374f6e2f217d0822166a6d1bae7212ae319377b075ee22ec44a27db0,0.0205377,13,,true
hard_200,ae4a8e20374f6e2f217d0822166a6d1bae7212ae319377b075ee22ec44a27db0,0.02721485,10,,true
hard_200,ae4a8e20374f6e2f217d0822166a6d1bae7212ae319377b075ee22ec44a27db0,0.043696698,20,,true
hard_200,ae4a8e20374f6e2f217d0822166a6d1bae7212ae319377b075ee22ec44a27db0,0.026432944,15,,true
hard_200,ae4a8e20374f6e2f217d0822166a6d1bae7212ae319377b075ee22ec44a27db0,0.023863303,8,,true
hard_200,ae4a8e20374f6e2f217d0822166a6d1bae7212ae319377b075ee22ec44a27db0,0.16882636,50,,false
hard_200,ae4a8e20374f6e2f217d0822166a6d1bae7212ae319377b075ee22ec44a27db0,0.062094837,19,,true
hard_200,7379a82a5e665ad89ef66b40b2dc86988a526d9a1b44b5d71185744dd9859bbf,0.002664205,3,,false
hard_200,7379a82a5e665ad89ef66b40b2dc86988a526d9a1b44b5d71185744dd9859bbf,0.0013767205,2,,false
hard_200,7379a82a5e665ad89ef66b40b2dc86988a526d9a1b44b5d71185744dd9859bbf,0.0004789002,1,,false
hard_200,7379a82a5e665ad89ef66b40b2dc86988a526d9a1b44b5d71185744dd9859bbf,0.006075349,9,,false
hard_200,7379a82a5e665ad89ef66b40b2dc86988a526d9a1b44b5d71185744dd9859bbf,0,0,,false
hard_200,7379a82a5e665ad89ef66b40b2dc86988a526d9a1b44b5d71185744dd9859bbf,0.03721406,17,,false
hard_200,7379a82a5e665ad89ef66b40b2dc86988a526d9a1b44b5d71185744dd9859bbf,0.0040242076,6,,false
hard_200,7379a82a5e665ad89ef66b40b2dc86988a526d9a1b44b5d71185744dd9859bbf,0.011711722,3,,false
hard_200,7379a82a5e665ad89ef66b40b2dc86988a526d9a1b44b5d71185744dd9859bbf,0.043795973,13,,false
hard_200,7379a82a5e665ad89ef66b40b2dc86988a526d9a1b44b5d71185744dd9859bbf,0.013004528,9,,false
hard_200,7379a82a5e665ad89ef66b40b2dc86988a526d9a1b44b5d71185744dd9859bbf,0.023718461,17,,false
hard_200,7379a82a5e665ad89ef66b40b2dc86988a526d9a1b44b5d71185744dd9859bbf,0.017416257,14,,false
hard_200,7379a82a5e665ad89ef66b40b2dc86988a526d9a1b44b5d71185744dd9859bbf,0.023880968,11,,false
hard_200,7379a82a5e665ad89ef66b40b2dc86988a526d9a1b44b5d71185744dd9859bbf,0.0046288352,6,,false
hard_200,7379a82a5e665ad89ef66b40b2dc86988a526d9a1b44b5d71185744dd9859bbf,0.025907356,12,,false
hard_200,7379a82a5e665ad89ef66b40b2dc86988a526d9a1b44b5d71185744dd9859bbf,0.018881481,6,,false
hard_200,7379a82a5e665ad89ef66b40b2dc86988a526d9a1b44b5d71185744dd9859bbf,0.0069153234,3,,false
hard_200,7379a82a5e665ad89ef66b40b2dc86988a526d9a1b44b5d71185744dd9859bbf,0.015644317,7,,false
hard_200,7379a82a5e665ad89ef66b40b2dc86988a526d9a1b44b5d71185744dd9859bbf,0.0027082807,2,,false
hard_200,7379a82a5e665ad89ef66b40b2dc86988a526d9a1b44b5d71185744dd9859bbf,0.011178767,7,,false
hard_200,7379a82a5e665ad89ef66b40b2dc86988a526d9a1b44b5d71185744dd9859bbf,0.025690664,14,,false
hard_200,7379a82a5e665ad89ef66b40b2dc86988a526d9a1b44b5d71185744dd9859bbf,0.012677825,8,,false
hard_200,7379a82a5e665ad89ef66b40b2dc86988a526d9a1b44b5d71185744dd9859bbf,0.040684003,21,,false
hard_200,7379a82a5e665ad89ef66b40b2dc86988a526d9a1b44b5d71185744dd9859bbf,0.042237543,17,,false
hard_200,7379a82a5e665ad89ef66b40b2dc86988a526d9a1b44b5d71185744dd9859bbf,0.019413205,14,,false
hard_200,7379a82a5e665ad89ef66b40b2dc86988a526d9a1b44b5d71185744dd9859bbf,0.028574625,14,,false
hard_200,7379a82a5e665ad89ef66b40b2dc86988a526d9a1b44b5d71185744dd9859bbf,0.040559284,12,,false
hard_200,7379a82a5e665ad89ef66b40b2dc86988a526d9a1b44b5d71185744dd9859bbf,0.0028370228,7,,false
hard_200,7379a82a5e665ad89ef66b40b2dc86988a526d9a1b44b5d71185744dd9859bbf,0.05222855,12,,false
hard_200,7379a82a5e665ad89ef66b40b2dc86988a526d9a1b44b5d71185744dd9859bbf,0.049560014,25,,false
hard_200,7379a82a5e665ad89ef66b40b2dc86988a526d9a1b44b5d71185744dd9859bbf,0.10790718,35,,false
hard_200,0dd020df10fe8dc31f48ececb1e730959be3df6588cc8a48d01316e4e3d3d6f7,0.03393706,12,,false
hard_200,0dd020df10fe8dc31f48ececb1e730959be3df6588cc8a48d01316e4e3d3d6f7,0,0,,false
hard_200,0dd020df10fe8dc31f48ececb1e730959be3df6588cc8a48d01316e4e3d3d6f7,0,0,,false
hard_200,0dd020df10fe8dc31f48ececb1e730959be3df6588cc8a48d01316e4e3d3d6f7,0.021812066,8,,false
hard_200,0dd020df10fe8dc31f48ececb1e730959be3df6588cc8a48d01316e4e3d3d6f7,0,0,,false
hard_200,0dd020df10fe8dc31f48ececb1e730959be3df6588cc8a48d01316e4e3d3d6f7,0.00021614933,1,,false
hard_200,0dd020df10fe8dc31f48ececb1e730959be3df6588cc8a48d01316e4e3d3d6f7,0,0,,false
hard_200,0dd020df10fe8dc31f48ececb1e730959be3df6588cc8a48d01316e4e3d3d6f7,0.002497557,4,,false
hard_200,0dd020df10fe8dc31f48ececb1e730959be3df6588cc8a48d01316e4e3d3d6f7,0.018137949,9,,false
hard_200,0dd020df10fe8dc31f48ececb1e730959be3df6588cc8a48d01316e4e3d3d6f7,0,0,,false
hard_200,0dd020df10fe8dc31f48ececb1e730959be3df6588cc8a48d01316e4e3d3d6f7,0.010919839,9,,false
hard_200,0dd020df10fe8dc31f48ececb1e730959be3df6588cc8a48d01316e4e3d3d6f7,0.004048008,6,,false
hard_200,0dd020df10fe8dc31f48ececb1e730959be3df6588cc8a48d01316e4e3d3d6f7,0.031432312,23,,false
hard_200,0dd020df10fe8dc31f48ececb1e730959be3df6588cc8a48d01316e4e3d3d6f7,0,0,,false
hard_200,0dd020df10fe8dc31f48ececb1e730959be3df6588cc8a48d01316e4e3d3d6f7,0.047321156,21,,false
hard_200,0dd020df10fe8dc31f48ececb1e730959be3df6588cc8a48d01316e4e3d3d6f7,0.026579592,14,,false
hard_200,0dd020df10fe8dc31f48ececb1e730959be3df6588cc8a48d01316e4e3d3d6f7,0.0130576035,14,,false
hard_200,0dd020df10fe8dc31f48ececb1e730959be3df6588cc8a48d01316e4e3d3d6f7,0.03476415,11,,false
hard_200,0dd020df10fe8dc31f48ececb1e730959be3df6588cc8a48d01316e4e3d3d6f7,0,0,,false
hard_200,0dd020df10fe8dc31f48ececb1e730959be3df6588cc8a48d01316e4e3d3d6f7,0.03669639,14,,false
hard_200,0dd020df10fe8dc31f48ececb1e730959be3df6588cc8a48d01316e4e3d3d6f7,0.026978362,15,,false
hard_200,0dd020df10fe8dc31f48ececb1e730959be3df6588cc8a48d01316e4e3d3d6f7,0.025032723,15,,false
hard_200,0dd020df10fe8dc31f48ececb1e730959be3df6588cc8a48d01316e4e3d3d6f7,0.025522267,18,,false
hard_200,0dd020df10fe8dc31f48ececb1e730959be3df6588cc8a48d01316e4e3d3d6f7,0.030252885,9,,false
hard_200,0dd020df10fe8dc31f48ececb1e730959be3df6588cc8a48d01316e4e3d3d6f7,0.04665155,16,,false
hard_200,0dd020df10fe8dc31f48ececb1e730959be3df6588cc8a48d01316e4e3d3d6f7,0.034900315,19,,false
hard_200,0dd020df10fe8dc31f48ececb1e730959be3df6588cc8a48d01316e4e3d3d6f7,0.014773192,9,,false
hard_200,0dd020df10fe8dc31f48ececb1e730959be3df6588cc8a48d01316e4e3d3d6f7,0.050622437,17,,false
hard_200,0dd020df10fe8dc31f48ececb1e730959be3df6588cc8a48d01316e4e3d3d6f7,0.037554044,21,,false
hard_200,0dd020df10fe8dc31f48ececb1e730959be3df6588cc8a48d01316e4e3d3d6f7,0.04883653,20,,false
hard_200,0dd020df10fe8dc31f48ececb1e730959be3df6588cc8a48d01316e4e3d3d6f7,0.14407212,48,,false
hard_200,d0121bfd23928065692f17ee1d5ded573561ab0f80319fcaa0298bd86b370ecc,0,0,,true
hard_200,d0121bfd23928065692f17ee1d5ded573561ab0f80319fcaa0298bd86b370ecc,0,0,,true
hard_200,d0121bfd23928065692f17ee1d5ded573561ab0f80319fcaa0298bd86b370ecc,0,0,,true
hard_200,d0121bfd23928065692f17ee1d5ded573561ab0f80319fcaa0298bd86b370ecc,0.004187395,2,,true
hard_200,d0121bfd23928065692f17ee1d5ded573561ab0f80319fcaa0298bd86b370ecc,0.00087461655,3,,true
hard_200,d0121bfd23928065692f17ee1d5ded573561ab0f80319fcaa0298bd86b370ecc,0.0164942,25,,true
hard_200,d0121bfd23928065692f17ee1d5ded573561ab0f80319fcaa0298bd86b370ecc,0,0,,false
hard_200,d0121bfd23928065692f17ee1d5ded573561ab0f80319fcaa0298bd86b370ecc,0.035701834,15,,true
hard_200,d0121bfd23928065692f17ee1d5ded573561ab0f80319fcaa0298bd86b370ecc,0.017544255,11,,true
hard_200,d0121bfd23928065692f17ee1d5ded573561ab0f80319fcaa0298bd86b370ecc,0.012690107,7,,true
hard_200,d0121bfd23928065692f17ee1d5ded573561ab0f80319fcaa0298bd86b370ecc,0.006975012,6,,true
hard_200,d0121bfd23928065692f17ee1d5ded573561ab0f80319fcaa0298bd86b370ecc,0,0,,true
hard_200,d0121bfd23928065692f17ee1d5ded573561ab0f80319fcaa0298bd86b370ecc,0.0036518103,6,,true
hard_200,d0121bfd23928065692f17ee1d5ded573561ab0f80319fcaa0298bd86b370ecc,0.0037443843,2,,true
hard_200,d0121bfd23928065692f17ee1d5ded573561ab0f80319fcaa0298bd86b370ecc,0.007027164,7,,true
hard_200,d0121bfd23928065692f17ee1d5ded573561ab0f80319fcaa0298bd86b370ecc,0.034285102,15,,true
hard_200,d0121bfd23928065692f17ee1d5ded573561ab0f80319fcaa0298bd86b370ecc,0.010391537,9,,true
hard_200,d0121bfd23928065692f17ee1d5ded573561ab0f80319fcaa0298bd86b370ecc,0.023550307,17,,true
hard_200,d0121bfd23928065692f17ee1d5ded573561ab0f80319fcaa0298bd86b370ecc,0.055846743,22,,true
hard_200,d0121bfd23928065692f17ee1d5ded573561ab0f80319fcaa0298bd86b370ecc,0.0046187793,5,,true
hard_200,d0121bfd23928065692f17ee1d5ded573561ab0f80319fcaa0298bd86b370ecc,0.04453317,19,,true
hard_200,d0121bfd23928065692f17ee1d5ded573561ab0f80319fcaa0298bd86b370ecc,0.038080864,22,,true
hard_200,d0121bfd23928065692f17ee1d5ded573561ab0f80319fcaa0298bd86b370ecc,0.022634298,12,,true
hard_200,d0121bfd23928065692f17ee1d5ded573561ab0f80319fcaa0298bd86b370ecc,0.043889794,21,,true
hard_200,d0121bfd23928065692f17ee1d5ded573561ab0f80319fcaa0298bd86b370ecc,0.03315949,19,,true
hard_200,d0121bfd23928065692f17ee1d5ded573561ab0f80319fcaa0298bd86b370ecc,0.015533162,10,,true
hard_200,d0121bfd23928065692f17ee1d5ded573561ab0f80319fcaa0298bd86b370ecc,0.04953704,25,,true
hard_200,d0121bfd23928065692f17ee1d5ded573561ab0f80319fcaa0298bd86b370ecc,0.12358081,39,,false
hard_200,d0121bfd23928065692f17ee1d5ded573561ab0f80319fcaa0298bd86b370ecc,0.017148938,10,,true
hard_200,d0121bfd23928065692f17ee1d5ded573561ab0f80319fcaa0298bd86b370ecc,0.02599406,15,,true
hard_200,d0121bfd23928065692f17ee1d5ded573561ab0f80319fcaa0298bd86b370ecc,0.028913375,14,,true
hard_200,cc37e40296a6688bc78d71424c06983e1fb22b8103ae4a8e454882ca0af621d2,0.00074623356,2,,false
hard_200,cc37e40296a6688bc78d71424c06983e1fb22b8103ae4a8e454882ca0af621d2,0,0,,false
hard_200,cc37e40296a6688bc78d71424c06983e1fb22b8103ae4a8e454882ca0af621d2,0,0,,false
hard_200,cc37e40296a6688bc78d71424c06983e1fb22b8103ae4a8e454882ca0af621d2,0.0007947714,3,,false
hard_200,cc37e40296a6688bc78d71424c06983e1fb22b8103ae4a8e454882ca0af621d2,0,0,,false
hard_200,cc37e40296a6688bc78d71424c06983e1fb22b8103ae4a8e454882ca0af621d2,0,0,,false
hard_200,cc37e40296a6688bc78d71424c06983e1fb22b8103ae4a8e454882ca0af621d2,0,0,,false
hard_200,cc37e40296a6688bc78d71424c06983e1fb22b8103ae4a8e454882ca0af621d2,0.0015562483,2,,false
hard_200,cc37e40296a6688bc78d71424c06983e1fb22b8103ae4a8e454882ca0af621d2,0.0067290445,6,,false
hard_200,cc37e40296a6688bc78d71424c06983e1fb22b8103ae4a8e454882ca0af621d2,0,0,,false
hard_200,cc37e40296a6688bc78d71424c06983e1fb22b8103ae4a8e454882ca0af621d2,0.0021590646,2,,false
hard_200,cc37e40296a6688bc78d71424c06983e1fb22b8103ae4a8e454882ca0af621d2,0.0027591626,1,,false
hard_200,cc37e40296a6688bc78d71424c06983e1fb22b8103ae4a8e454882ca0af621d2,0.009729954,7,,false
hard_200,cc37e40296a6688bc78d71424c06983e1fb22b8103ae4a8e454882ca0af621d2,0.20535994,53,,false
hard_200,cc37e40296a6688bc78d71424c06983e1fb22b8103ae4a8e454882ca0af621d2,0,0,,false
hard_200,cc37e40296a6688bc78d71424c06983e1fb22b8103ae4a8e454882ca0af621d2,0.012138096,16,,false
hard_200,cc37e40296a6688bc78d71424c06983e1fb22b8103ae4a8e454882ca0af621d2,0.014291867,15,,false
hard_200,cc37e40296a6688bc78d71424c06983e1fb22b8103ae4a8e454882ca0af621d2,0.018160796,6,,false
hard_200,cc37e40296a6688bc78d71424c06983e1fb22b8103ae4a8e454882ca0af621d2,0.023708733,6,,false
hard_200,cc37e40296a6688bc78d71424c06983e1fb22b8103ae4a8e454882ca0af621d2,0.04291694,19,,false
hard_200,cc37e40296a6688bc78d71424c06983e1fb22b8103ae4a8e454882ca0af621d2,0.035107885,17,,false
hard_200,cc37e40296a6688bc78d71424c06983e1fb22b8103ae4a8e454882ca0af621d2,0.010907202,7,,false
hard_200,cc37e40296a6688bc78d71424c06983e1fb22b8103ae4a8e454882ca0af621d2,0.025317864,10,,false
hard_200,cc37e40296a6688bc78d71424c06983e1fb22b8103ae4a8e454882ca0af621d2,0.013630815,9,,false
hard_200,cc37e40296a6688bc78d71424c06983e1fb22b8103ae4a8e454882ca0af621d2,0.033982858,17,,false
hard_200,cc37e40296a6688bc78d71424c06983e1fb22b8103ae4a8e454882ca0af621d2,0.02470448,16,,false
hard_200,cc37e40296a6688bc78d71424c06983e1fb22b8103ae4a8e454882ca0af621d2,0.00709413,7,,false
hard_200,cc37e40296a6688bc78d71424c06983e1fb22b8103ae4a8e454882ca0af621d2,0.042479772,20,,false
hard_200,cc37e40296a6688bc78d71424c06983e1fb22b8103ae4a8e454882ca0af621d2,0.035232063,19,,false
hard_200,cc37e40296a6688bc78d71424c06983e1fb22b8103ae4a8e454882ca0af621d2,0.03515021,16,,false
hard_200,80c704219a65cbdbd00f25d66f1df7d1c5c97932cde8e4d7a1fc043e3ac7d655,0,0,,false
hard_200,80c704219a65cbdbd00f25d66f1df7d1c5c97932cde8e4d7a1fc043e3ac7d655,0,0,,false
hard_200,80c704219a65cbdbd00f25d66f1df7d1c5c97932cde8e4d7a1fc043e3ac7d655,0.0038233274,2,,false
hard_200,80c704219a65cbdbd00f25d66f1df7d1c5c97932cde8e4d7a1fc043e3ac7d655,0,0,,false
hard_200,80c704219a65cbdbd00f25d66f1df7d1c5c97932cde8e4d7a1fc043e3ac7d655,0.03256625,10,,false
hard_200,80c704219a65cbdbd00f25d66f1df7d1c5c97932cde8e4d7a1fc043e3ac7d655,0.011505461,10,,false
hard_200,80c704219a65cbdbd00f25d66f1df7d1c5c97932cde8e4d7a1fc043e3ac7d655,0.003186288,7,,false
hard_200,80c704219a65cbdbd00f25d66f1df7d1c5c97932cde8e4d7a1fc043e3ac7d655,0,0,,false
hard_200,80c704219a65cbdbd00f25d66f1df7d1c5c97932cde8e4d7a1fc043e3ac7d655,0.0007582848,1,,false
hard_200,80c704219a65cbdbd00f25d66f1df7d1c5c97932cde8e4d7a1fc043e3ac7d655,0.021037223,12,,false
hard_200,80c704219a65cbdbd00f25d66f1df7d1c5c97932cde8e4d7a1fc043e3ac7d655,0.0087354025,10,,false
hard_200,80c704219a65cbdbd00f25d66f1df7d1c5c97932cde8e4d7a1fc043e3ac7d655,0,0,,false
hard_200,80c704219a65cbdbd00f25d66f1df7d1c5c97932cde8e4d7a1fc043e3ac7d655,0.0070525785,6,,false
hard_200,80c704219a65cbdbd00f25d66f1df7d1c5c97932cde8e4d7a1fc043e3ac7d655,0.01459793,8,,false
hard_200,80c704219a65cbdbd00f25d66f1df7d1c5c97932cde8e4d7a1fc043e3ac7d655,0.03214487,13,,false
hard_200,80c704219a65cbdbd00f25d66f1df7d1c5c97932cde8e4d7a1fc043e3ac7d655,0.006668918,3,,false
hard_200,80c704219a65cbdbd00f25d66f1df7d1c5c97932cde8e4d7a1fc043e3ac7d655,0.002671758,5,,false
hard_200,80c704219a65cbdbd00f25d66f1df7d1c5c97932cde8e4d7a1fc043e3ac7d655,0.026651507,18,,false
hard_200,80c704219a65cbdbd00f25d66f1df7d1c5c97932cde8e4d7a1fc043e3ac7d655,0.013870674,10,,false
hard_200,80c704219a65cbdbd00f25d66f1df7d1c5c97932cde8e4d7a1fc043e3ac7d655,0.028404066,26,,false
hard_200,80c704219a65cbdbd00f25d66f1df7d1c5c97932cde8e4d7a1fc043e3ac7d655,0.030084709,19,,false
hard_200,80c704219a65cbdbd00f25d66f1df7d1c5c97932cde8e4d7a1fc043e3ac7d655,0.046036016,21,,false
hard_200,80c704219a65cbdbd00f25d66f1df7d1c5c97932cde8e4d7a1fc043e3ac7d655,0.044937395,28,,false
hard_200,80c704219a65cbdbd00f25d66f1df7d1c5c97932cde8e4d7a1fc043e3ac7d655,0.029877046,21,,false
hard_200,80c704219a65cbdbd00f25d66f1df7d1c5c97932cde8e4d7a1fc043e3ac7d655,0.017160848,10,,false
hard_200,80c704219a65cbdbd00f25d66f1df7d1c5c97932cde8e4d7a1fc043e3ac7d655,0.015134461,13,,false
hard_200,80c704219a65cbdbd00f25d66f1df7d1c5c97932cde8e4d7a1fc043e3ac7d655,0.03041395,20,,false
hard_200,80c704219a65cbdbd00f25d66f1df7d1c5c97932cde8e4d7a1fc043e3ac7d655,0.028674671,9,,false
hard_200,80c704219a65cbdbd00f25d66f1df7d1c5c97932cde8e4d7a1fc043e3ac7d655,0.24285756,51,,false
hard_200,80c704219a65cbdbd00f25d66f1df7d1c5c97932cde8e4d7a1fc043e3ac7d655,0.03228415,12,,false
hard_200,341806901f3918f9745f09e6986bdfa6853b19eb9d8fb410f5f87358e8e5b149,0,0,,false
hard_200,341806901f3918f9745f09e6986bdfa6853b19eb9d8fb410f5f87358e8e5b149,0,0,,false
hard_200,341806901f3918f9745f09e6986bdfa6853b19eb9d8fb410f5f87358e8e5b149,0,0,,false
hard_200,341806901f3918f9745f09e6986bdfa6853b19eb9d8fb410f5f87358e8e5b149,0,0,,false
hard_200,341806901f3918f9745f09e6986bdfa6853b19eb9d8fb410f5f87358e8e5b149,0,0,,false
hard_200,341806901f3918f9745f09e6986bdfa6853b19eb9d8fb410f5f87358e8e5b149,0.017393883,12,,false
hard_200,341806901f3918f9745f09e6986bdfa6853b19eb9d8fb410f5f87358e8e5b149,0.0016133088,1,,false
hard_200,341806901f3918f9745f09e6986bdfa6853b19eb9d8fb410f5f87358e8e5b149,0.009611585,7,,false
hard_200,341806901f3918f9745f09e6986bdfa6853b19eb9d8fb410f5f87358e8e5b149,0,0,,false
hard_200,341806901f3918f9745f09e6986bdfa6853b19eb9d8fb410f5f87358e8e5b149,0,0,,false
hard_200,341806901f3918f9745f09e6986bdfa6853b19eb9d8fb410f5f87358e8e5b149,0.004750933,6,,false
hard_200,341806901f3918f9745f09e6986bdfa6853b19eb9d8fb410f5f87358e8e5b149,0.0018260975,1,,false
hard_200,341806901f3918f9745f09e6986bdfa6853b19eb9d8fb410f5f87358e8e5b149,0.0012155541,1,,false
hard_200,341806901f3918f9745f09e6986bdfa6853b19eb9d8fb410f5f87358e8e5b149,0.027951088,13,,false
hard_200,341806901f3918f9745f09e6986bdfa6853b19eb9d8fb410f5f87358e8e5b149,0,0,,false
hard_200,341806901f3918f9745f09e6986bdfa6853b19eb9d8fb410f5f87358e8e5b149,0.0032561324,2,,false
hard_200,341806901f3918f9745f09e6986bdfa6853b19eb9d8fb410f5f87358e8e5b149,0.02512956,10,,false
hard_200,341806901f3918f9745f09e6986bdfa6853b19eb9d8fb410f5f87358e8e5b149,0.04086546,18,,false
hard_200,341806901f3918f9745f09e6986bdfa6853b19eb9d8fb410f5f87358e8e5b149,0.04303003,11,,false
hard_200,341806901f3918f9745f09e6986bdfa6853b19eb9d8fb410f5f87358e8e5b149,0.0073961816,3,,false
hard_200,341806901f3918f9745f09e6986bdfa6853b19eb9d8fb410f5f87358e8e5b149,0.02350873,10,,false
hard_200,341806901f3918f9745f09e6986bdfa6853b19eb9d8fb410f5f87358e8e5b149,0.042636767,22,,false
hard_200,341806901f3918f9745f09e6986bdfa6853b19eb9d8fb410f5f87358e8e5b149,0.0097349975,4,,false
hard_200,341806901f3918f9745f09e6986bdfa6853b19eb9d8fb410f5f87358e8e5b149,0,0,,false
hard_200,341806901f3918f9745f09e6986bdfa6853b19eb9d8fb410f5f87358e8e5b149,0.013953734,13,,false
hard_200,341806901f3918f9745f09e6986bdfa6853b19eb9d8fb410f5f87358e8e5b149,0.0068159644,9,,false
hard_200,341806901f3918f9745f09e6986bdfa6853b19eb9d8fb410f5f87358e8e5b149,0.047826473,21,,false
hard_200,341806901f3918f9745f09e6986bdfa6853b19eb9d8fb410f5f87358e8e5b149,0.017251868,15,,false
hard_200,341806901f3918f9745f09e6986bdfa6853b19eb9d8fb410f5f87358e8e5b149,0.03888431,16,,false
hard_200,341806901f3918f9745f09e6986bdfa6853b19eb9d8fb410f5f87358e8e5b149,0.035153866,18,,false
hard_200,eef52f5b2f63fbf475d14519609be284a1ca172d532473610b66e0bd5aadd86d,0,0,,true
hard_200,eef52f5b2f63fbf475d14519609be284a1ca172d532473610b66e0bd5aadd86d,0,0,,true
hard_200,eef52f5b2f63fbf475d14519609be284a1ca172d532473610b66e0bd5aadd86d,0.008193848,12,,true
hard_200,eef52f5b2f63fbf475d14519609be284a1ca172d532473610b66e0bd5aadd86d,0.0076054446,7,,true
hard_200,eef52f5b2f63fbf475d14519609be284a1ca172d532473610b66e0bd5aadd86d,0.0027812112,4,,true
hard_200,eef52f5b2f63fbf475d14519609be284a1ca172d532473610b66e0bd5aadd86d,0,0,,true
hard_200,eef52f5b2f63fbf475d14519609be284a1ca172d532473610b66e0bd5aadd86d,0,0,,true
hard_200,eef52f5b2f63fbf475d14519609be284a1ca172d532473610b66e0bd5aadd86d,0.047177184,15,,true
hard_200,eef52f5b2f63fbf475d14519609be284a1ca172d532473610b66e0bd5aadd86d,0.001784439,5,,true
hard_200,eef52f5b2f63fbf475d14519609be284a1ca172d532473610b66e0bd5aadd86d,0.0008765014,1,,true
hard_200,eef52f5b2f63fbf475d14519609be284a1ca172d532473610b66e0bd5aadd86d,0.000016463324,1,,true
hard_200,eef52f5b2f63fbf475d14519609be284a1ca172d532473610b66e0bd5aadd86d,0,0,,true
hard_200,eef52f5b2f63fbf475d14519609be284a1ca172d532473610b66e0bd5aadd86d,0.035714466,23,,true
hard_200,eef52f5b2f63fbf475d14519609be284a1ca172d532473610b66e0bd5aadd86d,0.005362664,8,,true
hard_200,eef52f5b2f63fbf475d14519609be284a1ca172d532473610b66e0bd5aadd86d,0.057554077,18,,true
hard_200,eef52f5b2f63fbf475d14519609be284a1ca172d532473610b66e0bd5aadd86d,0.0027742912,2,,true
hard_200,eef52f5b2f63fbf475d14519609be284a1ca172d532473610b66e0bd5aadd86d,0.0018431947,5,,true
hard_200,eef52f5b2f63fbf475d14519609be284a1ca172d532473610b66e0bd5aadd86d,0.024789844,25,,true
hard_200,eef52f5b2f63fbf475d14519609be284a1ca172d532473610b66e0bd5aadd86d,0.01718738,9,,true
hard_200,eef52f5b2f63fbf475d14519609be284a1ca172d532473610b66e0bd5aadd86d,0.0009693721,3,,true
hard_200,eef52f5b2f63fbf475d14519609be284a1ca172d532473610b66e0bd5aadd86d,0.0048261806,7,,true
hard_200,eef52f5b2f63fbf475d14519609be284a1ca172d532473610b66e0bd5aadd86d,0.03481745,17,,true
hard_200,eef52f5b2f63fbf475d14519609be284a1ca172d532473610b66e0bd5aadd86d,0.33003238,64,,false
hard_200,eef52f5b2f63fbf475d14519609be284a1ca172d532473610b66e0bd5aadd86d,0.003285862,6,,true
hard_200,eef52f5b2f63fbf475d14519609be284a1ca172d532473610b66e0bd5aadd86d,0.0012320579,6,,false
hard_200,eef52f5b2f63fbf475d14519609be284a1ca172d532473610b66e0bd5aadd86d,0.012901296,11,,false
hard_200,eef52f5b2f63fbf475d14519609be284a1ca172d532473610b66e0bd5aadd86d,0.018165473,10,,true
hard_200,eef52f5b2f63fbf475d14519609be284a1ca172d532473610b66e0bd5aadd86d,0.047753,19,,true
hard_200,eef52f5b2f63fbf475d14519609be284a1ca172d532473610b66e0bd5aadd86d,0.056713797,16,,true
hard_200,eef52f5b2f63fbf475d14519609be284a1ca172d532473610b66e0bd5aadd86d,0.027442405,17,,true
hard_200,eef52f5b2f63fbf475d14519609be284a1ca172d532473610b66e0bd5aadd86d,0.028008956,18,,true
hard_200,b8f28ca8e358a2efa67e920230dcf742c6425e2b4cff9fba645d047fd94fcb2e,0,0,,false
hard_200,b8f28ca8e358a2efa67e920230dcf742c6425e2b4cff9fba645d047fd94fcb2e,0,0,,false
hard_200,b8f28ca8e358a2efa67e920230dcf742c6425e2b4cff9fba645d047fd94fcb2e,0.00028569004,1,,false
hard_200,b8f28ca8e358a2efa67e920230dcf742c6425e2b4cff9fba645d047fd94fcb2e,0,0,,false
hard_200,b8f28ca8e358a2efa67e920230dcf742c6425e2b4cff9fba645d047fd94fcb2e,0.0038906184,1,,false
hard_200,b8f28ca8e358a2efa67e920230dcf742c6425e2b4cff9fba645d047fd94fcb2e,0,0,,false
hard_200,b8f28ca8e358a2efa67e920230dcf742c6425e2b4cff9fba645d047fd94fcb2e,0,0,,false
hard_200,b8f28ca8e358a2efa67e920230dcf742c6425e2b4cff9fba645d047fd94fcb2e,0,0,,false
hard_200,b8f28ca8e358a2efa67e920230dcf742c6425e2b4cff9fba645d047fd94fcb2e,0.008795608,7,,false
hard_200,b8f28ca8e358a2efa67e920230dcf742c6425e2b4cff9fba645d047fd94fcb2e,0.0013916617,2,,false
hard_200,b8f28ca8e358a2efa67e920230dcf742c6425e2b4cff9fba645d047fd94fcb2e,0,0,,false
hard_200,b8f28ca8e358a2efa67e920230dcf742c6425e2b4cff9fba645d047fd94fcb2e,0.00048075165,2,,false
hard_200,b8f28ca8e358a2efa67e920230dcf742c6425e2b4cff9fba645d047fd94fcb2e,0.022318082,11,,false
hard_200,b8f28ca8e358a2efa67e920230dcf742c6425e2b4cff9fba645d047fd94fcb2e,0.0319239,8,,false
hard_200,b8f28ca8e358a2efa67e920230dcf742c6425e2b4cff9fba645d047fd94fcb2e,0.009169457,12,,false
hard_200,b8f28ca8e358a2efa67e920230dcf742c6425e2b4cff9fba645d047fd94fcb2e,0.0133836465,5,,false
hard_200,b8f28ca8e358a2efa67e920230dcf742c6425e2b4cff9fba645d047fd94fcb2e,0.025521347,19,,false
hard_200,b8f28ca8e358a2efa67e920230dcf742c6425e2b4cff9fba645d047fd94fcb2e,0.0028951666,4,,false
hard_200,b8f28ca8e358a2efa67e920230dcf742c6425e2b4cff9fba645d047fd94fcb2e,0.016334556,18,,false
hard_200,b8f28ca8e358a2efa67e920230dcf742c6425e2b4cff9fba645d047fd94fcb2e,0.036341354,12,,false
hard_200,b8f28ca8e358a2efa67e920230dcf742c6425e2b4cff9fba645d047fd94fcb2e,0.008875384,8,,false
hard_200,b8f28ca8e358a2efa67e920230dcf742c6425e2b4cff9fba645d047fd94fcb2e,0.029974679,13,,false
hard_200,b8f28ca8e358a2efa67e920230dcf742c6425e2b4cff9fba645d047fd94fcb2e,0.047542978,19,,false
hard_200,b8f28ca8e358a2efa67e920230dcf742c6425e2b4cff9fba645d047fd94fcb2e,0.039156448,21,,false
hard_200,b8f28ca8e358a2efa67e920230dcf742c6425e2b4cff9fba645d047fd94fcb2e,0.0376567,18,,false
hard_200,b8f28ca8e358a2efa67e920230dcf742c6425e2b4cff9fba645d047fd94fcb2e,0.17991771,48,,false
hard_200,b8f28ca8e358a2efa67e920230dcf742c6425e2b4cff9fba645d047fd94fcb2e,0.022462904,11,,false
hard_200,b8f28ca8e358a2efa67e920230dcf742c6425e2b4cff9fba645d047fd94fcb2e,0.14931157,45,,false
hard_200,b8f28ca8e358a2efa67e920230dcf742c6425e2b4cff9fba645d047fd94fcb2e,0.043892067,19,,false
hard_200,b8f28ca8e358a2efa67e920230dcf742c6425e2b4cff9fba645d047fd94fcb2e,0.03172106,12,,false
hard_200,b8f28ca8e358a2efa67e920230dcf742c6425e2b4cff9fba645d047fd94fcb2e,0.031924155,18,,false
hard_200,b8f28ca8e358a2efa67e920230dcf742c6425e2b4cff9fba645d047fd94fcb2e,0.037054006,17,,false
hard_200,b8f28ca8e358a2efa67e920230dcf742c6425e2b4cff9fba645d047fd94fcb2e,0.046186432,16,,false
hard_200,efcc55bc7237919a4a995ccbec27960002510e4ab37f928e1b9bb95fd1f9778d,0,0,,false
hard_200,efcc55bc7237919a4a995ccbec27960002510e4ab37f928e1b9bb95fd1f9778d,0,0,,false
hard_200,efcc55bc7237919a4a995ccbec27960002510e4ab37f928e1b9bb95fd1f9778d,0,0,,false
hard_200,efcc55bc7237919a4a995ccbec27960002510e4ab37f928e1b9bb95fd1f9778d,0,0,,false
hard_200,efcc55bc7237919a4a995ccbec27960002510e4ab37f928e1b9bb95fd1f9778d,0.0041406546,2,,false
hard_200,efcc55bc7237919a4a995ccbec27960002510e4ab37f928e1b9bb95fd1f9778d,0,0,,false
hard_200,efcc55bc7237919a4a995ccbec27960002510e4ab37f928e1b9bb95fd1f9778d,0.006570696,8,,false
hard_200,efcc55bc7237919a4a995ccbec27960002510e4ab37f928e1b9bb95fd1f9778d,0.012051359,11,,false
hard_200,efcc55bc7237919a4a995ccbec27960002510e4ab37f928e1b9bb95fd1f9778d,0.005072148,2,,false
hard_200,efcc55bc7237919a4a995ccbec27960002510e4ab37f928e1b9bb95fd1f9778d,0,0,,false
hard_200,efcc55bc7237919a4a995ccbec27960002510e4ab37f928e1b9bb95fd1f9778d,0.00009021204,1,,false
hard_200,efcc55bc7237919a4a995ccbec27960002510e4ab37f928e1b9bb95fd1f9778d,0.00664461,2,,false
hard_200,efcc55bc7237919a4a995ccbec27960002510e4ab37f928e1b9bb95fd1f9778d,0.026416615,11,,false
hard_200,efcc55bc7237919a4a995ccbec27960002510e4ab37f928e1b9bb95fd1f9778d,0.03827574,15,,false
hard_200,efcc55bc7237919a4a995ccbec27960002510e4ab37f928e1b9bb95fd1f9778d,0.0028208424,5,,false
hard_200,efcc55bc7237919a4a995ccbec27960002510e4ab37f928e1b9bb95fd1f9778d,0.027017139,16,,false
hard_200,efcc55bc7237919a4a995ccbec27960002510e4ab37f928e1b9bb95fd1f9778d,0.0046127783,5,,false
hard_200,efcc55bc7237919a4a995ccbec27960002510e4ab37f928e1b9bb95fd1f9778d,0.032738823,9,,false
hard_200,efcc55bc7237919a4a995ccbec27960002510e4ab37f928e1b9bb95fd1f9778d,0.0059196614,4,,false
hard_200,efcc55bc7237919a4a995ccbec27960002510e4ab37f928e1b9bb95fd1f9778d,0.04145986,9,,false
hard_200,efcc55bc7237919a4a995ccbec27960002510e4ab37f928e1b9bb95fd1f9778d,0.0055864323,3,,false
hard_200,efcc55bc7237919a4a995ccbec27960002510e4ab37f928e1b9bb95fd1f9778d,0.056876946,19,,false
hard_200,efcc55bc7237919a4a995ccbec27960002510e4ab37f928e1b9bb95fd1f9778d,0.007398181,5,,false
hard_200,efcc55bc7237919a4a995ccbec27960002510e4ab37f928e1b9bb95fd1f9778d,0.051037002,19,,false
hard_200,efcc55bc7237919a4a995ccbec27960002510e4ab37f928e1b9bb95fd1f9778d,0.028515471,14,,false
hard_200,efcc55bc7237919a4a995ccbec27960002510e4ab37f928e1b9bb95fd1f9778d,0.035930306,15,,false
hard_200,efcc55bc7237919a4a995ccbec27960002510e4ab37f928e1b9bb95fd1f9778d,0.04226556,18,,false
hard_200,efcc55bc7237919a4a995ccbec27960002510e4ab37f928e1b9bb95fd1f9778d,0.042770535,16,,false
hard_200,efcc55bc7237919a4a995ccbec27960002510e4ab37f928e1b9bb95fd1f9778d,0.025829742,13,,false
hard_200,c602266728ff5f2677105aa66e655f35972a7f2b35894cc7873b4456f5ab86c4,0,0,,false
hard_200,c602266728ff5f2677105aa66e655f35972a7f2b35894cc7873b4456f5ab86c4,0,0,,false
hard_200,c602266728ff5f2677105aa66e655f35972a7f2b35894cc7873b4456f5ab86c4,0,0,,false
hard_200,c602266728ff5f2677105aa66e655f35972a7f2b35894cc7873b4456f5ab86c4,0.0012174192,3,,false
hard_200,c602266728ff5f2677105aa66e655f35972a7f2b35894cc7873b4456f5ab86c4,0,0,,false
hard_200,c602266728ff5f2677105aa66e655f35972a7f2b35894cc7873b4456f5ab86c4,0.005212623,12,,false
hard_200,c602266728ff5f2677105aa66e655f35972a7f2b35894cc7873b4456f5ab86c4,0.0021695173,1,,false
hard_200,c602266728ff5f2677105aa66e655f35972a7f2b35894cc7873b4456f5ab86c4,0.12893093,47,,false
hard_200,c602266728ff5f2677105aa66e655f35972a7f2b35894cc7873b4456f5ab86c4,0.005114284,5,,false
hard_200,c602266728ff5f2677105aa66e655f35972a7f2b35894cc7873b4456f5ab86c4,0,0,,false
hard_200,c602266728ff5f2677105aa66e655f35972a7f2b35894cc7873b4456f5ab86c4,0,0,,false
hard_200,c602266728ff5f2677105aa66e655f35972a7f2b35894cc7873b4456f5ab86c4,0.0077950605,4,,false
hard_200,c602266728ff5f2677105aa66e655f35972a7f2b35894cc7873b4456f5ab86c4,0.026473105,13,,false
hard_200,c602266728ff5f2677105aa66e655f35972a7f2b35894cc7873b4456f5ab86c4,0.0015203545,9,,false
hard_200,c602266728ff5f2677105aa66e655f35972a7f2b35894cc7873b4456f5ab86c4,0.016930703,11,,false
hard_200,c602266728ff5f2677105aa66e655f35972a7f2b35894cc7873b4456f5ab86c4,0.024467265,17,,false
hard_200,c602266728ff5f2677105aa66e655f35972a7f2b35894cc7873b4456f5ab86c4,0.012815621,8,,false
hard_200,c602266728ff5f2677105aa66e655f35972a7f2b35894cc7873b4456f5ab86c4,0.015753651,9,,false
hard_200,c602266728ff5f2677105aa66e655f35972a7f2b35894cc7873b4456f5ab86c4,0.018147556,12,,false
hard_200,c602266728ff5f2677105aa66e655f35972a7f2b35894cc7873b4456f5ab86c4,0.012636917,5,,false
hard_200,c602266728ff5f2677105aa66e655f35972a7f2b35894cc7873b4456f5ab86c4,0.04390688,24,,false
hard_200,c602266728ff5f2677105aa66e655f35972a7f2b35894cc7873b4456f5ab86c4,0.022191005,15,,false
hard_200,c602266728ff5f2677105aa66e655f35972a7f2b35894cc7873b4456f5ab86c4,0.038016926,16,,false
hard_200,c602266728ff5f2677105aa66e655f35972a7f2b35894cc7873b4456f5ab86c4,0.016669936,8,,false
hard_200,c602266728ff5f2677105aa66e655f35972a7f2b35894cc7873b4456f5ab86c4,0.02894413,20,,false
hard_200,c602266728ff5f2677105aa66e655f35972a7f2b35894cc7873b4456f5ab86c4,0.024285808,11,,false
hard_200,c602266728ff5f2677105aa66e655f35972a7f2b35894cc7873b4456f5ab86c4,0.039040517,16,,false
hard_200,c602266728ff5f2677105aa66e655f35972a7f2b35894cc7873b4456f5ab86c4,0.007989706,9,,false
hard_200,c602266728ff5f2677105aa66e655f35972a7f2b35894cc7873b4456f5ab86c4,0.023921598,13,,false
hard_200,c602266728ff5f2677105aa66e655f35972a7f2b35894cc7873b4456f5ab86c4,0.020530507,19,,false
hard_200,c602266728ff5f2677105aa66e655f35972a7f2b35894cc7873b4456f5ab86c4,0.028686658,15,,false
hard_200,d7db95fce06d9f8fa5b328405bb90579f30ddb87e85dd88acb1fa8cd71d282ee,0,0,,false
hard_200,d7db95fce06d9f8fa5b328405bb90579f30ddb87e85dd88acb1fa8cd71d282ee,0.0031015053,1,,false
hard_200,d7db95fce06d9f8fa5b328405bb90579f30ddb87e85dd88acb1fa8cd71d282ee,0,0,,false
hard_200,d7db95fce06d9f8fa5b328405bb90579f30ddb87e85dd88acb1fa8cd71d282ee,0.014936162,21,,false
hard_200,d7db95fce06d9f8fa5b328405bb90579f30ddb87e85dd88acb1fa8cd71d282ee,0.0023311642,3,,false
hard_200,d7db95fce06d9f8fa5b328405bb90579f30ddb87e85dd88acb1fa8cd71d282ee,0.039238572,17,,false
hard_200,d7db95fce06d9f8fa5b328405bb90579f30ddb87e85dd88acb1fa8cd71d282ee,0,0,,false
hard_200,d7db95fce06d9f8fa5b328405bb90579f30ddb87e85dd88acb1fa8cd71d282ee,0.0006542043,1,,false
hard_200,d7db95fce06d9f8fa5b328405bb90579f30ddb87e85dd88acb1fa8cd71d282ee,0.00045111004,2,,false
hard_200,d7db95fce06d9f8fa5b328405bb90579f30ddb87e85dd88acb1fa8cd71d282ee,0.005310989,3,,false
hard_200,d7db95fce06d9f8fa5b328405bb90579f30ddb87e85dd88acb1fa8cd71d282ee,0,0,,false
hard_200,d7db95fce06d9f8fa5b328405bb90579f30ddb87e85dd88acb1fa8cd71d282ee,0.04041981,21,,false
hard_200,d7db95fce06d9f8fa5b328405bb90579f30ddb87e85dd88acb1fa8cd71d282ee,0.0055682547,6,,false
hard_200,d7db95fce06d9f8fa5b328405bb90579f30ddb87e85dd88acb1fa8cd71d282ee,0,0,,false
hard_200,d7db95fce06d9f8fa5b328405bb90579f30ddb87e85dd88acb1fa8cd71d282ee,0.04881318,11,,false
hard_200,d7db95fce06d9f8fa5b328405bb90579f30ddb87e85dd88acb1fa8cd71d282ee,0.00041660157,3,,false
hard_200,d7db95fce06d9f8fa5b328405bb90579f30ddb87e85dd88acb1fa8cd71d282ee,0.0016577045,3,,false
hard_200,d7db95fce06d9f8fa5b328405bb90579f30ddb87e85dd88acb1fa8cd71d282ee,0.010627855,7,,false
hard_200,d7db95fce06d9f8fa5b328405bb90579f30ddb87e85dd88acb1fa8cd71d282ee,0.02689627,17,,false
hard_200,d7db95fce06d9f8fa5b328405bb90579f30ddb87e85dd88acb1fa8cd71d282ee,0.04779652,12,,false
hard_200,d7db95fce06d9f8fa5b328405bb90579f30ddb87e85dd88acb1fa8cd71d282ee,0.0063350922,8,,false
hard_200,d7db95fce06d9f8fa5b328405bb90579f30ddb87e85dd88acb1fa8cd71d282ee,0.07730572,38,,false
hard_200,d7db95fce06d9f8fa5b328405bb90579f30ddb87e85dd88acb1fa8cd71d282ee,0.0408651,25,,false
hard_200,d7db95fce06d9f8fa5b328405bb90579f30ddb87e85dd88acb1fa8cd71d282ee,0.023500998,14,,false
hard_200,d7db95fce06d9f8fa5b328405bb90579f30ddb87e85dd88acb1fa8cd71d282ee,0.046600603,22,,false
hard_200,d7db95fce06d9f8fa5b328405bb90579f30ddb87e85dd88acb1fa8cd71d282ee,0.010390172,9,,false
hard_200,d7db95fce06d9f8fa5b328405bb90579f30ddb87e85dd88acb1fa8cd71d282ee,0.033907186,14,,false
hard_200,d7db95fce06d9f8fa5b328405bb90579f30ddb87e85dd88acb1fa8cd71d282ee,0.047224578,16,,false
hard_200,d7db95fce06d9f8fa5b328405bb90579f30ddb87e85dd88acb1fa8cd71d282ee,0.056024335,21,,false
hard_200,d7db95fce06d9f8fa5b328405bb90579f30ddb87e85dd88acb1fa8cd71d282ee,0.058714125,15,,false
hard_200,d7db95fce06d9f8fa5b328405bb90579f30ddb87e85dd88acb1fa8cd71d282ee,0.025189681,18,,false
hard_200,bb32cbb4d1b19b5c8027601765997a33aa11ab3f3018622bcd2839a0d77e7bf0,0,0,,true
hard_200,bb32cbb4d1b19b5c8027601765997a33aa11ab3f3018622bcd2839a0d77e7bf0,0.025792573,12,,true
hard_200,bb32cbb4d1b19b5c8027601765997a33aa11ab3f3018622bcd2839a0d77e7bf0,0.0036528294,4,,true
hard_200,bb32cbb4d1b19b5c8027601765997a33aa11ab3f3018622bcd2839a0d77e7bf0,0.015185982,11,,true
hard_200,bb32cbb4d1b19b5c8027601765997a33aa11ab3f3018622bcd2839a0d77e7bf0,0.0059274314,5,,true
hard_200,bb32cbb4d1b19b5c8027601765997a33aa11ab3f3018622bcd2839a0d77e7bf0,0,0,,true
hard_200,bb32cbb4d1b19b5c8027601765997a33aa11ab3f3018622bcd2839a0d77e7bf0,0.018045558,10,,true
hard_200,bb32cbb4d1b19b5c8027601765997a33aa11ab3f3018622bcd2839a0d77e7bf0,0.008134067,6,,false
hard_200,bb32cbb4d1b19b5c8027601765997a33aa11ab3f3018622bcd2839a0d77e7bf0,0,0,,true
hard_200,bb32cbb4d1b19b5c8027601765997a33aa11ab3f3018622bcd2839a0d77e7bf0,0.0004883091,2,,true
hard_200,bb32cbb4d1b19b5c8027601765997a33aa11ab3f3018622bcd2839a0d77e7bf0,0.0023858882,3,,true
hard_200,bb32cbb4d1b19b5c8027601765997a33aa11ab3f3018622bcd2839a0d77e7bf0,0.04652157,21,,true
hard_200,bb32cbb4d1b19b5c8027601765997a33aa11ab3f3018622bcd2839a0d77e7bf0,0.013228258,7,,true
hard_200,bb32cbb4d1b19b5c8027601765997a33aa11ab3f3018622bcd2839a0d77e7bf0,0,0,,true
hard_200,bb32cbb4d1b19b5c8027601765997a33aa11ab3f3018622bcd2839a0d77e7bf0,0.017958941,17,,true
hard_200,bb32cbb4d1b19b5c8027601765997a33aa11ab3f3018622bcd2839a0d77e7bf0,0.14292938,43,,false
hard_200,bb32cbb4d1b19b5c8027601765997a33aa11ab3f3018622bcd2839a0d77e7bf0,0.013235806,10,,true
hard_200,bb32cbb4d1b19b5c8027601765997a33aa11ab3f3018622bcd2839a0d77e7bf0,0.005388092,7,,false
hard_200,bb32cbb4d1b19b5c8027601765997a33aa11ab3f3018622bcd2839a0d77e7bf0,0.029341293,19,,true
hard_200,bb32cbb4d1b19b5c8027601765997a33aa11ab3f3018622bcd2839a0d77e7bf0,0.03926002,14,,true
hard_200,bb32cbb4d1b19b5c8027601765997a33aa11ab3f3018622bcd2839a0d77e7bf0,0.011747292,10,,true
hard_200,bb32cbb4d1b19b5c8027601765997a33aa11ab3f3018622bcd2839a0d77e7bf0,0.05086444,24,,true
hard_200,bb32cbb4d1b19b5c8027601765997a33aa11ab3f3018622bcd2839a0d77e7bf0,0.021118918,12,,false
hard_200,bb32cbb4d1b19b5c8027601765997a33aa11ab3f3018622bcd2839a0d77e7bf0,0.0126309665,12,,true
hard_200,bb32cbb4d1b19b5c8027601765997a33aa11ab3f3018622bcd2839a0d77e7bf0,0.008399815,7,,true
hard_200,bb32cbb4d1b19b5c8027601765997a33aa11ab3f3018622bcd2839a0d77e7bf0,0.013979222,14,,true
hard_200,bb32cbb4d1b19b5c8027601765997a33aa11ab3f3018622bcd2839a0d77e7bf0,0.029723493,18,,true
hard_200,bb32cbb4d1b19b5c8027601765997a33aa11ab3f3018622bcd2839a0d77e7bf0,0.032247037,12,,true
hard_200,bb32cbb4d1b19b5c8027601765997a33aa11ab3f3018622bcd2839a0d77e7bf0,0.017088186,18,,true
hard_200,bb32cbb4d1b19b5c8027601765997a33aa11ab3f3018622bcd2839a0d77e7bf0,0.007240609,7,,true
hard_200,bb32cbb4d1b19b5c8027601765997a33aa11ab3f3018622bcd2839a0d77e7bf0,0.12964272,45,,false
hard_200,7ad903257ca79cd66b1319913ae7f694164d8b3bb30916983015894fc1578517,0,0,,false
hard_200,7ad903257ca79cd66b1319913ae7f694164d8b3bb30916983015894fc1578517,0,0,,false
hard_200,7ad903257ca79cd66b1319913ae7f694164d8b3bb30916983015894fc1578517,0,0,,false
hard_200,7ad903257ca79cd66b1319913ae7f694164d8b3bb30916983015894fc1578517,0,0,,false
hard_200,7ad903257ca79cd66b1319913ae7f694164d8b3bb30916983015894fc1578517,0.008321338,5,,false
hard_200,7ad903257ca79cd66b1319913ae7f694164d8b3bb30916983015894fc1578517,0,0,,false
hard_200,7ad903257ca79cd66b1319913ae7f694164d8b3bb30916983015894fc1578517,0,0,,false
hard_200,7ad903257ca79cd66b1319913ae7f694164d8b3bb30916983015894fc1578517,0,0,,false
hard_200,7ad903257ca79cd66b1319913ae7f694164d8b3bb30916983015894fc1578517,0,0,,false
hard_200,7ad903257ca79cd66b1319913ae7f694164d8b3bb30916983015894fc1578517,0,0,,false
hard_200,7ad903257ca79cd66b1319913ae7f694164d8b3bb30916983015894fc1578517,0.0021625666,2,,false
hard_200,7ad903257ca79cd66b1319913ae7f694164d8b3bb30916983015894fc1578517,0.020866092,10,,false
hard_200,7ad903257ca79cd66b1319913ae7f694164d8b3bb30916983015894fc1578517,0.0025497172,4,,false
hard_200,7ad903257ca79cd66b1319913ae7f694164d8b3bb30916983015894fc1578517,0.030077726,6,,false
hard_200,7ad903257ca79cd66b1319913ae7f694164d8b3bb30916983015894fc1578517,0.020209603,25,,false
hard_200,7ad903257ca79cd66b1319913ae7f694164d8b3bb30916983015894fc1578517,0.037243787,17,,false
hard_200,7ad903257ca79cd66b1319913ae7f694164d8b3bb30916983015894fc1578517,0.0087910285,6,,false
hard_200,7ad903257ca79cd66b1319913ae7f694164d8b3bb30916983015894fc1578517,0.038853664,21,,false
hard_200,7ad903257ca79cd66b1319913ae7f694164d8b3bb30916983015894fc1578517,0.041207235,13,,false
hard_200,7ad903257ca79cd66b1319913ae7f694164d8b3bb30916983015894fc1578517,0.044778448,31,,false
hard_200,7ad903257ca79cd66b1319913ae7f694164d8b3bb30916983015894fc1578517,0,0,,false
hard_200,7ad903257ca79cd66b1319913ae7f694164d8b3bb30916983015894fc1578517,0.034199607,16,,false
hard_200,7ad903257ca79cd66b1319913ae7f694164d8b3bb30916983015894fc1578517,0.050822698,21,,false
hard_200,7ad903257ca79cd66b1319913ae7f694164d8b3bb30916983015894fc1578517,0.04847756,15,,false
hard_200,7ad903257ca79cd66b1319913ae7f694164d8b3bb30916983015894fc1578517,0.0061003254,5,,false
hard_200,7ad903257ca79cd66b1319913ae7f694164d8b3bb30916983015894fc1578517,0.045790356,16,,false
hard_200,7ad903257ca79cd66b1319913ae7f694164d8b3bb30916983015894fc1578517,0.031145537,15,,false
hard_200,7ad903257ca79cd66b1319913ae7f694164d8b3bb30916983015894fc1578517,0.02146929,17,,false
hard_200,7ad903257ca79cd66b1319913ae7f694164d8b3bb30916983015894fc1578517,0.041975398,9,,false
hard_200,7ad903257ca79cd66b1319913ae7f694164d8b3bb30916983015894fc1578517,0.056260504,27,,false
hard_200,7ad903257ca79cd66b1319913ae7f694164d8b3bb30916983015894fc1578517,0.008643769,7,,false
hard_200,3e906189230aca385a6aadb521bb03157838e310b4b74b68ca6c4bc29bcc1a9f,0,0,,false
hard_200,3e906189230aca385a6aadb521bb03157838e310b4b74b68ca6c4bc29bcc1a9f,0,0,,false
hard_200,3e906189230aca385a6aadb521bb03157838e310b4b74b68ca6c4bc29bcc1a9f,0,0,,false
hard_200,3e906189230aca385a6aadb521bb03157838e310b4b74b68ca6c4bc29bcc1a9f,0,0,,false
hard_200,3e906189230aca385a6aadb521bb03157838e310b4b74b68ca6c4bc29bcc1a9f,0.038705174,9,,false
hard_200,3e906189230aca385a6aadb521bb03157838e310b4b74b68ca6c4bc29bcc1a9f,0,0,,false
hard_200,3e906189230aca385a6aadb521bb03157838e310b4b74b68ca6c4bc29bcc1a9f,0.0030239709,4,,false
hard_200,3e906189230aca385a6aadb521bb03157838e310b4b74b68ca6c4bc29bcc1a9f,0,0,,false
hard_200,3e906189230aca385a6aadb521bb03157838e310b4b74b68ca6c4bc29bcc1a9f,0.0008078595,2,,false
hard_200,3e906189230aca385a6aadb521bb03157838e310b4b74b68ca6c4bc29bcc1a9f,0.005080223,2,,false
hard_200,3e906189230aca385a6aadb521bb03157838e310b4b74b68ca6c4bc29bcc1a9f,0.016611323,7,,false
hard_200,3e906189230aca385a6aadb521bb03157838e310b4b74b68ca6c4bc29bcc1a9f,0.0082357135,6,,false
hard_200,3e906189230aca385a6aadb521bb03157838e310b4b74b68ca6c4bc29bcc1a9f,0.0014334624,2,,false
hard_200,3e906189230aca385a6aadb521bb03157838e310b4b74b68ca6c4bc29bcc1a9f,0,0,,false
hard_200,3e906189230aca385a6aadb521bb03157838e310b4b74b68ca6c4bc29bcc1a9f,0.015596789,6,,false
hard_200,3e906189230aca385a6aadb521bb03157838e310b4b74b68ca6c4bc29bcc1a9f,0.006758295,11,,false
hard_200,3e906189230aca385a6aadb521bb03157838e310b4b74b68ca6c4bc29bcc1a9f,0.02893636,20,,false
hard_200,3e906189230aca385a6aadb521bb03157838e310b4b74b68ca6c4bc29bcc1a9f,0.021378726,12,,false
hard_200,3e906189230aca385a6aadb521bb03157838e310b4b74b68ca6c4bc29bcc1a9f,0.043111708,17,,false
hard_200,3e906189230aca385a6aadb521bb03157838e310b4b74b68ca6c4bc29bcc1a9f,0.013114342,5,,false
hard_200,3e906189230aca385a6aadb521bb03157838e310b4b74b68ca6c4bc29bcc1a9f,0.005265312,4,,false
hard_200,3e906189230aca385a6aadb521bb03157838e310b4b74b68ca6c4bc29bcc1a9f,0.021783346,17,,false
hard_200,3e906189230aca385a6aadb521bb03157838e310b4b74b68ca6c4bc29bcc1a9f,0.012138619,6,,false
hard_200,3e906189230aca385a6aadb521bb03157838e310b4b74b68ca6c4bc29bcc1a9f,0.035618484,15,,false
hard_200,3e906189230aca385a6aadb521bb03157838e310b4b74b68ca6c4bc29bcc1a9f,0.045030907,20,,false
hard_200,3e906189230aca385a6aadb521bb03157838e310b4b74b68ca6c4bc29bcc1a9f,0.045556344,18,,false
hard_200,3e906189230aca385a6aadb521bb03157838e310b4b74b68ca6c4bc29bcc1a9f,0.04995809,15,,false
hard_200,3e906189230aca385a6aadb521bb03157838e310b4b74b68ca6c4bc29bcc1a9f,0.050945662,12,,false
hard_200,3e906189230aca385a6aadb521bb03157838e310b4b74b68ca6c4bc29bcc1a9f,0.01821093,5,,false
hard_200,8a6110c73a70c9593e584193690e8d24076ac835e31e4eda748a7c7f7bd090a4,0,0,,false
hard_200,8a6110c73a70c9593e584193690e8d24076ac835e31e4eda748a7c7f7bd090a4,0,0,,false
hard_200,8a6110c73a70c9593e584193690e8d24076ac835e31e4eda748a7c7f7bd090a4,0.0042062076,2,,false
hard_200,8a6110c73a70c9593e584193690e8d24076ac835e31e4eda748a7c7f7bd090a4,0,0,,false
hard_200,8a6110c73a70c9593e584193690e8d24076ac835e31e4eda748a7c7f7bd090a4,0.00839534,8,,false
hard_200,8a6110c73a70c9593e584193690e8d24076ac835e31e4eda748a7c7f7bd090a4,0.017931078,21,,false
hard_200,8a6110c73a70c9593e584193690e8d24076ac835e31e4eda748a7c7f7bd090a4,0,0,,false
hard_200,8a6110c73a70c9593e584193690e8d24076ac835e31e4eda748a7c7f7bd090a4,0.0380684,21,,false
hard_200,8a6110c73a70c9593e584193690e8d24076ac835e31e4eda748a7c7f7bd090a4,0.009566467,13,,false
hard_200,8a6110c73a70c9593e584193690e8d24076ac835e31e4eda748a7c7f7bd090a4,0.014938399,5,,false
hard_200,8a6110c73a70c9593e584193690e8d24076ac835e31e4eda748a7c7f7bd090a4,0.01980373,15,,false
hard_200,8a6110c73a70c9593e584193690e8d24076ac835e31e4eda748a7c7f7bd090a4,0.004958151,6,,false
hard_200,8a6110c73a70c9593e584193690e8d24076ac835e31e4eda748a7c7f7bd090a4,0.016183913,6,,false
hard_200,8a6110c73a70c9593e584193690e8d24076ac835e31e4eda748a7c7f7bd090a4,0.043926507,10,,false
hard_200,8a6110c73a70c9593e584193690e8d24076ac835e31e4eda748a7c7f7bd090a4,0.031722993,11,,false
hard_200,8a6110c73a70c9593e584193690e8d24076ac835e31e4eda748a7c7f7bd090a4,0.03615004,19,,false
hard_200,8a6110c73a70c9593e584193690e8d24076ac835e31e4eda748a7c7f7bd090a4,0.030427203,27,,false
hard_200,8a6110c73a70c9593e584193690e8d24076ac835e31e4eda748a7c7f7bd090a4,0.013887451,7,,false
hard_200,8a6110c73a70c9593e584193690e8d24076ac835e31e4eda748a7c7f7bd090a4,0.019784594,16,,false
hard_200,8a6110c73a70c9593e584193690e8d24076ac835e31e4eda748a7c7f7bd090a4,0.053175006,18,,false
hard_200,8a6110c73a70c9593e584193690e8d24076ac835e31e4eda748a7c7f7bd090a4,0.031209512,17,,false
hard_200,8a6110c73a70c9593e584193690e8d24076ac835e31e4eda748a7c7f7bd090a4,0.029411573,11,,false
hard_200,8a6110c73a70c9593e584193690e8d24076ac835e31e4eda748a7c7f7bd090a4,0.039292008,14,,false
hard_200,8a6110c73a70c9593e584193690e8d24076ac835e31e4eda748a7c7f7bd090a4,0.012768464,9,,false
hard_200,8a6110c73a70c9593e584193690e8d24076ac835e31e4eda748a7c7f7bd090a4,0.03518208,13,,false
hard_200,8a6110c73a70c9593e584193690e8d24076ac835e31e4eda748a7c7f7bd090a4,0.0026041302,4,,false
hard_200,8a6110c73a70c9593e584193690e8d24076ac835e31e4eda748a7c7f7bd090a4,0.061446697,16,,false
hard_200,8a6110c73a70c9593e584193690e8d24076ac835e31e4eda748a7c7f7bd090a4,0.03749476,16,,false
hard_200,8a6110c73a70c9593e584193690e8d24076ac835e31e4eda748a7c7f7bd090a4,0.027968425,11,,false
hard_200,cbe4db216cd4040ad3be4ffc0e82cbd7dbd91908e9895809ac23c1518b09ab46,0.00009472339,2,,true
hard_200,cbe4db216cd4040ad3be4ffc0e82cbd7dbd91908e9895809ac23c1518b09ab46,0,0,,true
hard_200,cbe4db216cd4040ad3be4ffc0e82cbd7dbd91908e9895809ac23c1518b09ab46,0,0,,true
hard_200,cbe4db216cd4040ad3be4ffc0e82cbd7dbd91908e9895809ac23c1518b09ab46,0,0,,true
hard_200,cbe4db216cd4040ad3be4ffc0e82cbd7dbd91908e9895809ac23c1518b09ab46,0,0,,true
hard_200,cbe4db216cd4040ad3be4ffc0e82cbd7dbd91908e9895809ac23c1518b09ab46,0,0,,true
hard_200,cbe4db216cd4040ad3be4ffc0e82cbd7dbd91908e9895809ac23c1518b09ab46,0.000010623681,1,,true
hard_200,cbe4db216cd4040ad3be4ffc0e82cbd7dbd91908e9895809ac23c1518b09ab46,0.029441426,15,,true
hard_200,cbe4db216cd4040ad3be4ffc0e82cbd7dbd91908e9895809ac23c1518b09ab46,0,0,,true
hard_200,cbe4db216cd4040ad3be4ffc0e82cbd7dbd91908e9895809ac23c1518b09ab46,0.0046728416,5,,true
hard_200,cbe4db216cd4040ad3be4ffc0e82cbd7dbd91908e9895809ac23c1518b09ab46,0.00027756018,3,,true
hard_200,cbe4db216cd4040ad3be4ffc0e82cbd7dbd91908e9895809ac23c1518b09ab46,0.020083431,13,,true
hard_200,cbe4db216cd4040ad3be4ffc0e82cbd7dbd91908e9895809ac23c1518b09ab46,0.025985084,13,,false
hard_200,cbe4db216cd4040ad3be4ffc0e82cbd7dbd91908e9895809ac23c1518b09ab46,0.0018670491,3,,true
hard_200,cbe4db216cd4040ad3be4ffc0e82cbd7dbd91908e9895809ac23c1518b09ab46,0,0,,true
hard_200,cbe4db216cd4040ad3be4ffc0e82cbd7dbd91908e9895809ac23c1518b09ab46,0.00011074377,2,,true
hard_200,cbe4db216cd4040ad3be4ffc0e82cbd7dbd91908e9895809ac23c1518b09ab46,0.02243732,17,,true
hard_200,cbe4db216cd4040ad3be4ffc0e82cbd7dbd91908e9895809ac23c1518b09ab46,0,0,,true
hard_200,cbe4db216cd4040ad3be4ffc0e82cbd7dbd91908e9895809ac23c1518b09ab46,0,0,,true
hard_200,cbe4db216cd4040ad3be4ffc0e82cbd7dbd91908e9895809ac23c1518b09ab46,0.02071113,17,,false
hard_200,cbe4db216cd4040ad3be4ffc0e82cbd7dbd91908e9895809ac23c1518b09ab46,0,0,,true
hard_200,cbe4db216cd4040ad3be4ffc0e82cbd7dbd91908e9895809ac23c1518b09ab46,0.05172418,13,,true
hard_200,cbe4db216cd4040ad3be4ffc0e82cbd7dbd91908e9895809ac23c1518b09ab46,0.016616082,10,,true
hard_200,cbe4db216cd4040ad3be4ffc0e82cbd7dbd91908e9895809ac23c1518b09ab46,0.060223456,22,,true
hard_200,cbe4db216cd4040ad3be4ffc0e82cbd7dbd91908e9895809ac23c1518b09ab46,0.031846724,12,,true
hard_200,cbe4db216cd4040ad3be4ffc0e82cbd7dbd91908e9895809ac23c1518b09ab46,0.0026260251,3,,false
hard_200,cbe4db216cd4040ad3be4ffc0e82cbd7dbd91908e9895809ac23c1518b09ab46,0.003577847,4,,true
hard_200,cbe4db216cd4040ad3be4ffc0e82cbd7dbd91908e9895809ac23c1518b09ab46,0.034538243,17,,false
hard_200,cbe4db216cd4040ad3be4ffc0e82cbd7dbd91908e9895809ac23c1518b09ab46,0.047634695,16,,true
hard_200,cbe4db216cd4040ad3be4ffc0e82cbd7dbd91908e9895809ac23c1518b09ab46,0.045021787,22,,true
hard_200,e818a567298a72618355ad1c710945b2af7112a435a86d2240b6109d4b8bf343,0,0,,false
hard_200,e818a567298a72618355ad1c710945b2af7112a435a86d2240b6109d4b8bf343,0,0,,false
hard_200,e818a567298a72618355ad1c710945b2af7112a435a86d2240b6109d4b8bf343,0,0,,false
hard_200,e818a567298a72618355ad1c710945b2af7112a435a86d2240b6109d4b8bf343,0.0069228318,14,,false
hard_200,e818a567298a72618355ad1c710945b2af7112a435a86d2240b6109d4b8bf343,0.00032207507,1,,false
hard_200,e818a567298a72618355ad1c710945b2af7112a435a86d2240b6109d4b8bf343,0.00086558406,1,,false
hard_200,e818a567298a72618355ad1c710945b2af7112a435a86d2240b6109d4b8bf343,0,0,,false
hard_200,e818a567298a72618355ad1c710945b2af7112a435a86d2240b6109d4b8bf343,0,0,,false
hard_200,e818a567298a72618355ad1c710945b2af7112a435a86d2240b6109d4b8bf343,0.16391452,53,,false
hard_200,e818a567298a72618355ad1c710945b2af7112a435a86d2240b6109d4b8bf343,0.019296577,9,,false
hard_200,e818a567298a72618355ad1c710945b2af7112a435a86d2240b6109d4b8bf343,0.009734673,14,,false
hard_200,e818a567298a72618355ad1c710945b2af7112a435a86d2240b6109d4b8bf343,0,0,,false
hard_200,e818a567298a72618355ad1c710945b2af7112a435a86d2240b6109d4b8bf343,0.0017403472,1,,false
hard_200,e818a567298a72618355ad1c710945b2af7112a435a86d2240b6109d4b8bf343,0,0,,false
hard_200,e818a567298a72618355ad1c710945b2af7112a435a86d2240b6109d4b8bf343,0.034971766,13,,false
hard_200,e818a567298a72618355ad1c710945b2af7112a435a86d2240b6109d4b8bf343,0.047914386,22,,false
hard_200,e818a567298a72618355ad1c710945b2af7112a435a86d2240b6109d4b8bf343,0.010145037,5,,false
hard_200,e818a567298a72618355ad1c710945b2af7112a435a86d2240b6109d4b8bf343,0.010284932,6,,false
hard_200,e818a567298a72618355ad1c710945b2af7112a435a86d2240b6109d4b8bf343,0.0023000701,1,,false
hard_200,e818a567298a72618355ad1c710945b2af7112a435a86d2240b6109d4b8bf343,0.004451955,6,,false
hard_200,e818a567298a72618355ad1c710945b2af7112a435a86d2240b6109d4b8bf343,0.019946797,4,,false
hard_200,e818a567298a72618355ad1c710945b2af7112a435a86d2240b6109d4b8bf343,0.025131831,18,,false
hard_200,e818a567298a72618355ad1c710945b2af7112a435a86d2240b6109d4b8bf343,0.008887724,7,,false
hard_200,e818a567298a72618355ad1c710945b2af7112a435a86d2240b6109d4b8bf343,0,0,,false
hard_200,e818a567298a72618355ad1c710945b2af7112a435a86d2240b6109d4b8bf343,0.029176123,24,,false
hard_200,e818a567298a72618355ad1c710945b2af7112a435a86d2240b6109d4b8bf343,0.045523282,16,,false
hard_200,e818a567298a72618355ad1c710945b2af7112a435a86d2240b6109d4b8bf343,0.0061393473,5,,false
hard_200,e818a567298a72618355ad1c710945b2af7112a435a86d2240b6109d4b8bf343,0.058013927,17,,false
hard_200,e818a567298a72618355ad1c710945b2af7112a435a86d2240b6109d4b8bf343,0.027194446,12,,false
hard_200,e818a567298a72618355ad1c710945b2af7112a435a86d2240b6109d4b8bf343,0.018092966,14,,false
hard_200,e818a567298a72618355ad1c710945b2af7112a435a86d2240b6109d4b8bf343,0.05075709,25,,false
hard_200,c89643ce252ee8b1a15632d7f0a33a6a1267ce18c6ff79e0c90be45decf264a3,0.005338217,8,,false
hard_200,c89643ce252ee8b1a15632d7f0a33a6a1267ce18c6ff79e0c90be45decf264a3,0.0017352405,2,,false
hard_200,c89643ce252ee8b1a15632d7f0a33a6a1267ce18c6ff79e0c90be45decf264a3,0,0,,false
hard_200,c89643ce252ee8b1a15632d7f0a33a6a1267ce18c6ff79e0c90be45decf264a3,0.0032042759,5,,false
hard_200,c89643ce252ee8b1a15632d7f0a33a6a1267ce18c6ff79e0c90be45decf264a3,0.0036431144,1,,false
hard_200,c89643ce252ee8b1a15632d7f0a33a6a1267ce18c6ff79e0c90be45decf264a3,0,0,,false
hard_200,c89643ce252ee8b1a15632d7f0a33a6a1267ce18c6ff79e0c90be45decf264a3,0.0050385008,2,,false
hard_200,c89643ce252ee8b1a15632d7f0a33a6a1267ce18c6ff79e0c90be45decf264a3,0.0019584035,4,,false
hard_200,c89643ce252ee8b1a15632d7f0a33a6a1267ce18c6ff79e0c90be45decf264a3,0.0018060014,3,,false
hard_200,c89643ce252ee8b1a15632d7f0a33a6a1267ce18c6ff79e0c90be45decf264a3,0.02406304,8,,false
hard_200,c89643ce252ee8b1a15632d7f0a33a6a1267ce18c6ff79e0c90be45decf264a3,0.0017355983,4,,false
hard_200,c89643ce252ee8b1a15632d7f0a33a6a1267ce18c6ff79e0c90be45decf264a3,0.021931294,9,,false
hard_200,c89643ce252ee8b1a15632d7f0a33a6a1267ce18c6ff79e0c90be45decf264a3,0.005883979,6,,false
hard_200,c89643ce252ee8b1a15632d7f0a33a6a1267ce18c6ff79e0c90be45decf264a3,0.011058869,3,,false
hard_200,c89643ce252ee8b1a15632d7f0a33a6a1267ce18c6ff79e0c90be45decf264a3,0.023959551,11,,false
hard_200,c89643ce252ee8b1a15632d7f0a33a6a1267ce18c6ff79e0c90be45decf264a3,0.011788953,15,,false
hard_200,c89643ce252ee8b1a15632d7f0a33a6a1267ce18c6ff79e0c90be45decf264a3,0.024111187,10,,false
hard_200,c89643ce252ee8b1a15632d7f0a33a6a1267ce18c6ff79e0c90be45decf264a3,0.16313402,49,,false
hard_200,c89643ce252ee8b1a15632d7f0a33a6a1267ce18c6ff79e0c90be45decf264a3,0.0049509676,5,,false
hard_200,c89643ce252ee8b1a15632d7f0a33a6a1267ce18c6ff79e0c90be45decf264a3,0.008553061,10,,false
hard_200,c89643ce252ee8b1a15632d7f0a33a6a1267ce18c6ff79e0c90be45decf264a3,0.00811781,5,,false
hard_200,c89643ce252ee8b1a15632d7f0a33a6a1267ce18c6ff79e0c90be45decf264a3,0.027583549,15,,false
hard_200,c89643ce252ee8b1a15632d7f0a33a6a1267ce18c6ff79e0c90be45decf264a3,0.008541928,7,,false
hard_200,c89643ce252ee8b1a15632d7f0a33a6a1267ce18c6ff79e0c90be45decf264a3,0.056194007,27,,false
hard_200,c89643ce252ee8b1a15632d7f0a33a6a1267ce18c6ff79e0c90be45decf264a3,0.039725292,17,,false
hard_200,c89643ce252ee8b1a15632d7f0a33a6a1267ce18c6ff79e0c90be45decf264a3,0.055128507,18,,false
hard_200,c89643ce252ee8b1a15632d7f0a33a6a1267ce18c6ff79e0c90be45decf264a3,0.028510842,13,,false
hard_200,c89643ce252ee8b1a15632d7f0a33a6a1267ce18c6ff79e0c90be45decf264a3,0.02668175,13,,false
hard_200,c89643ce252ee8b1a15632d7f0a33a6a1267ce18c6ff79e0c90be45decf264a3,0.018180767,8,,false
hard_200,c89643ce252ee8b1a15632d7f0a33a6a1267ce18c6ff79e0c90be45decf264a3,0.14340326,46,,false
hard_200,c89643ce252ee8b1a15632d7f0a33a6a1267ce18c6ff79e0c90be45decf264a3,0.043593965,16,,false
hard_200,c89643ce252ee8b1a15632d7f0a33a6a1267ce18c6ff79e0c90be45decf264a3,0.06435709,19,,false
hard_200,cfa1b9baa652a10d517017fd22a015a038ea16c320ac4ae310af6538c6c3f514,0,0,,true
hard_200,cfa1b9baa652a10d517017fd22a015a038ea16c320ac4ae310af6538c6c3f514,0,0,,true
hard_200,cfa1b9baa652a10d517017fd22a015a038ea16c320ac4ae310af6538c6c3f514,0,0,,true
hard_200,cfa1b9baa652a10d517017fd22a015a038ea16c320ac4ae310af6538c6c3f514,0.0009823825,1,,true
hard_200,cfa1b9baa652a10d517017fd22a015a038ea16c320ac4ae310af6538c6c3f514,0.046171065,27,,true
hard_200,cfa1b9baa652a10d517017fd22a015a038ea16c320ac4ae310af6538c6c3f514,0.0023671677,3,,false
hard_200,cfa1b9baa652a10d517017fd22a015a038ea16c320ac4ae310af6538c6c3f514,0,0,,true
hard_200,cfa1b9baa652a10d517017fd22a015a038ea16c320ac4ae310af6538c6c3f514,0,0,,true
hard_200,cfa1b9baa652a10d517017fd22a015a038ea16c320ac4ae310af6538c6c3f514,0.0002859795,2,,true
hard_200,cfa1b9baa652a10d517017fd22a015a038ea16c320ac4ae310af6538c6c3f514,0,0,,true
hard_200,cfa1b9baa652a10d517017fd22a015a038ea16c320ac4ae310af6538c6c3f514,0.014811824,14,,true
hard_200,cfa1b9baa652a10d517017fd22a015a038ea16c320ac4ae310af6538c6c3f514,0.00037669978,4,,true
hard_200,cfa1b9baa652a10d517017fd22a015a038ea16c320ac4ae310af6538c6c3f514,0.0005926555,2,,true
hard_200,cfa1b9baa652a10d517017fd22a015a038ea16c320ac4ae310af6538c6c3f514,0.015686475,12,,true
hard_200,cfa1b9baa652a10d517017fd22a015a038ea16c320ac4ae310af6538c6c3f514,0.0010114632,1,,true
hard_200,cfa1b9baa652a10d517017fd22a015a038ea16c320ac4ae310af6538c6c3f514,0.00059499266,1,,true
hard_200,cfa1b9baa652a10d517017fd22a015a038ea16c320ac4ae310af6538c6c3f514,0.008107342,5,,true
hard_200,cfa1b9baa652a10d517017fd22a015a038ea16c320ac4ae310af6538c6c3f514,0.04743371,20,,true
hard_200,cfa1b9baa652a10d517017fd22a015a038ea16c320ac4ae310af6538c6c3f514,0.13824685,46,,false
hard_200,cfa1b9baa652a10d517017fd22a015a038ea16c320ac4ae310af6538c6c3f514,0.031089488,12,,true
hard_200,cfa1b9baa652a10d517017fd22a015a038ea16c320ac4ae310af6538c6c3f514,0.024474915,11,,true
hard_200,cfa1b9baa652a10d517017fd22a015a038ea16c320ac4ae310af6538c6c3f514,0.009972365,9,,true
hard_200,cfa1b9baa652a10d517017fd22a015a038ea16c320ac4ae310af6538c6c3f514,0.030807976,15,,false
hard_200,cfa1b9baa652a10d517017fd22a015a038ea16c320ac4ae310af6538c6c3f514,0.011059044,8,,true
hard_200,cfa1b9baa652a10d517017fd22a015a038ea16c320ac4ae310af6538c6c3f514,0.026863588,15,,true
hard_200,cfa1b9baa652a10d517017fd22a015a038ea16c320ac4ae310af6538c6c3f514,0.035692807,16,,true
hard_200,cfa1b9baa652a10d517017fd22a015a038ea16c320ac4ae310af6538c6c3f514,0.05008654,19,,true
hard_200,cfa1b9baa652a10d517017fd22a015a038ea16c320ac4ae310af6538c6c3f514,0.025420686,11,,true
hard_200,cfa1b9baa652a10d517017fd22a015a038ea16c320ac4ae310af6538c6c3f514,0.13180858,39,,false
hard_200,cfa1b9baa652a10d517017fd22a015a038ea16c320ac4ae310af6538c6c3f514,0.15340586,41,,false
hard_200,cfa1b9baa652a10d517017fd22a015a038ea16c320ac4ae310af6538c6c3f514,0.037951317,19,,true
hard_200,cfa1b9baa652a10d517017fd22a015a038ea16c320ac4ae310af6538c6c3f514,0.04261473,18,,false
hard_200,cfa1b9baa652a10d517017fd22a015a038ea16c320ac4ae310af6538c6c3f514,0.03572464,20,,true
hard_200,4a0cfdefaf3440c594f27051f220cd093bae913192055d636cc2de83de80532a,0,0,,false
hard_200,4a0cfdefaf3440c594f27051f220cd093bae913192055d636cc2de83de80532a,0,0,,false
hard_200,4a0cfdefaf3440c594f27051f220cd093bae913192055d636cc2de83de80532a,0,0,,false
hard_200,4a0cfdefaf3440c594f27051f220cd093bae913192055d636cc2de83de80532a,0,0,,false
hard_200,4a0cfdefaf3440c594f27051f220cd093bae913192055d636cc2de83de80532a,0,0,,false
hard_200,4a0cfdefaf3440c594f27051f220cd093bae913192055d636cc2de83de80532a,0,0,,false
hard_200,4a0cfdefaf3440c594f27051f220cd093bae913192055d636cc2de83de80532a,0.00020414974,1,,false
hard_200,4a0cfdefaf3440c594f27051f220cd093bae913192055d636cc2de83de80532a,0,0,,false
hard_200,4a0cfdefaf3440c594f27051f220cd093bae913192055d636cc2de83de80532a,0.009250009,10,,false
hard_200,4a0cfdefaf3440c594f27051f220cd093bae913192055d636cc2de83de80532a,0.0145285,9,,false
hard_200,4a0cfdefaf3440c594f27051f220cd093bae913192055d636cc2de83de80532a,0.006077823,5,,false
hard_200,4a0cfdefaf3440c594f27051f220cd093bae913192055d636cc2de83de80532a,0.0047073876,3,,false
hard_200,4a0cfdefaf3440c594f27051f220cd093bae913192055d636cc2de83de80532a,0,0,,false
hard_200,4a0cfdefaf3440c594f27051f220cd093bae913192055d636cc2de83de80532a,0.05400097,28,,false
hard_200,4a0cfdefaf3440c594f27051f220cd093bae913192055d636cc2de83de80532a,0.0047396934,3,,false
hard_200,4a0cfdefaf3440c594f27051f220cd093bae913192055d636cc2de83de80532a,0.0005896596,1,,false
hard_200,4a0cfdefaf3440c594f27051f220cd093bae913192055d636cc2de83de80532a,0.018910784,13,,false
hard_200,4a0cfdefaf3440c594f27051f220cd093bae913192055d636cc2de83de80532a,0.04039136,13,,false
hard_200,4a0cfdefaf3440c594f27051f220cd093bae913192055d636cc2de83de80532a,0.019854411,9,,false
hard_200,4a0cfdefaf3440c594f27051f220cd093bae913192055d636cc2de83de80532a,0.00047825978,1,,false
hard_200,4a0cfdefaf3440c594f27051f220cd093bae913192055d636cc2de83de80532a,0.015774654,6,,false
hard_200,4a0cfdefaf3440c594f27051f220cd093bae913192055d636cc2de83de80532a,0.05254141,28,,false
hard_200,4a0cfdefaf3440c594f27051f220cd093bae913192055d636cc2de83de80532a,0.003416699,4,,false
hard_200,4a0cfdefaf3440c594f27051f220cd093bae913192055d636cc2de83de80532a,0,0,,false
hard_200,4a0cfdefaf3440c594f27051f220cd093bae913192055d636cc2de83de80532a,0.04379686,17,,false
hard_200,4a0cfdefaf3440c594f27051f220cd093bae913192055d636cc2de83de80532a,0.017632432,19,,false
hard_200,4a0cfdefaf3440c594f27051f220cd093bae913192055d636cc2de83de80532a,0,0,,false
hard_200,4a0cfdefaf3440c594f27051f220cd093bae913192055d636cc2de83de80532a,0.0056040436,2,,false
hard_200,4a0cfdefaf3440c594f27051f220cd093bae913192055d636cc2de83de80532a,0.031236108,22,,false
hard_200,4a0cfdefaf3440c594f27051f220cd093bae913192055d636cc2de83de80532a,0.021500615,11,,false
hard_200,f1287f7518c30cae021533092475e5bbc185b24e7a1fbc5335461b2c9b4b469c,0,0,,false
hard_200,f1287f7518c30cae021533092475e5bbc185b24e7a1fbc5335461b2c9b4b469c,0,0,,false
hard_200,f1287f7518c30cae021533092475e5bbc185b24e7a1fbc5335461b2c9b4b469c,0,0,,false
hard_200,f1287f7518c30cae021533092475e5bbc185b24e7a1fbc5335461b2c9b4b469c,0,0,,false
hard_200,f1287f7518c30cae021533092475e5bbc185b24e7a1fbc5335461b2c9b4b469c,0,0,,false
hard_200,f1287f7518c30cae021533092475e5bbc185b24e7a1fbc5335461b2c9b4b469c,0,0,,false
hard_200,f1287f7518c30cae021533092475e5bbc185b24e7a1fbc5335461b2c9b4b469c,0,0,,false
hard_200,f1287f7518c30cae021533092475e5bbc185b24e7a1fbc5335461b2c9b4b469c,0.00414737,4,,false
hard_200,f1287f7518c30cae021533092475e5bbc185b24e7a1fbc5335461b2c9b4b469c,0.012387269,9,,false
hard_200,f1287f7518c30cae021533092475e5bbc185b24e7a1fbc5335461b2c9b4b469c,0,0,,false
hard_200,f1287f7518c30cae021533092475e5bbc185b24e7a1fbc5335461b2c9b4b469c,0.014245462,10,,false
hard_200,f1287f7518c30cae021533092475e5bbc185b24e7a1fbc5335461b2c9b4b469c,0,0,,false
hard_200,f1287f7518c30cae021533092475e5bbc185b24e7a1fbc5335461b2c9b4b469c,0.038394716,19,,false
hard_200,f1287f7518c30cae021533092475e5bbc185b24e7a1fbc5335461b2c9b4b469c,0.018498026,12,,false
hard_200,f1287f7518c30cae021533092475e5bbc185b24e7a1fbc5335461b2c9b4b469c,0.0372982,13,,false
hard_200,f1287f7518c30cae021533092475e5bbc185b24e7a1fbc5335461b2c9b4b469c,0.03595073,22,,false
hard_200,f1287f7518c30cae021533092475e5bbc185b24e7a1fbc5335461b2c9b4b469c,0.008883079,7,,false
hard_200,f1287f7518c30cae021533092475e5bbc185b24e7a1fbc5335461b2c9b4b469c,0,0,,false
hard_200,f1287f7518c30cae021533092475e5bbc185b24e7a1fbc5335461b2c9b4b469c,0.018918192,7,,false
hard_200,f1287f7518c30cae021533092475e5bbc185b24e7a1fbc5335461b2c9b4b469c,0,0,,false
hard_200,f1287f7518c30cae021533092475e5bbc185b24e7a1fbc5335461b2c9b4b469c,0.024795132,19,,false
hard_200,f1287f7518c30cae021533092475e5bbc185b24e7a1fbc5335461b2c9b4b469c,0.0025534276,2,,false
hard_200,f1287f7518c30cae021533092475e5bbc185b24e7a1fbc5335461b2c9b4b469c,0.0100783985,11,,false
hard_200,f1287f7518c30cae021533092475e5bbc185b24e7a1fbc5335461b2c9b4b469c,0.034330487,24,,false
hard_200,f1287f7518c30cae021533092475e5bbc185b24e7a1fbc5335461b2c9b4b469c,0.013858709,9,,false
hard_200,f1287f7518c30cae021533092475e5bbc185b24e7a1fbc5335461b2c9b4b469c,0.033527937,15,,false
hard_200,f1287f7518c30cae021533092475e5bbc185b24e7a1fbc5335461b2c9b4b469c,0.15636401,48,,false
hard_200,f1287f7518c30cae021533092475e5bbc185b24e7a1fbc5335461b2c9b4b469c,0.01428682,9,,false
hard_200,f1287f7518c30cae021533092475e5bbc185b24e7a1fbc5335461b2c9b4b469c,0.0015022964,2,,false
hard_200,f1287f7518c30cae021533092475e5bbc185b24e7a1fbc5335461b2c9b4b469c,0.00032427168,4,,false
hard_200,f1287f7518c30cae021533092475e5bbc185b24e7a1fbc5335461b2c9b4b469c,0.024944695,10,,false
hard_200,f1287f7518c30cae021533092475e5bbc185b24e7a1fbc5335461b2c9b4b469c,0.048897307,16,,false
hard_200,f1287f7518c30cae021533092475e5bbc185b24e7a1fbc5335461b2c9b4b469c,0.17617002,48,,false
hard_200,823700e7b368b362f68007f24c8703244a6c9ed61376805f0ba2359cb7f19f04,0,0,,true
hard_200,823700e7b368b362f68007f24c8703244a6c9ed61376805f0ba2359cb7f19f04,0.002452106,3,,true
hard_200,823700e7b368b362f68007f24c8703244a6c9ed61376805f0ba2359cb7f19f04,0,0,,true
hard_200,823700e7b368b362f68007f24c8703244a6c9ed61376805f0ba2359cb7f19f04,0.016393397,11,,true
hard_200,823700e7b368b362f68007f24c8703244a6c9ed61376805f0ba2359cb7f19f04,0.03153774,23,,true
hard_200,823700e7b368b362f68007f24c8703244a6c9ed61376805f0ba2359cb7f19f04,0.030596841,16,,false
hard_200,823700e7b368b362f68007f24c8703244a6c9ed61376805f0ba2359cb7f19f04,0.017627155,16,,true
hard_200,823700e7b368b362f68007f24c8703244a6c9ed61376805f0ba2359cb7f19f04,0.0074514695,7,,true
hard_200,823700e7b368b362f68007f24c8703244a6c9ed61376805f0ba2359cb7f19f04,0,0,,false
hard_200,823700e7b368b362f68007f24c8703244a6c9ed61376805f0ba2359cb7f19f04,0.01494599,11,,true
hard_200,823700e7b368b362f68007f24c8703244a6c9ed61376805f0ba2359cb7f19f04,0.042463962,14,,true
hard_200,823700e7b368b362f68007f24c8703244a6c9ed61376805f0ba2359cb7f19f04,0,0,,true
hard_200,823700e7b368b362f68007f24c8703244a6c9ed61376805f0ba2359cb7f19f04,0.011197572,12,,true
hard_200,823700e7b368b362f68007f24c8703244a6c9ed61376805f0ba2359cb7f19f04,0.013967352,4,,true
hard_200,823700e7b368b362f68007f24c8703244a6c9ed61376805f0ba2359cb7f19f04,0.053859916,26,,true
hard_200,823700e7b368b362f68007f24c8703244a6c9ed61376805f0ba2359cb7f19f04,0,0,,true
hard_200,823700e7b368b362f68007f24c8703244a6c9ed61376805f0ba2359cb7f19f04,0.027861014,13,,true
hard_200,823700e7b368b362f68007f24c8703244a6c9ed61376805f0ba2359cb7f19f04,0.040528107,19,,true
hard_200,823700e7b368b362f68007f24c8703244a6c9ed61376805f0ba2359cb7f19f04,0.03386436,11,,true
hard_200,823700e7b368b362f68007f24c8703244a6c9ed61376805f0ba2359cb7f19f04,0.0011245863,2,,true
hard_200,823700e7b368b362f68007f24c8703244a6c9ed61376805f0ba2359cb7f19f04,0.00034985447,2,,false
hard_200,823700e7b368b362f68007f24c8703244a6c9ed61376805f0ba2359cb7f19f04,0.056067124,17,,true
hard_200,823700e7b368b362f68007f24c8703244a6c9ed61376805f0ba2359cb7f19f04,0.032655746,13,,false
hard_200,823700e7b368b362f68007f24c8703244a6c9ed61376805f0ba2359cb7f19f04,0.054147538,30,,true
hard_200,823700e7b368b362f68007f24c8703244a6c9ed61376805f0ba2359cb7f19f04,0.028620489,15,,true
hard_200,823700e7b368b362f68007f24c8703244a6c9ed61376805f0ba2359cb7f19f04,0.011128474,11,,true
hard_200,823700e7b368b362f68007f24c8703244a6c9ed61376805f0ba2359cb7f19f04,0.036295693,17,,true
hard_200,823700e7b368b362f68007f24c8703244a6c9ed61376805f0ba2359cb7f19f04,0.035379294,21,,true
hard_200,823700e7b368b362f68007f24c8703244a6c9ed61376805f0ba2359cb7f19f04,0.02645486,16,,true
hard_200,cbec543efacd2bec5c76535582e43407f652b3c8d90f5f27eeacce1c89252487,0,0,,false
hard_200,cbec543efacd2bec5c76535582e43407f652b3c8d90f5f27eeacce1c89252487,0,0,,false
hard_200,cbec543efacd2bec5c76535582e43407f652b3c8d90f5f27eeacce1c89252487,0,0,,false
hard_200,cbec543efacd2bec5c76535582e43407f652b3c8d90f5f27eeacce1c89252487,0,0,,false
hard_200,cbec543efacd2bec5c76535582e43407f652b3c8d90f5f27eeacce1c89252487,0,0,,false
hard_200,cbec543efacd2bec5c76535582e43407f652b3c8d90f5f27eeacce1c89252487,0.0024748514,2,,false
hard_200,cbec543efacd2bec5c76535582e43407f652b3c8d90f5f27eeacce1c89252487,0.01896169,7,,false
hard_200,cbec543efacd2bec5c76535582e43407f652b3c8d90f5f27eeacce1c89252487,0.0030195743,2,,false
hard_200,cbec543efacd2bec5c76535582e43407f652b3c8d90f5f27eeacce1c89252487,0.0029377907,2,,false
hard_200,cbec543efacd2bec5c76535582e43407f652b3c8d90f5f27eeacce1c89252487,0.007832826,6,,false
hard_200,cbec543efacd2bec5c76535582e43407f652b3c8d90f5f27eeacce1c89252487,0.031229733,19,,false
hard_200,cbec543efacd2bec5c76535582e43407f652b3c8d90f5f27eeacce1c89252487,0.00648888,6,,false
hard_200,cbec543efacd2bec5c76535582e43407f652b3c8d90f5f27eeacce1c89252487,0.016014213,10,,false
hard_200,cbec543efacd2bec5c76535582e43407f652b3c8d90f5f27eeacce1c89252487,0.010708168,5,,false
hard_200,cbec543efacd2bec5c76535582e43407f652b3c8d90f5f27eeacce1c89252487,0.030075328,9,,false
hard_200,cbec543efacd2bec5c76535582e43407f652b3c8d90f5f27eeacce1c89252487,0.017063007,12,,false
hard_200,cbec543efacd2bec5c76535582e43407f652b3c8d90f5f27eeacce1c89252487,0.011046526,10,,false
hard_200,cbec543efacd2bec5c76535582e43407f652b3c8d90f5f27eeacce1c89252487,0.051198892,19,,false
hard_200,cbec543efacd2bec5c76535582e43407f652b3c8d90f5f27eeacce1c89252487,0.027688442,17,,false
hard_200,cbec543efacd2bec5c76535582e43407f652b3c8d90f5f27eeacce1c89252487,0.057199325,21,,false
hard_200,cbec543efacd2bec5c76535582e43407f652b3c8d90f5f27eeacce1c89252487,0.009932482,10,,false
hard_200,cbec543efacd2bec5c76535582e43407f652b3c8d90f5f27eeacce1c89252487,0,0,,false
hard_200,cbec543efacd2bec5c76535582e43407f652b3c8d90f5f27eeacce1c89252487,0.030716479,17,,false
hard_200,cbec543efacd2bec5c76535582e43407f652b3c8d90f5f27eeacce1c89252487,0.05592538,22,,false
hard_200,cbec543efacd2bec5c76535582e43407f652b3c8d90f5f27eeacce1c89252487,0.007532452,10,,false
hard_200,cbec543efacd2bec5c76535582e43407f652b3c8d90f5f27eeacce1c89252487,0.026019951,22,,false
hard_200,cbec543efacd2bec5c76535582e43407f652b3c8d90f5f27eeacce1c89252487,0.038167164,19,,false
hard_200,cbec543efacd2bec5c76535582e43407f652b3c8d90f5f27eeacce1c89252487,0.107340015,41,,false
hard_200,cbec543efacd2bec5c76535582e43407f652b3c8d90f5f27eeacce1c89252487,0.02006195,8,,false
hard_200,cbec543efacd2bec5c76535582e43407f652b3c8d90f5f27eeacce1c89252487,0.025998954,9,,false
hard_200,cbec543efacd2bec5c76535582e43407f652b3c8d90f5f27eeacce1c89252487,0.04972889,28,,false
hard_200,fc5c95bbd239a5346e213143a51a02b31feb97eab6fd4392630f6a093642e9f2,0,0,,false
hard_200,fc5c95bbd239a5346e213143a51a02b31feb97eab6fd4392630f6a093642e9f2,0,0,,false
hard_200,fc5c95bbd239a5346e213143a51a02b31feb97eab6fd4392630f6a093642e9f2,0,0,,false
hard_200,fc5c95bbd239a5346e213143a51a02b31feb97eab6fd4392630f6a093642e9f2,0.004403439,5,,false
hard_200,fc5c95bbd239a5346e213143a51a02b31feb97eab6fd4392630f6a093642e9f2,0,0,,false
hard_200,fc5c95bbd239a5346e213143a51a02b31feb97eab6fd4392630f6a093642e9f2,0,0,,false
hard_200,fc5c95bbd239a5346e213143a51a02b31feb97eab6fd4392630f6a093642e9f2,0,0,,false
hard_200,fc5c95bbd239a5346e213143a51a02b31feb97eab6fd4392630f6a093642e9f2,0,0,,false
hard_200,fc5c95bbd239a5346e213143a51a02b31feb97eab6fd4392630f6a093642e9f2,0.0005990661,2,,false
hard_200,fc5c95bbd239a5346e213143a51a02b31feb97eab6fd4392630f6a093642e9f2,0,0,,false
hard_200,fc5c95bbd239a5346e213143a51a02b31feb97eab6fd4392630f6a093642e9f2,0.001049214,5,,false
hard_200,fc5c95bbd239a5346e213143a51a02b31feb97eab6fd4392630f6a093642e9f2,0.014469433,12,,false
hard_200,fc5c95bbd239a5346e213143a51a02b31feb97eab6fd4392630f6a093642e9f2,0.0071589556,5,,false
hard_200,fc5c95bbd239a5346e213143a51a02b31feb97eab6fd4392630f6a093642e9f2,0.038834035,14,,false
hard_200,fc5c95bbd239a5346e213143a51a02b31feb97eab6fd4392630f6a093642e9f2,0.008584881,2,,false
hard_200,fc5c95bbd239a5346e213143a51a02b31feb97eab6fd4392630f6a093642e9f2,0.01901777,11,,false
hard_200,fc5c95bbd239a5346e213143a51a02b31feb97eab6fd4392630f6a093642e9f2,0.0026610405,3,,false
hard_200,fc5c95bbd239a5346e213143a51a02b31feb97eab6fd4392630f6a093642e9f2,0.007550989,3,,false
hard_200,fc5c95bbd239a5346e213143a51a02b31feb97eab6fd4392630f6a093642e9f2,0.006358515,8,,false
hard_200,fc5c95bbd239a5346e213143a51a02b31feb97eab6fd4392630f6a093642e9f2,0.0057717916,4,,false
hard_200,fc5c95bbd239a5346e213143a51a02b31feb97eab6fd4392630f6a093642e9f2,0.04197084,17,,false
hard_200,fc5c95bbd239a5346e213143a51a02b31feb97eab6fd4392630f6a093642e9f2,0.042157203,15,,false
hard_200,fc5c95bbd239a5346e213143a51a02b31feb97eab6fd4392630f6a093642e9f2,0.010734805,8,,false
hard_200,fc5c95bbd239a5346e213143a51a02b31feb97eab6fd4392630f6a093642e9f2,0.009860933,7,,false
hard_200,fc5c95bbd239a5346e213143a51a02b31feb97eab6fd4392630f6a093642e9f2,0.024868518,13,,false
hard_200,fc5c95bbd239a5346e213143a51a02b31feb97eab6fd4392630f6a093642e9f2,0.02359677,9,,false
hard_200,fc5c95bbd239a5346e213143a51a02b31feb97eab6fd4392630f6a093642e9f2,0.02632792,13,,false
hard_200,fc5c95bbd239a5346e213143a51a02b31feb97eab6fd4392630f6a093642e9f2,0.011660177,4,,false
hard_200,fc5c95bbd239a5346e213143a51a02b31feb97eab6fd4392630f6a093642e9f2,0.051093426,18,,false
hard_200,fc5c95bbd239a5346e213143a51a02b31feb97eab6fd4392630f6a093642e9f2,0.025753396,12,,false
hard_200,ee508304406f7e35eac3b793a77a473ff858c0a85f799aef5148a233fa9d69cf,0,0,,false
hard_200,ee508304406f7e35eac3b793a77a473ff858c0a85f799aef5148a233fa9d69cf,0,0,,false
hard_200,ee508304406f7e35eac3b793a77a473ff858c0a85f799aef5148a233fa9d69cf,0,0,,false
hard_200,ee508304406f7e35eac3b793a77a473ff858c0a85f799aef5148a233fa9d69cf,0,0,,false
hard_200,ee508304406f7e35eac3b793a77a473ff858c0a85f799aef5148a233fa9d69cf,0.0006421049,2,,false
hard_200,ee508304406f7e35eac3b793a77a473ff858c0a85f799aef5148a233fa9d69cf,0,0,,false
hard_200,ee508304406f7e35eac3b793a77a473ff858c0a85f799aef5148a233fa9d69cf,0,0,,false
hard_200,ee508304406f7e35eac3b793a77a473ff858c0a85f799aef5148a233fa9d69cf,0,0,,false
hard_200,ee508304406f7e35eac3b793a77a473ff858c0a85f799aef5148a233fa9d69cf,0,0,,false
hard_200,ee508304406f7e35eac3b793a77a473ff858c0a85f799aef5148a233fa9d69cf,0.026031772,14,,false
hard_200,ee508304406f7e35eac3b793a77a473ff858c0a85f799aef5148a233fa9d69cf,0.024882847,15,,false
hard_200,ee508304406f7e35eac3b793a77a473ff858c0a85f799aef5148a233fa9d69cf,0.00005191444,1,,false
hard_200,ee508304406f7e35eac3b793a77a473ff858c0a85f799aef5148a233fa9d69cf,0.0014430023,1,,false
hard_200,ee508304406f7e35eac3b793a77a473ff858c0a85f799aef5148a233fa9d69cf,0.012577397,7,,false
hard_200,ee508304406f7e35eac3b793a77a473ff858c0a85f799aef5148a233fa9d69cf,0.0018125003,2,,false
hard_200,ee508304406f7e35eac3b793a77a473ff858c0a85f799aef5148a233fa9d69cf,0.046090674,16,,false
hard_200,ee508304406f7e35eac3b793a77a473ff858c0a85f799aef5148a233fa9d69cf,0.020638077,13,,false
hard_200,ee508304406f7e35eac3b793a77a473ff858c0a85f799aef5148a233fa9d69cf,0.029510306,23,,false
hard_200,ee508304406f7e35eac3b793a77a473ff858c0a85f799aef5148a233fa9d69cf,0.11056256,38,,false
hard_200,ee508304406f7e35eac3b793a77a473ff858c0a85f799aef5148a233fa9d69cf,0.034036852,20,,false
hard_200,ee508304406f7e35eac3b793a77a473ff858c0a85f799aef5148a233fa9d69cf,0.011018991,4,,false
hard_200,ee508304406f7e35eac3b793a77a473ff858c0a85f799aef5148a233fa9d69cf,0.018530402,10,,false
hard_200,ee508304406f7e35eac3b793a77a473ff858c0a85f799aef5148a233fa9d69cf,0,0,,false
hard_200,ee508304406f7e35eac3b793a77a473ff858c0a85f799aef5148a233fa9d69cf,0,0,,false
hard_200,ee508304406f7e35eac3b793a77a473ff858c0a85f799aef5148a233fa9d69cf,0.022332517,13,,false
hard_200,ee508304406f7e35eac3b793a77a473ff858c0a85f799aef5148a233fa9d69cf,0.03552836,14,,false
hard_200,ee508304406f7e35eac3b793a77a473ff858c0a85f799aef5148a233fa9d69cf,0.033774327,15,,false
hard_200,ee508304406f7e35eac3b793a77a473ff858c0a85f799aef5148a233fa9d69cf,0.19847444,48,,false
hard_200,ee508304406f7e35eac3b793a77a473ff858c0a85f799aef5148a233fa9d69cf,0.015878016,12,,false
hard_200,ee508304406f7e35eac3b793a77a473ff858c0a85f799aef5148a233fa9d69cf,0.015150837,9,,false
hard_200,ee508304406f7e35eac3b793a77a473ff858c0a85f799aef5148a233fa9d69cf,0.048577227,17,,false
hard_200,ee508304406f7e35eac3b793a77a473ff858c0a85f799aef5148a233fa9d69cf,0.013085275,13,,false
hard_200,ee508304406f7e35eac3b793a77a473ff858c0a85f799aef5148a233fa9d69cf,0.16798168,43,,false
hard_200,9602ce5a04925a7f1f469efc01351406215cb2b8afb33a613de0484b130e3a80,0,0,,false
hard_200,9602ce5a04925a7f1f469efc01351406215cb2b8afb33a613de0484b130e3a80,0,0,,false
hard_200,9602ce5a04925a7f1f469efc01351406215cb2b8afb33a613de0484b130e3a80,0,0,,false
hard_200,9602ce5a04925a7f1f469efc01351406215cb2b8afb33a613de0484b130e3a80,0,0,,false
hard_200,9602ce5a04925a7f1f469efc01351406215cb2b8afb33a613de0484b130e3a80,0,0,,false
hard_200,9602ce5a04925a7f1f469efc01351406215cb2b8afb33a613de0484b130e3a80,0.020200236,9,,false
hard_200,9602ce5a04925a7f1f469efc01351406215cb2b8afb33a613de0484b130e3a80,0.012581608,6,,false
hard_200,9602ce5a04925a7f1f469efc01351406215cb2b8afb33a613de0484b130e3a80,0.0029750543,4,,false
hard_200,9602ce5a04925a7f1f469efc01351406215cb2b8afb33a613de0484b130e3a80,0.011724761,12,,false
hard_200,9602ce5a04925a7f1f469efc01351406215cb2b8afb33a613de0484b130e3a80,0.0022748283,2,,false
hard_200,9602ce5a04925a7f1f469efc01351406215cb2b8afb33a613de0484b130e3a80,0.013096026,8,,false
hard_200,9602ce5a04925a7f1f469efc01351406215cb2b8afb33a613de0484b130e3a80,0.00804594,7,,false
hard_200,9602ce5a04925a7f1f469efc01351406215cb2b8afb33a613de0484b130e3a80,0,0,,false
hard_200,9602ce5a04925a7f1f469efc01351406215cb2b8afb33a613de0484b130e3a80,0.01100326,8,,false
hard_200,9602ce5a04925a7f1f469efc01351406215cb2b8afb33a613de0484b130e3a80,0.0023380548,8,,false
hard_200,9602ce5a04925a7f1f469efc01351406215cb2b8afb33a613de0484b130e3a80,0.009958954,6,,false
hard_200,9602ce5a04925a7f1f469efc01351406215cb2b8afb33a613de0484b130e3a80,0.019416787,10,,false
hard_200,9602ce5a04925a7f1f469efc01351406215cb2b8afb33a613de0484b130e3a80,0.05279162,19,,false
hard_200,9602ce5a04925a7f1f469efc01351406215cb2b8afb33a613de0484b130e3a80,0.014323652,10,,false
hard_200,9602ce5a04925a7f1f469efc01351406215cb2b8afb33a613de0484b130e3a80,0.015535666,14,,false
hard_200,9602ce5a04925a7f1f469efc01351406215cb2b8afb33a613de0484b130e3a80,0.05762064,20,,false
hard_200,9602ce5a04925a7f1f469efc01351406215cb2b8afb33a613de0484b130e3a80,0,0,,false
hard_200,9602ce5a04925a7f1f469efc01351406215cb2b8afb33a613de0484b130e3a80,0.026331076,13,,false
hard_200,9602ce5a04925a7f1f469efc01351406215cb2b8afb33a613de0484b130e3a80,0.17452306,44,,false
hard_200,9602ce5a04925a7f1f469efc01351406215cb2b8afb33a613de0484b130e3a80,0.041967757,8,,false
hard_200,9602ce5a04925a7f1f469efc01351406215cb2b8afb33a613de0484b130e3a80,0.043465305,15,,false
hard_200,9602ce5a04925a7f1f469efc01351406215cb2b8afb33a613de0484b130e3a80,0.025287539,13,,false
hard_200,9602ce5a04925a7f1f469efc01351406215cb2b8afb33a613de0484b130e3a80,0,0,,false
hard_200,9602ce5a04925a7f1f469efc01351406215cb2b8afb33a613de0484b130e3a80,0.039775874,21,,false
hard_200,9602ce5a04925a7f1f469efc01351406215cb2b8afb33a613de0484b130e3a80,0.15621036,44,,false
hard_200,9602ce5a04925a7f1f469efc01351406215cb2b8afb33a613de0484b130e3a80,0.063810185,21,,false
hard_200,9602ce5a04925a7f1f469efc01351406215cb2b8afb33a613de0484b130e3a80,0.026175614,13,,false
hard_200,45a9aa544210efe6c3087d1cdc7c1019edf306798baf85edead93814775f7465,0.0000959678,1,,false
hard_200,45a9aa544210efe6c3087d1cdc7c1019edf306798baf85edead93814775f7465,0.011039616,5,,false
hard_200,45a9aa544210efe6c3087d1cdc7c1019edf306798baf85edead93814775f7465,0,0,,false
hard_200,45a9aa544210efe6c3087d1cdc7c1019edf306798baf85edead93814775f7465,0,0,,false
hard_200,45a9aa544210efe6c3087d1cdc7c1019edf306798baf85edead93814775f7465,0,0,,false
hard_200,45a9aa544210efe6c3087d1cdc7c1019edf306798baf85edead93814775f7465,0.018739307,9,,false
hard_200,45a9aa544210efe6c3087d1cdc7c1019edf306798baf85edead93814775f7465,0.0006209768,1,,false
hard_200,45a9aa544210efe6c3087d1cdc7c1019edf306798baf85edead93814775f7465,0.010667775,8,,false
hard_200,45a9aa544210efe6c3087d1cdc7c1019edf306798baf85edead93814775f7465,0.024490215,13,,false
hard_200,45a9aa544210efe6c3087d1cdc7c1019edf306798baf85edead93814775f7465,0.018480754,18,,false
hard_200,45a9aa544210efe6c3087d1cdc7c1019edf306798baf85edead93814775f7465,0.20698127,51,,false
hard_200,45a9aa544210efe6c3087d1cdc7c1019edf306798baf85edead93814775f7465,0.035400454,14,,false
hard_200,45a9aa544210efe6c3087d1cdc7c1019edf306798baf85edead93814775f7465,0.0058537996,5,,false
hard_200,45a9aa544210efe6c3087d1cdc7c1019edf306798baf85edead93814775f7465,0,0,,false
hard_200,45a9aa544210efe6c3087d1cdc7c1019edf306798baf85edead93814775f7465,0.011095653,13,,false
hard_200,45a9aa544210efe6c3087d1cdc7c1019edf306798baf85edead93814775f7465,0.0072388863,6,,false
hard_200,45a9aa544210efe6c3087d1cdc7c1019edf306798baf85edead93814775f7465,0.0035364525,6,,false
hard_200,45a9aa544210efe6c3087d1cdc7c1019edf306798baf85edead93814775f7465,0.044887822,16,,false
hard_200,45a9aa544210efe6c3087d1cdc7c1019edf306798baf85edead93814775f7465,0.025741488,18,,false
hard_200,45a9aa544210efe6c3087d1cdc7c1019edf306798baf85edead93814775f7465,0.01637716,5,,false
hard_200,45a9aa544210efe6c3087d1cdc7c1019edf306798baf85edead93814775f7465,0.0032359967,6,,false
hard_200,45a9aa544210efe6c3087d1cdc7c1019edf306798baf85edead93814775f7465,0,0,,false
hard_200,45a9aa544210efe6c3087d1cdc7c1019edf306798baf85edead93814775f7465,0.004630044,8,,false
hard_200,45a9aa544210efe6c3087d1cdc7c1019edf306798baf85edead93814775f7465,0.009477441,7,,false
hard_200,45a9aa544210efe6c3087d1cdc7c1019edf306798baf85edead93814775f7465,0.056529466,14,,false
hard_200,45a9aa544210efe6c3087d1cdc7c1019edf306798baf85edead93814775f7465,0.16441014,48,,false
hard_200,45a9aa544210efe6c3087d1cdc7c1019edf306798baf85edead93814775f7465,0.01729657,11,,false
hard_200,45a9aa544210efe6c3087d1cdc7c1019edf306798baf85edead93814775f7465,0.036098585,16,,false
hard_200,45a9aa544210efe6c3087d1cdc7c1019edf306798baf85edead93814775f7465,0.0063395584,11,,false
hard_200,45a9aa544210efe6c3087d1cdc7c1019edf306798baf85edead93814775f7465,0.052676488,19,,false
hard_200,45a9aa544210efe6c3087d1cdc7c1019edf306798baf85edead93814775f7465,0.032025583,20,,false
hard_200,45a9aa544210efe6c3087d1cdc7c1019edf306798baf85edead93814775f7465,0.04347078,17,,false
hard_200,3e93400d84536298537cb5f370c91727ee36c72888b9611bd1e4e6738f1c653f,0,0,,false
hard_200,3e93400d84536298537cb5f370c91727ee36c72888b9611bd1e4e6738f1c653f,0,0,,false
hard_200,3e93400d84536298537cb5f370c91727ee36c72888b9611bd1e4e6738f1c653f,0.000018662256,3,,false
hard_200,3e93400d84536298537cb5f370c91727ee36c72888b9611bd1e4e6738f1c653f,0,0,,false
hard_200,3e93400d84536298537cb5f370c91727ee36c72888b9611bd1e4e6738f1c653f,0.0028681464,1,,false
hard_200,3e93400d84536298537cb5f370c91727ee36c72888b9611bd1e4e6738f1c653f,0.033991344,17,,false
hard_200,3e93400d84536298537cb5f370c91727ee36c72888b9611bd1e4e6738f1c653f,0.009395803,6,,false
hard_200,3e93400d84536298537cb5f370c91727ee36c72888b9611bd1e4e6738f1c653f,0.011420764,8,,false
hard_200,3e93400d84536298537cb5f370c91727ee36c72888b9611bd1e4e6738f1c653f,0,0,,false
hard_200,3e93400d84536298537cb5f370c91727ee36c72888b9611bd1e4e6738f1c653f,0.0655598,22,,false
hard_200,3e93400d84536298537cb5f370c91727ee36c72888b9611bd1e4e6738f1c653f,0.006758741,6,,false
hard_200,3e93400d84536298537cb5f370c91727ee36c72888b9611bd1e4e6738f1c653f,0.009234166,8,,false
hard_200,3e93400d84536298537cb5f370c91727ee36c72888b9611bd1e4e6738f1c653f,0.0031475374,4,,false
hard_200,3e93400d84536298537cb5f370c91727ee36c72888b9611bd1e4e6738f1c653f,0.01048937,10,,false
hard_200,3e93400d84536298537cb5f370c91727ee36c72888b9611bd1e4e6738f1c653f,0.032571394,15,,false
hard_200,3e93400d84536298537cb5f370c91727ee36c72888b9611bd1e4e6738f1c653f,0.02063989,20,,false
hard_200,3e93400d84536298537cb5f370c91727ee36c72888b9611bd1e4e6738f1c653f,0.043697234,24,,false
hard_200,3e93400d84536298537cb5f370c91727ee36c72888b9611bd1e4e6738f1c653f,0.016005194,12,,false
hard_200,3e93400d84536298537cb5f370c91727ee36c72888b9611bd1e4e6738f1c653f,0.046520635,20,,false
hard_200,3e93400d84536298537cb5f370c91727ee36c72888b9611bd1e4e6738f1c653f,0.044859502,19,,false
hard_200,3e93400d84536298537cb5f370c91727ee36c72888b9611bd1e4e6738f1c653f,0.0304281,21,,false
hard_200,3e93400d84536298537cb5f370c91727ee36c72888b9611bd1e4e6738f1c653f,0.024636308,10,,false
hard_200,3e93400d84536298537cb5f370c91727ee36c72888b9611bd1e4e6738f1c653f,0.0020641608,5,,false
hard_200,3e93400d84536298537cb5f370c91727ee36c72888b9611bd1e4e6738f1c653f,0.03297072,19,,false
hard_200,3e93400d84536298537cb5f370c91727ee36c72888b9611bd1e4e6738f1c653f,0.12540929,37,,false
hard_200,3e93400d84536298537cb5f370c91727ee36c72888b9611bd1e4e6738f1c653f,0.056926582,17,,false
hard_200,3e93400d84536298537cb5f370c91727ee36c72888b9611bd1e4e6738f1c653f,0.17888759,56,,false
hard_200,3e93400d84536298537cb5f370c91727ee36c72888b9611bd1e4e6738f1c653f,0.044289406,23,,false
hard_200,3e93400d84536298537cb5f370c91727ee36c72888b9611bd1e4e6738f1c653f,0.05389814,19,,false
hard_200,3e93400d84536298537cb5f370c91727ee36c72888b9611bd1e4e6738f1c653f,0.04008425,23,,false
hard_200,3e93400d84536298537cb5f370c91727ee36c72888b9611bd1e4e6738f1c653f,0.048774224,17,,false
hard_200,3e93400d84536298537cb5f370c91727ee36c72888b9611bd1e4e6738f1c653f,0.033816695,13,,false
hard_200,45aeb6800ae08ee0e55e6ba7275b11973918a463c86bb5fce9da89a79758d4cc,0,0,,false
hard_200,45aeb6800ae08ee0e55e6ba7275b11973918a463c86bb5fce9da89a79758d4cc,0,0,,false
hard_200,45aeb6800ae08ee0e55e6ba7275b11973918a463c86bb5fce9da89a79758d4cc,0,0,,false
hard_200,45aeb6800ae08ee0e55e6ba7275b11973918a463c86bb5fce9da89a79758d4cc,0,0,,false
hard_200,45aeb6800ae08ee0e55e6ba7275b11973918a463c86bb5fce9da89a79758d4cc,0,0,,false
hard_200,45aeb6800ae08ee0e55e6ba7275b11973918a463c86bb5fce9da89a79758d4cc,0,0,,false
hard_200,45aeb6800ae08ee0e55e6ba7275b11973918a463c86bb5fce9da89a79758d4cc,0,0,,false
hard_200,45aeb6800ae08ee0e55e6ba7275b11973918a463c86bb5fce9da89a79758d4cc,0,0,,false
hard_200,45aeb6800ae08ee0e55e6ba7275b11973918a463c86bb5fce9da89a79758d4cc,0,0,,false
hard_200,45aeb6800ae08ee0e55e6ba7275b11973918a463c86bb5fce9da89a79758d4cc,0,0,,false
hard_200,45aeb6800ae08ee0e55e6ba7275b11973918a463c86bb5fce9da89a79758d4cc,0.02274125,10,,false
hard_200,45aeb6800ae08ee0e55e6ba7275b11973918a463c86bb5fce9da89a79758d4cc,0,0,,false
hard_200,45aeb6800ae08ee0e55e6ba7275b11973918a463c86bb5fce9da89a79758d4cc,0.003861718,9,,false
hard_200,45aeb6800ae08ee0e55e6ba7275b11973918a463c86bb5fce9da89a79758d4cc,0.0016226534,4,,false
hard_200,45aeb6800ae08ee0e55e6ba7275b11973918a463c86bb5fce9da89a79758d4cc,0,0,,false
hard_200,45aeb6800ae08ee0e55e6ba7275b11973918a463c86bb5fce9da89a79758d4cc,0,0,,false
hard_200,45aeb6800ae08ee0e55e6ba7275b11973918a463c86bb5fce9da89a79758d4cc,0.005491048,6,,false
hard_200,45aeb6800ae08ee0e55e6ba7275b11973918a463c86bb5fce9da89a79758d4cc,0.013875829,14,,false
hard_200,45aeb6800ae08ee0e55e6ba7275b11973918a463c86bb5fce9da89a79758d4cc,0.039889712,29,,false
hard_200,45aeb6800ae08ee0e55e6ba7275b11973918a463c86bb5fce9da89a79758d4cc,0.01057407,12,,false
hard_200,45aeb6800ae08ee0e55e6ba7275b11973918a463c86bb5fce9da89a79758d4cc,0,0,,false
hard_200,45aeb6800ae08ee0e55e6ba7275b11973918a463c86bb5fce9da89a79758d4cc,0.026150495,18,,false
hard_200,45aeb6800ae08ee0e55e6ba7275b11973918a463c86bb5fce9da89a79758d4cc,0.012133699,8,,false
hard_200,45aeb6800ae08ee0e55e6ba7275b11973918a463c86bb5fce9da89a79758d4cc,0.0021442224,2,,false
hard_200,45aeb6800ae08ee0e55e6ba7275b11973918a463c86bb5fce9da89a79758d4cc,0.02127832,14,,false
hard_200,45aeb6800ae08ee0e55e6ba7275b11973918a463c86bb5fce9da89a79758d4cc,0.017974691,11,,false
hard_200,45aeb6800ae08ee0e55e6ba7275b11973918a463c86bb5fce9da89a79758d4cc,0.016286127,18,,false
hard_200,45aeb6800ae08ee0e55e6ba7275b11973918a463c86bb5fce9da89a79758d4cc,0.008887913,8,,false
hard_200,45aeb6800ae08ee0e55e6ba7275b11973918a463c86bb5fce9da89a79758d4cc,0.22051239,48,,false
hard_200,45aeb6800ae08ee0e55e6ba7275b11973918a463c86bb5fce9da89a79758d4cc,0.026124666,19,,false
hard_200,45aeb6800ae08ee0e55e6ba7275b11973918a463c86bb5fce9da89a79758d4cc,0.02012214,18,,false
hard_200,6e16736f01508d7231dda724436a4ef7ff0649df37540d1fc7a1bb193676ee9e,0,0,,false
hard_200,6e16736f01508d7231dda724436a4ef7ff0649df37540d1fc7a1bb193676ee9e,0,0,,false
hard_200,6e16736f01508d7231dda724436a4ef7ff0649df37540d1fc7a1bb193676ee9e,0,0,,false
hard_200,6e16736f01508d7231dda724436a4ef7ff0649df37540d1fc7a1bb193676ee9e,0.008443997,5,,false
hard_200,6e16736f01508d7231dda724436a4ef7ff0649df37540d1fc7a1bb193676ee9e,0,0,,false
hard_200,6e16736f01508d7231dda724436a4ef7ff0649df37540d1fc7a1bb193676ee9e,0,0,,false
hard_200,6e16736f01508d7231dda724436a4ef7ff0649df37540d1fc7a1bb193676ee9e,0.011140768,8,,false
hard_200,6e16736f01508d7231dda724436a4ef7ff0649df37540d1fc7a1bb193676ee9e,0.0072222156,9,,false
hard_200,6e16736f01508d7231dda724436a4ef7ff0649df37540d1fc7a1bb193676ee9e,0.006327656,4,,false
hard_200,6e16736f01508d7231dda724436a4ef7ff0649df37540d1fc7a1bb193676ee9e,0.008151147,5,,false
hard_200,6e16736f01508d7231dda724436a4ef7ff0649df37540d1fc7a1bb193676ee9e,0.012259953,12,,false
hard_200,6e16736f01508d7231dda724436a4ef7ff0649df37540d1fc7a1bb193676ee9e,0,0,,false
hard_200,6e16736f01508d7231dda724436a4ef7ff0649df37540d1fc7a1bb193676ee9e,0,0,,false
hard_200,6e16736f01508d7231dda724436a4ef7ff0649df37540d1fc7a1bb193676ee9e,0.02828558,12,,false
hard_200,6e16736f01508d7231dda724436a4ef7ff0649df37540d1fc7a1bb193676ee9e,0,0,,false
hard_200,6e16736f01508d7231dda724436a4ef7ff0649df37540d1fc7a1bb193676ee9e,0.028076034,18,,false
hard_200,6e16736f01508d7231dda724436a4ef7ff0649df37540d1fc7a1bb193676ee9e,0.020159453,13,,false
hard_200,6e16736f01508d7231dda724436a4ef7ff0649df37540d1fc7a1bb193676ee9e,0.044264495,19,,false
hard_200,6e16736f01508d7231dda724436a4ef7ff0649df37540d1fc7a1bb193676ee9e,0.015250505,9,,false
hard_200,6e16736f01508d7231dda724436a4ef7ff0649df37540d1fc7a1bb193676ee9e,0.018476902,13,,false
hard_200,6e16736f01508d7231dda724436a4ef7ff0649df37540d1fc7a1bb193676ee9e,0.017891774,8,,false
hard_200,6e16736f01508d7231dda724436a4ef7ff0649df37540d1fc7a1bb193676ee9e,0.02767499,10,,false
hard_200,6e16736f01508d7231dda724436a4ef7ff0649df37540d1fc7a1bb193676ee9e,0.036637984,11,,false
hard_200,6e16736f01508d7231dda724436a4ef7ff0649df37540d1fc7a1bb193676ee9e,0.042597324,21,,false
hard_200,6e16736f01508d7231dda724436a4ef7ff0649df37540d1fc7a1bb193676ee9e,0.045770142,25,,false
hard_200,6e16736f01508d7231dda724436a4ef7ff0649df37540d1fc7a1bb193676ee9e,0.020477295,10,,false
hard_200,6e16736f01508d7231dda724436a4ef7ff0649df37540d1fc7a1bb193676ee9e,0.18662322,46,,false
hard_200,6e16736f01508d7231dda724436a4ef7ff0649df37540d1fc7a1bb193676ee9e,0.15818974,43,,false
hard_200,6e16736f01508d7231dda724436a4ef7ff0649df37540d1fc7a1bb193676ee9e,0.037783876,19,,false
hard_200,6e16736f01508d7231dda724436a4ef7ff0649df37540d1fc7a1bb193676ee9e,0.04268017,17,,false
hard_200,6e16736f01508d7231dda724436a4ef7ff0649df37540d1fc7a1bb193676ee9e,0.0065611666,10,,false
hard_200,6e16736f01508d7231dda724436a4ef7ff0649df37540d1fc7a1bb193676ee9e,0.048098743,13,,false
hard_200,bfb95d2d970307b7745b987e08387cab6ca387ddfa80022a32fbd22c1086bbd9,0.00026092236,2,,false
hard_200,bfb95d2d970307b7745b987e08387cab6ca387ddfa80022a32fbd22c1086bbd9,0,0,,false
hard_200,bfb95d2d970307b7745b987e08387cab6ca387ddfa80022a32fbd22c1086bbd9,0,0,,false
hard_200,bfb95d2d970307b7745b987e08387cab6ca387ddfa80022a32fbd22c1086bbd9,0.009564819,6,,false
hard_200,bfb95d2d970307b7745b987e08387cab6ca387ddfa80022a32fbd22c1086bbd9,0.0015951599,3,,false
hard_200,bfb95d2d970307b7745b987e08387cab6ca387ddfa80022a32fbd22c1086bbd9,0.01182608,6,,false
hard_200,bfb95d2d970307b7745b987e08387cab6ca387ddfa80022a32fbd22c1086bbd9,0,0,,false
hard_200,bfb95d2d970307b7745b987e08387cab6ca387ddfa80022a32fbd22c1086bbd9,0.0063986895,4,,false
hard_200,bfb95d2d970307b7745b987e08387cab6ca387ddfa80022a32fbd22c1086bbd9,0.0017438143,2,,false
hard_200,bfb95d2d970307b7745b987e08387cab6ca387ddfa80022a32fbd22c1086bbd9,0.028243307,9,,false
hard_200,bfb95d2d970307b7745b987e08387cab6ca387ddfa80022a32fbd22c1086bbd9,0,0,,false
hard_200,bfb95d2d970307b7745b987e08387cab6ca387ddfa80022a32fbd22c1086bbd9,0.05475426,16,,false
hard_200,bfb95d2d970307b7745b987e08387cab6ca387ddfa80022a32fbd22c1086bbd9,0.013721248,10,,false
hard_200,bfb95d2d970307b7745b987e08387cab6ca387ddfa80022a32fbd22c1086bbd9,0,0,,false
hard_200,bfb95d2d970307b7745b987e08387cab6ca387ddfa80022a32fbd22c1086bbd9,0.021666761,11,,false
hard_200,bfb95d2d970307b7745b987e08387cab6ca387ddfa80022a32fbd22c1086bbd9,0.028014794,9,,false
hard_200,bfb95d2d970307b7745b987e08387cab6ca387ddfa80022a32fbd22c1086bbd9,0.03140603,18,,false
hard_200,bfb95d2d970307b7745b987e08387cab6ca387ddfa80022a32fbd22c1086bbd9,0.046653695,20,,false
hard_200,bfb95d2d970307b7745b987e08387cab6ca387ddfa80022a32fbd22c1086bbd9,0.062104438,24,,false
hard_200,bfb95d2d970307b7745b987e08387cab6ca387ddfa80022a32fbd22c1086bbd9,0,0,,false
hard_200,bfb95d2d970307b7745b987e08387cab6ca387ddfa80022a32fbd22c1086bbd9,0.04635035,21,,false
hard_200,bfb95d2d970307b7745b987e08387cab6ca387ddfa80022a32fbd22c1086bbd9,0.029525295,15,,false
hard_200,bfb95d2d970307b7745b987e08387cab6ca387ddfa80022a32fbd22c1086bbd9,0.011738312,7,,false
hard_200,bfb95d2d970307b7745b987e08387cab6ca387ddfa80022a32fbd22c1086bbd9,0.03996884,17,,false
hard_200,bfb95d2d970307b7745b987e08387cab6ca387ddfa80022a32fbd22c1086bbd9,0.000308364,3,,false
hard_200,bfb95d2d970307b7745b987e08387cab6ca387ddfa80022a32fbd22c1086bbd9,0.014106329,4,,false
hard_200,bfb95d2d970307b7745b987e08387cab6ca387ddfa80022a32fbd22c1086bbd9,0.03780875,19,,false
hard_200,bfb95d2d970307b7745b987e08387cab6ca387ddfa80022a32fbd22c1086bbd9,0.18376109,49,,false
hard_200,bfb95d2d970307b7745b987e08387cab6ca387ddfa80022a32fbd22c1086bbd9,0.04396441,24,,false
hard_200,bfb95d2d970307b7745b987e08387cab6ca387ddfa80022a32fbd22c1086bbd9,0.03393729,20,,false
hard_200,bfb95d2d970307b7745b987e08387cab6ca387ddfa80022a32fbd22c1086bbd9,0.03183403,10,,false
hard_200,2781f9a509de1161a7721a16d8e7af33ed3ccffc29a39f33a0e4732338ee4f7b,0.0043102764,3,,false
hard_200,2781f9a509de1161a7721a16d8e7af33ed3ccffc29a39f33a0e4732338ee4f7b,0.00096016226,2,,false
hard_200,2781f9a509de1161a7721a16d8e7af33ed3ccffc29a39f33a0e4732338ee4f7b,0,0,,false
hard_200,2781f9a509de1161a7721a16d8e7af33ed3ccffc29a39f33a0e4732338ee4f7b,0,0,,false
hard_200,2781f9a509de1161a7721a16d8e7af33ed3ccffc29a39f33a0e4732338ee4f7b,0.01685577,18,,false
hard_200,2781f9a509de1161a7721a16d8e7af33ed3ccffc29a39f33a0e4732338ee4f7b,0,0,,false
hard_200,2781f9a509de1161a7721a16d8e7af33ed3ccffc29a39f33a0e4732338ee4f7b,0.0066745738,6,,false
hard_200,2781f9a509de1161a7721a16d8e7af33ed3ccffc29a39f33a0e4732338ee4f7b,0.006710723,6,,false
hard_200,2781f9a509de1161a7721a16d8e7af33ed3ccffc29a39f33a0e4732338ee4f7b,0.0019426447,5,,false
hard_200,2781f9a509de1161a7721a16d8e7af33ed3ccffc29a39f33a0e4732338ee4f7b,0.003707773,3,,false
hard_200,2781f9a509de1161a7721a16d8e7af33ed3ccffc29a39f33a0e4732338ee4f7b,0.0004404457,3,,false
hard_200,2781f9a509de1161a7721a16d8e7af33ed3ccffc29a39f33a0e4732338ee4f7b,0.0019950226,1,,false
hard_200,2781f9a509de1161a7721a16d8e7af33ed3ccffc29a39f33a0e4732338ee4f7b,0.00435272,4,,false
hard_200,2781f9a509de1161a7721a16d8e7af33ed3ccffc29a39f33a0e4732338ee4f7b,0.02420025,12,,false
hard_200,2781f9a509de1161a7721a16d8e7af33ed3ccffc29a39f33a0e4732338ee4f7b,0.009312634,8,,false
hard_200,2781f9a509de1161a7721a16d8e7af33ed3ccffc29a39f33a0e4732338ee4f7b,0.049363356,21,,false
hard_200,2781f9a509de1161a7721a16d8e7af33ed3ccffc29a39f33a0e4732338ee4f7b,0.011295124,2,,false
hard_200,2781f9a509de1161a7721a16d8e7af33ed3ccffc29a39f33a0e4732338ee4f7b,0.023767702,15,,false
hard_200,2781f9a509de1161a7721a16d8e7af33ed3ccffc29a39f33a0e4732338ee4f7b,0.017337061,12,,false
hard_200,2781f9a509de1161a7721a16d8e7af33ed3ccffc29a39f33a0e4732338ee4f7b,0.034928087,19,,false
hard_200,2781f9a509de1161a7721a16d8e7af33ed3ccffc29a39f33a0e4732338ee4f7b,0.0073314374,4,,false
hard_200,2781f9a509de1161a7721a16d8e7af33ed3ccffc29a39f33a0e4732338ee4f7b,0.023244392,18,,false
hard_200,2781f9a509de1161a7721a16d8e7af33ed3ccffc29a39f33a0e4732338ee4f7b,0.05492044,18,,false
hard_200,2781f9a509de1161a7721a16d8e7af33ed3ccffc29a39f33a0e4732338ee4f7b,0.009275496,9,,false
hard_200,2781f9a509de1161a7721a16d8e7af33ed3ccffc29a39f33a0e4732338ee4f7b,0.017986327,11,,false
hard_200,2781f9a509de1161a7721a16d8e7af33ed3ccffc29a39f33a0e4732338ee4f7b,0.03665264,16,,false
hard_200,2781f9a509de1161a7721a16d8e7af33ed3ccffc29a39f33a0e4732338ee4f7b,0.01210135,10,,false
hard_200,2781f9a509de1161a7721a16d8e7af33ed3ccffc29a39f33a0e4732338ee4f7b,0.008617183,4,,false
hard_200,2781f9a509de1161a7721a16d8e7af33ed3ccffc29a39f33a0e4732338ee4f7b,0.036324047,17,,false
hard_200,2781f9a509de1161a7721a16d8e7af33ed3ccffc29a39f33a0e4732338ee4f7b,0.030959679,25,,false
hard_200,2781f9a509de1161a7721a16d8e7af33ed3ccffc29a39f33a0e4732338ee4f7b,0.12218799,35,,false
hard_200,2781f9a509de1161a7721a16d8e7af33ed3ccffc29a39f33a0e4732338ee4f7b,0.23153974,52,,false
hard_200,82711ee8d6219f6fa5a9c7bcdf69bfa554835b3056a99cb69baba911a061abb6,0,0,,false
hard_200,82711ee8d6219f6fa5a9c7bcdf69bfa554835b3056a99cb69baba911a061abb6,0,0,,false
hard_200,82711ee8d6219f6fa5a9c7bcdf69bfa554835b3056a99cb69baba911a061abb6,0,0,,false
hard_200,82711ee8d6219f6fa5a9c7bcdf69bfa554835b3056a99cb69baba911a061abb6,0.00022952599,1,,false
hard_200,82711ee8d6219f6fa5a9c7bcdf69bfa554835b3056a99cb69baba911a061abb6,0,0,,false
hard_200,82711ee8d6219f6fa5a9c7bcdf69bfa554835b3056a99cb69baba911a061abb6,0.0049310387,7,,false
hard_200,82711ee8d6219f6fa5a9c7bcdf69bfa554835b3056a99cb69baba911a061abb6,0,0,,false
hard_200,82711ee8d6219f6fa5a9c7bcdf69bfa554835b3056a99cb69baba911a061abb6,0.034168705,18,,false
hard_200,82711ee8d6219f6fa5a9c7bcdf69bfa554835b3056a99cb69baba911a061abb6,0.0007063774,1,,false
hard_200,82711ee8d6219f6fa5a9c7bcdf69bfa554835b3056a99cb69baba911a061abb6,0.0005033314,1,,false
hard_200,82711ee8d6219f6fa5a9c7bcdf69bfa554835b3056a99cb69baba911a061abb6,0.012561774,6,,false
hard_200,82711ee8d6219f6fa5a9c7bcdf69bfa554835b3056a99cb69baba911a061abb6,0.0038506514,5,,false
hard_200,82711ee8d6219f6fa5a9c7bcdf69bfa554835b3056a99cb69baba911a061abb6,0.039121438,16,,false
hard_200,82711ee8d6219f6fa5a9c7bcdf69bfa554835b3056a99cb69baba911a061abb6,0.00887272,9,,false
hard_200,82711ee8d6219f6fa5a9c7bcdf69bfa554835b3056a99cb69baba911a061abb6,0.002312911,6,,false
hard_200,82711ee8d6219f6fa5a9c7bcdf69bfa554835b3056a99cb69baba911a061abb6,0.0014632252,4,,false
hard_200,82711ee8d6219f6fa5a9c7bcdf69bfa554835b3056a99cb69baba911a061abb6,0.01759576,14,,false
hard_200,82711ee8d6219f6fa5a9c7bcdf69bfa554835b3056a99cb69baba911a061abb6,0.03158535,20,,false
hard_200,82711ee8d6219f6fa5a9c7bcdf69bfa554835b3056a99cb69baba911a061abb6,0.009994107,7,,false
hard_200,82711ee8d6219f6fa5a9c7bcdf69bfa554835b3056a99cb69baba911a061abb6,0.015438624,8,,false
hard_200,82711ee8d6219f6fa5a9c7bcdf69bfa554835b3056a99cb69baba911a061abb6,0.060003124,18,,false
hard_200,82711ee8d6219f6fa5a9c7bcdf69bfa554835b3056a99cb69baba911a061abb6,0.008477032,3,,false
hard_200,82711ee8d6219f6fa5a9c7bcdf69bfa554835b3056a99cb69baba911a061abb6,0.0027985408,6,,false
hard_200,82711ee8d6219f6fa5a9c7bcdf69bfa554835b3056a99cb69baba911a061abb6,0.03937006,14,,false
hard_200,82711ee8d6219f6fa5a9c7bcdf69bfa554835b3056a99cb69baba911a061abb6,0.014902715,12,,false
hard_200,82711ee8d6219f6fa5a9c7bcdf69bfa554835b3056a99cb69baba911a061abb6,0.0072849477,9,,false
hard_200,82711ee8d6219f6fa5a9c7bcdf69bfa554835b3056a99cb69baba911a061abb6,0.012055989,9,,false
hard_200,82711ee8d6219f6fa5a9c7bcdf69bfa554835b3056a99cb69baba911a061abb6,0.033569623,24,,false
hard_200,82711ee8d6219f6fa5a9c7bcdf69bfa554835b3056a99cb69baba911a061abb6,0.03180638,16,,false
hard_200,073b02e126334b812f691066afc18ab419c22abf231f64dce0a1bc7ea5a571ea,0.01487433,27,,false
hard_200,073b02e126334b812f691066afc18ab419c22abf231f64dce0a1bc7ea5a571ea,0.00020316282,1,,false
hard_200,073b02e126334b812f691066afc18ab419c22abf231f64dce0a1bc7ea5a571ea,0.029062692,10,,false
hard_200,073b02e126334b812f691066afc18ab419c22abf231f64dce0a1bc7ea5a571ea,0.0011689455,3,,false
hard_200,073b02e126334b812f691066afc18ab419c22abf231f64dce0a1bc7ea5a571ea,0.00061740325,1,,false
hard_200,073b02e126334b812f691066afc18ab419c22abf231f64dce0a1bc7ea5a571ea,0,0,,false
hard_200,073b02e126334b812f691066afc18ab419c22abf231f64dce0a1bc7ea5a571ea,0,0,,false
hard_200,073b02e126334b812f691066afc18ab419c22abf231f64dce0a1bc7ea5a571ea,0.00059681747,2,,false
hard_200,073b02e126334b812f691066afc18ab419c22abf231f64dce0a1bc7ea5a571ea,0.018780025,14,,false
hard_200,073b02e126334b812f691066afc18ab419c22abf231f64dce0a1bc7ea5a571ea,0.015176025,16,,false
hard_200,073b02e126334b812f691066afc18ab419c22abf231f64dce0a1bc7ea5a571ea,0,0,,false
hard_200,073b02e126334b812f691066afc18ab419c22abf231f64dce0a1bc7ea5a571ea,0.0052147238,6,,false
hard_200,073b02e126334b812f691066afc18ab419c22abf231f64dce0a1bc7ea5a571ea,0.058161188,25,,false
hard_200,073b02e126334b812f691066afc18ab419c22abf231f64dce0a1bc7ea5a571ea,0.0031137934,1,,false
hard_200,073b02e126334b812f691066afc18ab419c22abf231f64dce0a1bc7ea5a571ea,0.026458528,16,,false
hard_200,073b02e126334b812f691066afc18ab419c22abf231f64dce0a1bc7ea5a571ea,0.005840288,6,,false
hard_200,073b02e126334b812f691066afc18ab419c22abf231f64dce0a1bc7ea5a571ea,0.016136717,4,,false
hard_200,073b02e126334b812f691066afc18ab419c22abf231f64dce0a1bc7ea5a571ea,0,0,,false
hard_200,073b02e126334b812f691066afc18ab419c22abf231f64dce0a1bc7ea5a571ea,0.0046511,3,,false
hard_200,073b02e126334b812f691066afc18ab419c22abf231f64dce0a1bc7ea5a571ea,0.01978515,9,,false
hard_200,073b02e126334b812f691066afc18ab419c22abf231f64dce0a1bc7ea5a571ea,0.0059049823,7,,false
hard_200,073b02e126334b812f691066afc18ab419c22abf231f64dce0a1bc7ea5a571ea,0.008588081,5,,false
hard_200,073b02e126334b812f691066afc18ab419c22abf231f64dce0a1bc7ea5a571ea,0.00844027,6,,false
hard_200,073b02e126334b812f691066afc18ab419c22abf231f64dce0a1bc7ea5a571ea,0.023561668,17,,false
hard_200,073b02e126334b812f691066afc18ab419c22abf231f64dce0a1bc7ea5a571ea,0.026354596,14,,false
hard_200,073b02e126334b812f691066afc18ab419c22abf231f64dce0a1bc7ea5a571ea,0.0063181813,8,,false
hard_200,073b02e126334b812f691066afc18ab419c22abf231f64dce0a1bc7ea5a571ea,0.002598517,6,,false
hard_200,073b02e126334b812f691066afc18ab419c22abf231f64dce0a1bc7ea5a571ea,0.0028529358,3,,false
hard_200,073b02e126334b812f691066afc18ab419c22abf231f64dce0a1bc7ea5a571ea,0.021438885,16,,false
hard_200,073b02e126334b812f691066afc18ab419c22abf231f64dce0a1bc7ea5a571ea,0.03935099,19,,false
hard_200,818eeed4ac38c3ba14586372e9369be9a8b476b1c98290c3867c98e4eec20714,0,0,,false
hard_200,818eeed4ac38c3ba14586372e9369be9a8b476b1c98290c3867c98e4eec20714,0,0,,false
hard_200,818eeed4ac38c3ba14586372e9369be9a8b476b1c98290c3867c98e4eec20714,0,0,,false
hard_200,818eeed4ac38c3ba14586372e9369be9a8b476b1c98290c3867c98e4eec20714,0,0,,false
hard_200,818eeed4ac38c3ba14586372e9369be9a8b476b1c98290c3867c98e4eec20714,0,0,,false
hard_200,818eeed4ac38c3ba14586372e9369be9a8b476b1c98290c3867c98e4eec20714,0,0,,false
hard_200,818eeed4ac38c3ba14586372e9369be9a8b476b1c98290c3867c98e4eec20714,0,0,,false
hard_200,818eeed4ac38c3ba14586372e9369be9a8b476b1c98290c3867c98e4eec20714,0,0,,false
hard_200,818eeed4ac38c3ba14586372e9369be9a8b476b1c98290c3867c98e4eec20714,0,0,,false
hard_200,818eeed4ac38c3ba14586372e9369be9a8b476b1c98290c3867c98e4eec20714,0.0007428003,1,,false
hard_200,818eeed4ac38c3ba14586372e9369be9a8b476b1c98290c3867c98e4eec20714,0.014328334,8,,false
hard_200,818eeed4ac38c3ba14586372e9369be9a8b476b1c98290c3867c98e4eec20714,0.0008469115,1,,false
hard_200,818eeed4ac38c3ba14586372e9369be9a8b476b1c98290c3867c98e4eec20714,0.0051369444,6,,false
hard_200,818eeed4ac38c3ba14586372e9369be9a8b476b1c98290c3867c98e4eec20714,0.014815314,11,,false
hard_200,818eeed4ac38c3ba14586372e9369be9a8b476b1c98290c3867c98e4eec20714,0.03168714,18,,false
hard_200,818eeed4ac38c3ba14586372e9369be9a8b476b1c98290c3867c98e4eec20714,0.04301618,13,,false
hard_200,818eeed4ac38c3ba14586372e9369be9a8b476b1c98290c3867c98e4eec20714,0.00811344,9,,false
hard_200,818eeed4ac38c3ba14586372e9369be9a8b476b1c98290c3867c98e4eec20714,0.0000066976813,1,,false
hard_200,818eeed4ac38c3ba14586372e9369be9a8b476b1c98290c3867c98e4eec20714,0.0031521842,6,,false
hard_200,818eeed4ac38c3ba14586372e9369be9a8b476b1c98290c3867c98e4eec20714,0.235443,50,,false
hard_200,818eeed4ac38c3ba14586372e9369be9a8b476b1c98290c3867c98e4eec20714,0.006151502,5,,false
hard_200,818eeed4ac38c3ba14586372e9369be9a8b476b1c98290c3867c98e4eec20714,0.028466111,11,,false
hard_200,818eeed4ac38c3ba14586372e9369be9a8b476b1c98290c3867c98e4eec20714,0,0,,false
hard_200,818eeed4ac38c3ba14586372e9369be9a8b476b1c98290c3867c98e4eec20714,0,0,,false
hard_200,818eeed4ac38c3ba14586372e9369be9a8b476b1c98290c3867c98e4eec20714,0.0025544183,3,,false
hard_200,818eeed4ac38c3ba14586372e9369be9a8b476b1c98290c3867c98e4eec20714,0.030412983,14,,false
hard_200,818eeed4ac38c3ba14586372e9369be9a8b476b1c98290c3867c98e4eec20714,0.05243719,25,,false
hard_200,818eeed4ac38c3ba14586372e9369be9a8b476b1c98290c3867c98e4eec20714,0.040820073,20,,false
hard_200,818eeed4ac38c3ba14586372e9369be9a8b476b1c98290c3867c98e4eec20714,0.004739421,6,,false
hard_200,818eeed4ac38c3ba14586372e9369be9a8b476b1c98290c3867c98e4eec20714,0.018197576,19,,false
hard_200,818eeed4ac38c3ba14586372e9369be9a8b476b1c98290c3867c98e4eec20714,0.02511718,11,,false
hard_200,818eeed4ac38c3ba14586372e9369be9a8b476b1c98290c3867c98e4eec20714,0.14082685,41,,false
hard_200,63a3217586b32f4c429aa0ebd2e1e33729702572f85568e6ff8b12e9d7a1665c,0.020354996,28,,false
hard_200,63a3217586b32f4c429aa0ebd2e1e33729702572f85568e6ff8b12e9d7a1665c,0,0,,false
hard_200,63a3217586b32f4c429aa0ebd2e1e33729702572f85568e6ff8b12e9d7a1665c,0,0,,false
hard_200,63a3217586b32f4c429aa0ebd2e1e33729702572f85568e6ff8b12e9d7a1665c,0,0,,false
hard_200,63a3217586b32f4c429aa0ebd2e1e33729702572f85568e6ff8b12e9d7a1665c,0,0,,false
hard_200,63a3217586b32f4c429aa0ebd2e1e33729702572f85568e6ff8b12e9d7a1665c,0,0,,false
hard_200,63a3217586b32f4c429aa0ebd2e1e33729702572f85568e6ff8b12e9d7a1665c,0.0025391986,4,,false
hard_200,63a3217586b32f4c429aa0ebd2e1e33729702572f85568e6ff8b12e9d7a1665c,0.0051901094,5,,false
hard_200,63a3217586b32f4c429aa0ebd2e1e33729702572f85568e6ff8b12e9d7a1665c,0.0007571608,2,,false
hard_200,63a3217586b32f4c429aa0ebd2e1e33729702572f85568e6ff8b12e9d7a1665c,0.0054018856,11,,false
hard_200,63a3217586b32f4c429aa0ebd2e1e33729702572f85568e6ff8b12e9d7a1665c,0.013443417,7,,false
hard_200,63a3217586b32f4c429aa0ebd2e1e33729702572f85568e6ff8b12e9d7a1665c,0,0,,false
hard_200,63a3217586b32f4c429aa0ebd2e1e33729702572f85568e6ff8b12e9d7a1665c,0.006810684,12,,false
hard_200,63a3217586b32f4c429aa0ebd2e1e33729702572f85568e6ff8b12e9d7a1665c,0.0010691066,1,,false
hard_200,63a3217586b32f4c429aa0ebd2e1e33729702572f85568e6ff8b12e9d7a1665c,0.0036054226,1,,false
hard_200,63a3217586b32f4c429aa0ebd2e1e33729702572f85568e6ff8b12e9d7a1665c,0.0027630432,7,,false
hard_200,63a3217586b32f4c429aa0ebd2e1e33729702572f85568e6ff8b12e9d7a1665c,0.020994117,10,,false
hard_200,63a3217586b32f4c429aa0ebd2e1e33729702572f85568e6ff8b12e9d7a1665c,0.0013613828,1,,false
hard_200,63a3217586b32f4c429aa0ebd2e1e33729702572f85568e6ff8b12e9d7a1665c,0.012602189,3,,false
hard_200,63a3217586b32f4c429aa0ebd2e1e33729702572f85568e6ff8b12e9d7a1665c,0.0019955083,2,,false
hard_200,63a3217586b32f4c429aa0ebd2e1e33729702572f85568e6ff8b12e9d7a1665c,0.0015232784,2,,false
hard_200,63a3217586b32f4c429aa0ebd2e1e33729702572f85568e6ff8b12e9d7a1665c,0.025777131,14,,false
hard_200,63a3217586b32f4c429aa0ebd2e1e33729702572f85568e6ff8b12e9d7a1665c,0.0043468187,6,,false
hard_200,63a3217586b32f4c429aa0ebd2e1e33729702572f85568e6ff8b12e9d7a1665c,0.0025910053,4,,false
hard_200,63a3217586b32f4c429aa0ebd2e1e33729702572f85568e6ff8b12e9d7a1665c,0.0022040089,5,,false
hard_200,63a3217586b32f4c429aa0ebd2e1e33729702572f85568e6ff8b12e9d7a1665c,0.009281051,6,,false
hard_200,63a3217586b32f4c429aa0ebd2e1e33729702572f85568e6ff8b12e9d7a1665c,0.029476788,12,,false
hard_200,63a3217586b32f4c429aa0ebd2e1e33729702572f85568e6ff8b12e9d7a1665c,0.0028144147,3,,false
hard_200,63a3217586b32f4c429aa0ebd2e1e33729702572f85568e6ff8b12e9d7a1665c,0.028336482,17,,false
hard_200,63a3217586b32f4c429aa0ebd2e1e33729702572f85568e6ff8b12e9d7a1665c,0.046488043,19,,false
hard_200,dbe5f44895bfe89e98a45e8cb84c84a8f857902e96732f2ce2781e98d9e85d69,0,0,,false
hard_200,dbe5f44895bfe89e98a45e8cb84c84a8f857902e96732f2ce2781e98d9e85d69,0,0,,false
hard_200,dbe5f44895bfe89e98a45e8cb84c84a8f857902e96732f2ce2781e98d9e85d69,0.0076415967,6,,false
hard_200,dbe5f44895bfe89e98a45e8cb84c84a8f857902e96732f2ce2781e98d9e85d69,0.00218871,3,,false
hard_200,dbe5f44895bfe89e98a45e8cb84c84a8f857902e96732f2ce2781e98d9e85d69,0,0,,false
hard_200,dbe5f44895bfe89e98a45e8cb84c84a8f857902e96732f2ce2781e98d9e85d69,0.017874997,9,,false
hard_200,dbe5f44895bfe89e98a45e8cb84c84a8f857902e96732f2ce2781e98d9e85d69,0.055687677,14,,false
hard_200,dbe5f44895bfe89e98a45e8cb84c84a8f857902e96732f2ce2781e98d9e85d69,0,0,,false
hard_200,dbe5f44895bfe89e98a45e8cb84c84a8f857902e96732f2ce2781e98d9e85d69,0,0,,false
hard_200,dbe5f44895bfe89e98a45e8cb84c84a8f857902e96732f2ce2781e98d9e85d69,0.0007087403,3,,false
hard_200,dbe5f44895bfe89e98a45e8cb84c84a8f857902e96732f2ce2781e98d9e85d69,0.01961278,9,,false
hard_200,dbe5f44895bfe89e98a45e8cb84c84a8f857902e96732f2ce2781e98d9e85d69,0,0,,false
hard_200,dbe5f44895bfe89e98a45e8cb84c84a8f857902e96732f2ce2781e98d9e85d69,0,0,,false
hard_200,dbe5f44895bfe89e98a45e8cb84c84a8f857902e96732f2ce2781e98d9e85d69,0.017301148,5,,false
hard_200,dbe5f44895bfe89e98a45e8cb84c84a8f857902e96732f2ce2781e98d9e85d69,0.021123782,18,,false
hard_200,dbe5f44895bfe89e98a45e8cb84c84a8f857902e96732f2ce2781e98d9e85d69,0,0,,false
hard_200,dbe5f44895bfe89e98a45e8cb84c84a8f857902e96732f2ce2781e98d9e85d69,0.047298834,24,,false
hard_200,dbe5f44895bfe89e98a45e8cb84c84a8f857902e96732f2ce2781e98d9e85d69,0.027840836,17,,false
hard_200,dbe5f44895bfe89e98a45e8cb84c84a8f857902e96732f2ce2781e98d9e85d69,0.020659065,7,,false
hard_200,dbe5f44895bfe89e98a45e8cb84c84a8f857902e96732f2ce2781e98d9e85d69,0.015257306,5,,false
hard_200,dbe5f44895bfe89e98a45e8cb84c84a8f857902e96732f2ce2781e98d9e85d69,0.005150498,4,,false
hard_200,dbe5f44895bfe89e98a45e8cb84c84a8f857902e96732f2ce2781e98d9e85d69,0,0,,false
hard_200,dbe5f44895bfe89e98a45e8cb84c84a8f857902e96732f2ce2781e98d9e85d69,0.0015854897,3,,false
hard_200,dbe5f44895bfe89e98a45e8cb84c84a8f857902e96732f2ce2781e98d9e85d69,0.04319143,20,,false
hard_200,dbe5f44895bfe89e98a45e8cb84c84a8f857902e96732f2ce2781e98d9e85d69,0.02944675,11,,false
hard_200,dbe5f44895bfe89e98a45e8cb84c84a8f857902e96732f2ce2781e98d9e85d69,0.0023080476,5,,false
hard_200,dbe5f44895bfe89e98a45e8cb84c84a8f857902e96732f2ce2781e98d9e85d69,0.02255326,12,,false
hard_200,dbe5f44895bfe89e98a45e8cb84c84a8f857902e96732f2ce2781e98d9e85d69,0.055151206,21,,false
hard_200,54bd1286194c6e0020f221cbac97bf560bbc34edd49d69d0b2ffa95962467620,0,0,,false
hard_200,54bd1286194c6e0020f221cbac97bf560bbc34edd49d69d0b2ffa95962467620,0,0,,false
hard_200,54bd1286194c6e0020f221cbac97bf560bbc34edd49d69d0b2ffa95962467620,0,0,,false
hard_200,54bd1286194c6e0020f221cbac97bf560bbc34edd49d69d0b2ffa95962467620,0,0,,false
hard_200,54bd1286194c6e0020f221cbac97bf560bbc34edd49d69d0b2ffa95962467620,0,0,,false
hard_200,54bd1286194c6e0020f221cbac97bf560bbc34edd49d69d0b2ffa95962467620,0,0,,false
hard_200,54bd1286194c6e0020f221cbac97bf560bbc34edd49d69d0b2ffa95962467620,0.005662658,5,,false
hard_200,54bd1286194c6e0020f221cbac97bf560bbc34edd49d69d0b2ffa95962467620,0,0,,false
hard_200,54bd1286194c6e0020f221cbac97bf560bbc34edd49d69d0b2ffa95962467620,0,0,,false
hard_200,54bd1286194c6e0020f221cbac97bf560bbc34edd49d69d0b2ffa95962467620,0.002656542,3,,false
hard_200,54bd1286194c6e0020f221cbac97bf560bbc34edd49d69d0b2ffa95962467620,0,0,,false
hard_200,54bd1286194c6e0020f221cbac97bf560bbc34edd49d69d0b2ffa95962467620,0.0033870207,3,,false
hard_200,54bd1286194c6e0020f221cbac97bf560bbc34edd49d69d0b2ffa95962467620,0.0005814608,1,,false
hard_200,54bd1286194c6e0020f221cbac97bf560bbc34edd49d69d0b2ffa95962467620,0.014357426,5,,false
hard_200,54bd1286194c6e0020f221cbac97bf560bbc34edd49d69d0b2ffa95962467620,0.044835478,20,,false
hard_200,54bd1286194c6e0020f221cbac97bf560bbc34edd49d69d0b2ffa95962467620,0.0039038006,6,,false
hard_200,54bd1286194c6e0020f221cbac97bf560bbc34edd49d69d0b2ffa95962467620,0.02988354,15,,false
hard_200,54bd1286194c6e0020f221cbac97bf560bbc34edd49d69d0b2ffa95962467620,0.05117156,17,,false
hard_200,54bd1286194c6e0020f221cbac97bf560bbc34edd49d69d0b2ffa95962467620,0.016694957,8,,false
hard_200,54bd1286194c6e0020f221cbac97bf560bbc34edd49d69d0b2ffa95962467620,0.025054717,11,,false
hard_200,54bd1286194c6e0020f221cbac97bf560bbc34edd49d69d0b2ffa95962467620,0.041913413,25,,false
hard_200,54bd1286194c6e0020f221cbac97bf560bbc34edd49d69d0b2ffa95962467620,0.00082959555,2,,false
hard_200,54bd1286194c6e0020f221cbac97bf560bbc34edd49d69d0b2ffa95962467620,0.009235551,5,,false
hard_200,54bd1286194c6e0020f221cbac97bf560bbc34edd49d69d0b2ffa95962467620,0.03286646,13,,false
hard_200,54bd1286194c6e0020f221cbac97bf560bbc34edd49d69d0b2ffa95962467620,0.03081612,11,,false
hard_200,54bd1286194c6e0020f221cbac97bf560bbc34edd49d69d0b2ffa95962467620,0.03787786,16,,false
hard_200,54bd1286194c6e0020f221cbac97bf560bbc34edd49d69d0b2ffa95962467620,0.0605836,19,,false
hard_200,54bd1286194c6e0020f221cbac97bf560bbc34edd49d69d0b2ffa95962467620,0.10835587,45,,false
hard_200,54bd1286194c6e0020f221cbac97bf560bbc34edd49d69d0b2ffa95962467620,0.020607946,14,,false
hard_200,54bd1286194c6e0020f221cbac97bf560bbc34edd49d69d0b2ffa95962467620,0.04168437,15,,false
hard_200,b991be3f064ee27290c4474acf1a0d060680eea2fede3e78c577e506f7ec70d3,0,0,,false
hard_200,b991be3f064ee27290c4474acf1a0d060680eea2fede3e78c577e506f7ec70d3,0,0,,false
hard_200,b991be3f064ee27290c4474acf1a0d060680eea2fede3e78c577e506f7ec70d3,0.036490012,17,,false
hard_200,b991be3f064ee27290c4474acf1a0d060680eea2fede3e78c577e506f7ec70d3,0.0000577657,1,,false
hard_200,b991be3f064ee27290c4474acf1a0d060680eea2fede3e78c577e506f7ec70d3,0,0,,false
hard_200,b991be3f064ee27290c4474acf1a0d060680eea2fede3e78c577e506f7ec70d3,0.0012016064,3,,false
hard_200,b991be3f064ee27290c4474acf1a0d060680eea2fede3e78c577e506f7ec70d3,0.00067035103,1,,false
hard_200,b991be3f064ee27290c4474acf1a0d060680eea2fede3e78c577e506f7ec70d3,0.0044758767,1,,false
hard_200,b991be3f064ee27290c4474acf1a0d060680eea2fede3e78c577e506f7ec70d3,0,0,,false
hard_200,b991be3f064ee27290c4474acf1a0d060680eea2fede3e78c577e506f7ec70d3,0,0,,false
hard_200,b991be3f064ee27290c4474acf1a0d060680eea2fede3e78c577e506f7ec70d3,0.0037022491,4,,false
hard_200,b991be3f064ee27290c4474acf1a0d060680eea2fede3e78c577e506f7ec70d3,0,0,,false
hard_200,b991be3f064ee27290c4474acf1a0d060680eea2fede3e78c577e506f7ec70d3,0.009235849,6,,false
hard_200,b991be3f064ee27290c4474acf1a0d060680eea2fede3e78c577e506f7ec70d3,0.013077182,7,,false
hard_200,b991be3f064ee27290c4474acf1a0d060680eea2fede3e78c577e506f7ec70d3,0.00027996497,3,,false
hard_200,b991be3f064ee27290c4474acf1a0d060680eea2fede3e78c577e506f7ec70d3,0.046648297,13,,false
hard_200,b991be3f064ee27290c4474acf1a0d060680eea2fede3e78c577e506f7ec70d3,0.023304433,15,,false
hard_200,b991be3f064ee27290c4474acf1a0d060680eea2fede3e78c577e506f7ec70d3,0.020473873,9,,false
hard_200,b991be3f064ee27290c4474acf1a0d060680eea2fede3e78c577e506f7ec70d3,0.015298994,13,,false
hard_200,b991be3f064ee27290c4474acf1a0d060680eea2fede3e78c577e506f7ec70d3,0.022611443,14,,false
hard_200,b991be3f064ee27290c4474acf1a0d060680eea2fede3e78c577e506f7ec70d3,0.033504408,12,,false
hard_200,b991be3f064ee27290c4474acf1a0d060680eea2fede3e78c577e506f7ec70d3,0.05607485,15,,false
hard_200,b991be3f064ee27290c4474acf1a0d060680eea2fede3e78c577e506f7ec70d3,0.03175655,14,,false
hard_200,b991be3f064ee27290c4474acf1a0d060680eea2fede3e78c577e506f7ec70d3,0.05434386,19,,false
hard_200,b991be3f064ee27290c4474acf1a0d060680eea2fede3e78c577e506f7ec70d3,0.0018969354,4,,false
hard_200,b991be3f064ee27290c4474acf1a0d060680eea2fede3e78c577e506f7ec70d3,0.17478745,49,,false
hard_200,b991be3f064ee27290c4474acf1a0d060680eea2fede3e78c577e506f7ec70d3,0.051744062,25,,false
hard_200,b991be3f064ee27290c4474acf1a0d060680eea2fede3e78c577e506f7ec70d3,0.056032762,17,,false
hard_200,b991be3f064ee27290c4474acf1a0d060680eea2fede3e78c577e506f7ec70d3,0.04713186,21,,false
hard_200,b991be3f064ee27290c4474acf1a0d060680eea2fede3e78c577e506f7ec70d3,0.019481907,16,,false
hard_200,b991be3f064ee27290c4474acf1a0d060680eea2fede3e78c577e506f7ec70d3,0.046300963,23,,false
hard_200,b991be3f064ee27290c4474acf1a0d060680eea2fede3e78c577e506f7ec70d3,0.021877442,14,,false
hard_200,db16ee31b2e525528379ef2aeb910dd617a0cf2c02ede0ed854710ec2b9571a1,0,0,,false
hard_200,db16ee31b2e525528379ef2aeb910dd617a0cf2c02ede0ed854710ec2b9571a1,0,0,,false
hard_200,db16ee31b2e525528379ef2aeb910dd617a0cf2c02ede0ed854710ec2b9571a1,0,0,,false
hard_200,db16ee31b2e525528379ef2aeb910dd617a0cf2c02ede0ed854710ec2b9571a1,0.007930416,4,,false
hard_200,db16ee31b2e525528379ef2aeb910dd617a0cf2c02ede0ed854710ec2b9571a1,0.013100806,5,,false
hard_200,db16ee31b2e525528379ef2aeb910dd617a0cf2c02ede0ed854710ec2b9571a1,0.0014532023,1,,false
hard_200,db16ee31b2e525528379ef2aeb910dd617a0cf2c02ede0ed854710ec2b9571a1,0.020217333,27,,false
hard_200,db16ee31b2e525528379ef2aeb910dd617a0cf2c02ede0ed854710ec2b9571a1,0.008702619,3,,false
hard_200,db16ee31b2e525528379ef2aeb910dd617a0cf2c02ede0ed854710ec2b9571a1,0,0,,false
hard_200,db16ee31b2e525528379ef2aeb910dd617a0cf2c02ede0ed854710ec2b9571a1,0.0130726835,11,,false
hard_200,db16ee31b2e525528379ef2aeb910dd617a0cf2c02ede0ed854710ec2b9571a1,0.029399144,18,,false
hard_200,db16ee31b2e525528379ef2aeb910dd617a0cf2c02ede0ed854710ec2b9571a1,0.028276866,15,,false
hard_200,db16ee31b2e525528379ef2aeb910dd617a0cf2c02ede0ed854710ec2b9571a1,0.03369235,14,,false
hard_200,db16ee31b2e525528379ef2aeb910dd617a0cf2c02ede0ed854710ec2b9571a1,0.0028667967,4,,false
hard_200,db16ee31b2e525528379ef2aeb910dd617a0cf2c02ede0ed854710ec2b9571a1,0.17758468,49,,false
hard_200,db16ee31b2e525528379ef2aeb910dd617a0cf2c02ede0ed854710ec2b9571a1,0.0019330106,3,,false
hard_200,db16ee31b2e525528379ef2aeb910dd617a0cf2c02ede0ed854710ec2b9571a1,0.049771626,17,,false
hard_200,db16ee31b2e525528379ef2aeb910dd617a0cf2c02ede0ed854710ec2b9571a1,0.047141805,17,,false
hard_200,db16ee31b2e525528379ef2aeb910dd617a0cf2c02ede0ed854710ec2b9571a1,0.01127906,6,,false
hard_200,db16ee31b2e525528379ef2aeb910dd617a0cf2c02ede0ed854710ec2b9571a1,0.029605346,8,,false
hard_200,db16ee31b2e525528379ef2aeb910dd617a0cf2c02ede0ed854710ec2b9571a1,0.032243997,12,,false
hard_200,db16ee31b2e525528379ef2aeb910dd617a0cf2c02ede0ed854710ec2b9571a1,0.0011848246,2,,false
hard_200,db16ee31b2e525528379ef2aeb910dd617a0cf2c02ede0ed854710ec2b9571a1,0.013062036,10,,false
hard_200,db16ee31b2e525528379ef2aeb910dd617a0cf2c02ede0ed854710ec2b9571a1,0.010926681,7,,false
hard_200,db16ee31b2e525528379ef2aeb910dd617a0cf2c02ede0ed854710ec2b9571a1,0.03155529,13,,false
hard_200,db16ee31b2e525528379ef2aeb910dd617a0cf2c02ede0ed854710ec2b9571a1,0.037108857,13,,false
hard_200,db16ee31b2e525528379ef2aeb910dd617a0cf2c02ede0ed854710ec2b9571a1,0.14891794,40,,false
hard_200,db16ee31b2e525528379ef2aeb910dd617a0cf2c02ede0ed854710ec2b9571a1,0.020623077,18,,false
hard_200,db16ee31b2e525528379ef2aeb910dd617a0cf2c02ede0ed854710ec2b9571a1,0.04661881,11,,false
hard_200,db16ee31b2e525528379ef2aeb910dd617a0cf2c02ede0ed854710ec2b9571a1,0.030668639,16,,false
hard_200,db16ee31b2e525528379ef2aeb910dd617a0cf2c02ede0ed854710ec2b9571a1,0.01691435,6,,false
hard_200,db16ee31b2e525528379ef2aeb910dd617a0cf2c02ede0ed854710ec2b9571a1,0.040217906,22,,false
hard_200,db16ee31b2e525528379ef2aeb910dd617a0cf2c02ede0ed854710ec2b9571a1,0.11247279,41,,false
hard_200,47864b6d2c58ee05e9ce68ee1ce1631b1ef406593201cacda9812948905b7d2e,0,0,,true
hard_200,47864b6d2c58ee05e9ce68ee1ce1631b1ef406593201cacda9812948905b7d2e,0,0,,true
hard_200,47864b6d2c58ee05e9ce68ee1ce1631b1ef406593201cacda9812948905b7d2e,0,0,,false
hard_200,47864b6d2c58ee05e9ce68ee1ce1631b1ef406593201cacda9812948905b7d2e,0,0,,true
hard_200,47864b6d2c58ee05e9ce68ee1ce1631b1ef406593201cacda9812948905b7d2e,0.049602337,13,,true
hard_200,47864b6d2c58ee05e9ce68ee1ce1631b1ef406593201cacda9812948905b7d2e,0.00023984695,1,,true
hard_200,47864b6d2c58ee05e9ce68ee1ce1631b1ef406593201cacda9812948905b7d2e,0,0,,true
hard_200,47864b6d2c58ee05e9ce68ee1ce1631b1ef406593201cacda9812948905b7d2e,0.010133582,6,,true
hard_200,47864b6d2c58ee05e9ce68ee1ce1631b1ef406593201cacda9812948905b7d2e,0,0,,true
hard_200,47864b6d2c58ee05e9ce68ee1ce1631b1ef406593201cacda9812948905b7d2e,0.0009603044,1,,true
hard_200,47864b6d2c58ee05e9ce68ee1ce1631b1ef406593201cacda9812948905b7d2e,0.017777488,12,,true
hard_200,47864b6d2c58ee05e9ce68ee1ce1631b1ef406593201cacda9812948905b7d2e,0.005523446,5,,true
hard_200,47864b6d2c58ee05e9ce68ee1ce1631b1ef406593201cacda9812948905b7d2e,0,0,,true
hard_200,47864b6d2c58ee05e9ce68ee1ce1631b1ef406593201cacda9812948905b7d2e,0.15615787,39,,false
hard_200,47864b6d2c58ee05e9ce68ee1ce1631b1ef406593201cacda9812948905b7d2e,0.028101303,19,,true
hard_200,47864b6d2c58ee05e9ce68ee1ce1631b1ef406593201cacda9812948905b7d2e,0.0007201292,5,,true
hard_200,47864b6d2c58ee05e9ce68ee1ce1631b1ef406593201cacda9812948905b7d2e,0,0,,false
hard_200,47864b6d2c58ee05e9ce68ee1ce1631b1ef406593201cacda9812948905b7d2e,0.0044374163,4,,true
hard_200,47864b6d2c58ee05e9ce68ee1ce1631b1ef406593201cacda9812948905b7d2e,0.0024780647,3,,true
hard_200,47864b6d2c58ee05e9ce68ee1ce1631b1ef406593201cacda9812948905b7d2e,0.018055417,11,,true
hard_200,47864b6d2c58ee05e9ce68ee1ce1631b1ef406593201cacda9812948905b7d2e,0,0,,true
hard_200,47864b6d2c58ee05e9ce68ee1ce1631b1ef406593201cacda9812948905b7d2e,0.13737337,48,,false
hard_200,47864b6d2c58ee05e9ce68ee1ce1631b1ef406593201cacda9812948905b7d2e,0,0,,true
hard_200,47864b6d2c58ee05e9ce68ee1ce1631b1ef406593201cacda9812948905b7d2e,0.0053417496,6,,true
hard_200,47864b6d2c58ee05e9ce68ee1ce1631b1ef406593201cacda9812948905b7d2e,0.038692653,13,,true
hard_200,47864b6d2c58ee05e9ce68ee1ce1631b1ef406593201cacda9812948905b7d2e,0.023768404,16,,true
hard_200,47864b6d2c58ee05e9ce68ee1ce1631b1ef406593201cacda9812948905b7d2e,0.0018845387,3,,true
hard_200,47864b6d2c58ee05e9ce68ee1ce1631b1ef406593201cacda9812948905b7d2e,0.033123784,11,,true
hard_200,47864b6d2c58ee05e9ce68ee1ce1631b1ef406593201cacda9812948905b7d2e,0.014953863,7,,true
hard_200,47864b6d2c58ee05e9ce68ee1ce1631b1ef406593201cacda9812948905b7d2e,0.0026458947,1,,false
hard_200,47864b6d2c58ee05e9ce68ee1ce1631b1ef406593201cacda9812948905b7d2e,0.025972469,17,,true
hard_200,47864b6d2c58ee05e9ce68ee1ce1631b1ef406593201cacda9812948905b7d2e,0.005896279,8,,true
hard_200,47864b6d2c58ee05e9ce68ee1ce1631b1ef406593201cacda9812948905b7d2e,0.06619686,16,,true
hard_200,47864b6d2c58ee05e9ce68ee1ce1631b1ef406593201cacda9812948905b7d2e,0.058589783,18,,true
hard_200,4398d4e4a36ae80c407173582daebf5eb45becbb7f4dc213032008b1229d39e4,0.0017221814,3,,false
hard_200,4398d4e4a36ae80c407173582daebf5eb45becbb7f4dc213032008b1229d39e4,0,0,,false
hard_200,4398d4e4a36ae80c407173582daebf5eb45becbb7f4dc213032008b1229d39e4,0,0,,false
hard_200,4398d4e4a36ae80c407173582daebf5eb45becbb7f4dc213032008b1229d39e4,0.056184623,10,,false
hard_200,4398d4e4a36ae80c407173582daebf5eb45becbb7f4dc213032008b1229d39e4,0.0012370726,3,,false
hard_200,4398d4e4a36ae80c407173582daebf5eb45becbb7f4dc213032008b1229d39e4,0.00051982066,1,,false
hard_200,4398d4e4a36ae80c407173582daebf5eb45becbb7f4dc213032008b1229d39e4,0,0,,false
hard_200,4398d4e4a36ae80c407173582daebf5eb45becbb7f4dc213032008b1229d39e4,0,0,,false
hard_200,4398d4e4a36ae80c407173582daebf5eb45becbb7f4dc213032008b1229d39e4,0.0069760764,8,,false
hard_200,4398d4e4a36ae80c407173582daebf5eb45becbb7f4dc213032008b1229d39e4,0.01368935,10,,false
hard_200,4398d4e4a36ae80c407173582daebf5eb45becbb7f4dc213032008b1229d39e4,0.0042251484,9,,false
hard_200,4398d4e4a36ae80c407173582daebf5eb45becbb7f4dc213032008b1229d39e4,0,0,,false
hard_200,4398d4e4a36ae80c407173582daebf5eb45becbb7f4dc213032008b1229d39e4,0,0,,false
hard_200,4398d4e4a36ae80c407173582daebf5eb45becbb7f4dc213032008b1229d39e4,0.0021188508,3,,false
hard_200,4398d4e4a36ae80c407173582daebf5eb45becbb7f4dc213032008b1229d39e4,0.0067160064,6,,false
hard_200,4398d4e4a36ae80c407173582daebf5eb45becbb7f4dc213032008b1229d39e4,0.0055493554,4,,false
hard_200,4398d4e4a36ae80c407173582daebf5eb45becbb7f4dc213032008b1229d39e4,0.04360109,24,,false
hard_200,4398d4e4a36ae80c407173582daebf5eb45becbb7f4dc213032008b1229d39e4,0.00030189598,1,,false
hard_200,4398d4e4a36ae80c407173582daebf5eb45becbb7f4dc213032008b1229d39e4,0.0068106987,5,,false
hard_200,4398d4e4a36ae80c407173582daebf5eb45becbb7f4dc213032008b1229d39e4,0.01887671,13,,false
hard_200,4398d4e4a36ae80c407173582daebf5eb45becbb7f4dc213032008b1229d39e4,0.02853333,10,,false
hard_200,4398d4e4a36ae80c407173582daebf5eb45becbb7f4dc213032008b1229d39e4,0.006333785,8,,false
hard_200,4398d4e4a36ae80c407173582daebf5eb45becbb7f4dc213032008b1229d39e4,0.025960932,15,,false
hard_200,4398d4e4a36ae80c407173582daebf5eb45becbb7f4dc213032008b1229d39e4,0.0023441284,5,,false
hard_200,4398d4e4a36ae80c407173582daebf5eb45becbb7f4dc213032008b1229d39e4,0.032733757,18,,false
hard_200,4398d4e4a36ae80c407173582daebf5eb45becbb7f4dc213032008b1229d39e4,0.036417484,7,,false
hard_200,4398d4e4a36ae80c407173582daebf5eb45becbb7f4dc213032008b1229d39e4,0.04156467,19,,false
hard_200,4398d4e4a36ae80c407173582daebf5eb45becbb7f4dc213032008b1229d39e4,0.050407805,29,,false
hard_200,4398d4e4a36ae80c407173582daebf5eb45becbb7f4dc213032008b1229d39e4,0.033254474,24,,false
hard_200,4398d4e4a36ae80c407173582daebf5eb45becbb7f4dc213032008b1229d39e4,0.04253103,24,,false
hard_200,4398d4e4a36ae80c407173582daebf5eb45becbb7f4dc213032008b1229d39e4,0.24052182,53,,false
hard_200,75965019fa4b5fb96b881ba5d4e5ed1ed99bfe3911f1975d4a822e13001e2a0d,0,0,,true
hard_200,75965019fa4b5fb96b881ba5d4e5ed1ed99bfe3911f1975d4a822e13001e2a0d,0.022716092,9,,true
hard_200,75965019fa4b5fb96b881ba5d4e5ed1ed99bfe3911f1975d4a822e13001e2a0d,0.002047929,4,,true
hard_200,75965019fa4b5fb96b881ba5d4e5ed1ed99bfe3911f1975d4a822e13001e2a0d,0,0,,true
hard_200,75965019fa4b5fb96b881ba5d4e5ed1ed99bfe3911f1975d4a822e13001e2a0d,0,0,,true
hard_200,75965019fa4b5fb96b881ba5d4e5ed1ed99bfe3911f1975d4a822e13001e2a0d,0,0,,true
hard_200,75965019fa4b5fb96b881ba5d4e5ed1ed99bfe3911f1975d4a822e13001e2a0d,0.008084825,9,,true
hard_200,75965019fa4b5fb96b881ba5d4e5ed1ed99bfe3911f1975d4a822e13001e2a0d,0.009431595,7,,true
hard_200,75965019fa4b5fb96b881ba5d4e5ed1ed99bfe3911f1975d4a822e13001e2a0d,0,0,,true
hard_200,75965019fa4b5fb96b881ba5d4e5ed1ed99bfe3911f1975d4a822e13001e2a0d,0,0,,true
hard_200,75965019fa4b5fb96b881ba5d4e5ed1ed99bfe3911f1975d4a822e13001e2a0d,0.021626143,12,,true
hard_200,75965019fa4b5fb96b881ba5d4e5ed1ed99bfe3911f1975d4a822e13001e2a0d,0.0040735477,3,,false
hard_200,75965019fa4b5fb96b881ba5d4e5ed1ed99bfe3911f1975d4a822e13001e2a0d,0.032672364,12,,true
hard_200,75965019fa4b5fb96b881ba5d4e5ed1ed99bfe3911f1975d4a822e13001e2a0d,0.0014824419,3,,true
hard_200,75965019fa4b5fb96b881ba5d4e5ed1ed99bfe3911f1975d4a822e13001e2a0d,0.00023081804,1,,true
hard_200,75965019fa4b5fb96b881ba5d4e5ed1ed99bfe3911f1975d4a822e13001e2a0d,0.033021472,20,,true
hard_200,75965019fa4b5fb96b881ba5d4e5ed1ed99bfe3911f1975d4a822e13001e2a0d,0.0034704835,4,,true
hard_200,75965019fa4b5fb96b881ba5d4e5ed1ed99bfe3911f1975d4a822e13001e2a0d,0.00009191485,2,,true
hard_200,75965019fa4b5fb96b881ba5d4e5ed1ed99bfe3911f1975d4a822e13001e2a0d,0.009875543,6,,true
hard_200,75965019fa4b5fb96b881ba5d4e5ed1ed99bfe3911f1975d4a822e13001e2a0d,0.039715294,13,,true
hard_200,75965019fa4b5fb96b881ba5d4e5ed1ed99bfe3911f1975d4a822e13001e2a0d,0.03331537,24,,true
hard_200,75965019fa4b5fb96b881ba5d4e5ed1ed99bfe3911f1975d4a822e13001e2a0d,0.008129465,7,,true
hard_200,75965019fa4b5fb96b881ba5d4e5ed1ed99bfe3911f1975d4a822e13001e2a0d,0.02167631,14,,true
hard_200,75965019fa4b5fb96b881ba5d4e5ed1ed99bfe3911f1975d4a822e13001e2a0d,0.04311429,13,,true
hard_200,75965019fa4b5fb96b881ba5d4e5ed1ed99bfe3911f1975d4a822e13001e2a0d,0.021534,16,,false
hard_200,75965019fa4b5fb96b881ba5d4e5ed1ed99bfe3911f1975d4a822e13001e2a0d,0.0274982,13,,true
hard_200,75965019fa4b5fb96b881ba5d4e5ed1ed99bfe3911f1975d4a822e13001e2a0d,0.027150372,9,,true
hard_200,75965019fa4b5fb96b881ba5d4e5ed1ed99bfe3911f1975d4a822e13001e2a0d,0.018800294,8,,true
hard_200,75965019fa4b5fb96b881ba5d4e5ed1ed99bfe3911f1975d4a822e13001e2a0d,0.019357735,10,,false
hard_200,75965019fa4b5fb96b881ba5d4e5ed1ed99bfe3911f1975d4a822e13001e2a0d,0.032282397,18,,true
hard_200,272aa1d5d81a83ad23b44b15b7376748f33728d3a38dde21956a58ae161bd9e5,0.00317536,3,,false
hard_200,272aa1d5d81a83ad23b44b15b7376748f33728d3a38dde21956a58ae161bd9e5,0,0,,false
hard_200,272aa1d5d81a83ad23b44b15b7376748f33728d3a38dde21956a58ae161bd9e5,0,0,,false
hard_200,272aa1d5d81a83ad23b44b15b7376748f33728d3a38dde21956a58ae161bd9e5,0,0,,false
hard_200,272aa1d5d81a83ad23b44b15b7376748f33728d3a38dde21956a58ae161bd9e5,0.00025123046,3,,false
hard_200,272aa1d5d81a83ad23b44b15b7376748f33728d3a38dde21956a58ae161bd9e5,0.0029542642,1,,false
hard_200,272aa1d5d81a83ad23b44b15b7376748f33728d3a38dde21956a58ae161bd9e5,0.002444018,7,,false
hard_200,272aa1d5d81a83ad23b44b15b7376748f33728d3a38dde21956a58ae161bd9e5,0.0024183323,2,,false
hard_200,272aa1d5d81a83ad23b44b15b7376748f33728d3a38dde21956a58ae161bd9e5,0.029133096,18,,false
hard_200,272aa1d5d81a83ad23b44b15b7376748f33728d3a38dde21956a58ae161bd9e5,0,0,,false
hard_200,272aa1d5d81a83ad23b44b15b7376748f33728d3a38dde21956a58ae161bd9e5,0.004935064,4,,false
hard_200,272aa1d5d81a83ad23b44b15b7376748f33728d3a38dde21956a58ae161bd9e5,0,0,,false
hard_200,272aa1d5d81a83ad23b44b15b7376748f33728d3a38dde21956a58ae161bd9e5,0.0031343733,3,,false
hard_200,272aa1d5d81a83ad23b44b15b7376748f33728d3a38dde21956a58ae161bd9e5,0.040092103,13,,false
hard_200,272aa1d5d81a83ad23b44b15b7376748f33728d3a38dde21956a58ae161bd9e5,0.007174622,11,,false
hard_200,272aa1d5d81a83ad23b44b15b7376748f33728d3a38dde21956a58ae161bd9e5,0,0,,false
hard_200,272aa1d5d81a83ad23b44b15b7376748f33728d3a38dde21956a58ae161bd9e5,0.008619635,6,,false
hard_200,272aa1d5d81a83ad23b44b15b7376748f33728d3a38dde21956a58ae161bd9e5,0.006058673,7,,false
hard_200,272aa1d5d81a83ad23b44b15b7376748f33728d3a38dde21956a58ae161bd9e5,0.04758598,25,,false
hard_200,272aa1d5d81a83ad23b44b15b7376748f33728d3a38dde21956a58ae161bd9e5,0.0016014088,3,,false
hard_200,272aa1d5d81a83ad23b44b15b7376748f33728d3a38dde21956a58ae161bd9e5,0.026681254,17,,false
hard_200,272aa1d5d81a83ad23b44b15b7376748f33728d3a38dde21956a58ae161bd9e5,0,0,,false
hard_200,272aa1d5d81a83ad23b44b15b7376748f33728d3a38dde21956a58ae161bd9e5,0.011284099,4,,false
hard_200,272aa1d5d81a83ad23b44b15b7376748f33728d3a38dde21956a58ae161bd9e5,0.042296343,17,,false
hard_200,272aa1d5d81a83ad23b44b15b7376748f33728d3a38dde21956a58ae161bd9e5,0.0070672384,4,,false
hard_200,272aa1d5d81a83ad23b44b15b7376748f33728d3a38dde21956a58ae161bd9e5,0.017931642,14,,false
hard_200,272aa1d5d81a83ad23b44b15b7376748f33728d3a38dde21956a58ae161bd9e5,0.0405378,26,,false
hard_200,272aa1d5d81a83ad23b44b15b7376748f33728d3a38dde21956a58ae161bd9e5,0.05134376,19,,false
hard_200,272aa1d5d81a83ad23b44b15b7376748f33728d3a38dde21956a58ae161bd9e5,0.03881421,15,,false
hard_200,272aa1d5d81a83ad23b44b15b7376748f33728d3a38dde21956a58ae161bd9e5,0.017123815,8,,false
hard_200,ac49341725b3b42575b15feb216bb4bf4bee5bf01b13bb3055cd88dd9c6e5036,0.012494729,21,,true
hard_200,ac49341725b3b42575b15feb216bb4bf4bee5bf01b13bb3055cd88dd9c6e5036,0,0,,true
hard_200,ac49341725b3b42575b15feb216bb4bf4bee5bf01b13bb3055cd88dd9c6e5036,0,0,,true
hard_200,ac49341725b3b42575b15feb216bb4bf4bee5bf01b13bb3055cd88dd9c6e5036,0.005235465,3,,true
hard_200,ac49341725b3b42575b15feb216bb4bf4bee5bf01b13bb3055cd88dd9c6e5036,0,0,,true
hard_200,ac49341725b3b42575b15feb216bb4bf4bee5bf01b13bb3055cd88dd9c6e5036,0,0,,true
hard_200,ac49341725b3b42575b15feb216bb4bf4bee5bf01b13bb3055cd88dd9c6e5036,0,0,,true
hard_200,ac49341725b3b42575b15feb216bb4bf4bee5bf01b13bb3055cd88dd9c6e5036,0.0033569264,3,,true
hard_200,ac49341725b3b42575b15feb216bb4bf4bee5bf01b13bb3055cd88dd9c6e5036,0.0073955366,7,,false
hard_200,ac49341725b3b42575b15feb216bb4bf4bee5bf01b13bb3055cd88dd9c6e5036,0.00023215682,1,,true
hard_200,ac49341725b3b42575b15feb216bb4bf4bee5bf01b13bb3055cd88dd9c6e5036,0.031624943,24,,false
hard_200,ac49341725b3b42575b15feb216bb4bf4bee5bf01b13bb3055cd88dd9c6e5036,0.055392485,19,,true
hard_200,ac49341725b3b42575b15feb216bb4bf4bee5bf01b13bb3055cd88dd9c6e5036,0.005797882,2,,true
hard_200,ac49341725b3b42575b15feb216bb4bf4bee5bf01b13bb3055cd88dd9c6e5036,0.0041539,4,,true
hard_200,ac49341725b3b42575b15feb216bb4bf4bee5bf01b13bb3055cd88dd9c6e5036,0.007089989,2,,true
hard_200,ac49341725b3b42575b15feb216bb4bf4bee5bf01b13bb3055cd88dd9c6e5036,0.0039783735,1,,true
hard_200,ac49341725b3b42575b15feb216bb4bf4bee5bf01b13bb3055cd88dd9c6e5036,0.026861833,8,,true
hard_200,ac49341725b3b42575b15feb216bb4bf4bee5bf01b13bb3055cd88dd9c6e5036,0,0,,true
hard_200,ac49341725b3b42575b15feb216bb4bf4bee5bf01b13bb3055cd88dd9c6e5036,0.054405816,22,,true
hard_200,ac49341725b3b42575b15feb216bb4bf4bee5bf01b13bb3055cd88dd9c6e5036,0.026018707,19,,false
hard_200,ac49341725b3b42575b15feb216bb4bf4bee5bf01b13bb3055cd88dd9c6e5036,0.04049459,25,,true
hard_200,ac49341725b3b42575b15feb216bb4bf4bee5bf01b13bb3055cd88dd9c6e5036,0.12295145,54,,false
hard_200,ac49341725b3b42575b15feb216bb4bf4bee5bf01b13bb3055cd88dd9c6e5036,0.031478994,21,,true
hard_200,ac49341725b3b42575b15feb216bb4bf4bee5bf01b13bb3055cd88dd9c6e5036,0.005015209,5,,true
hard_200,ac49341725b3b42575b15feb216bb4bf4bee5bf01b13bb3055cd88dd9c6e5036,0.028546883,13,,true
hard_200,ac49341725b3b42575b15feb216bb4bf4bee5bf01b13bb3055cd88dd9c6e5036,0.012852795,18,,true
hard_200,ac49341725b3b42575b15feb216bb4bf4bee5bf01b13bb3055cd88dd9c6e5036,0.11790139,43,,false
hard_200,ac49341725b3b42575b15feb216bb4bf4bee5bf01b13bb3055cd88dd9c6e5036,0.00942626,7,,true
hard_200,ac49341725b3b42575b15feb216bb4bf4bee5bf01b13bb3055cd88dd9c6e5036,0.03579809,16,,true
hard_200,ac49341725b3b42575b15feb216bb4bf4bee5bf01b13bb3055cd88dd9c6e5036,0.048239615,24,,true
hard_200,ac49341725b3b42575b15feb216bb4bf4bee5bf01b13bb3055cd88dd9c6e5036,0.1800659,42,,false
hard_200,ac49341725b3b42575b15feb216bb4bf4bee5bf01b13bb3055cd88dd9c6e5036,0.022638455,11,,true
hard_200,ac49341725b3b42575b15feb216bb4bf4bee5bf01b13bb3055cd88dd9c6e5036,0.038378652,26,,true
hard_200,7892cd71aa440773aea65a5eab2c60ebc50e2d4b90e11d53d2377a67ce63eb22,0,0,,false
hard_200,7892cd71aa440773aea65a5eab2c60ebc50e2d4b90e11d53d2377a67ce63eb22,0,0,,false
hard_200,7892cd71aa440773aea65a5eab2c60ebc50e2d4b90e11d53d2377a67ce63eb22,0,0,,false
hard_200,7892cd71aa440773aea65a5eab2c60ebc50e2d4b90e11d53d2377a67ce63eb22,0.002518785,1,,false
hard_200,7892cd71aa440773aea65a5eab2c60ebc50e2d4b90e11d53d2377a67ce63eb22,0,0,,false
hard_200,7892cd71aa440773aea65a5eab2c60ebc50e2d4b90e11d53d2377a67ce63eb22,0.045846183,16,,false
hard_200,7892cd71aa440773aea65a5eab2c60ebc50e2d4b90e11d53d2377a67ce63eb22,0,0,,false
hard_200,7892cd71aa440773aea65a5eab2c60ebc50e2d4b90e11d53d2377a67ce63eb22,0,0,,false
hard_200,7892cd71aa440773aea65a5eab2c60ebc50e2d4b90e11d53d2377a67ce63eb22,0.00637526,4,,false
hard_200,7892cd71aa440773aea65a5eab2c60ebc50e2d4b90e11d53d2377a67ce63eb22,0,0,,false
hard_200,7892cd71aa440773aea65a5eab2c60ebc50e2d4b90e11d53d2377a67ce63eb22,0.008913746,5,,false
hard_200,7892cd71aa440773aea65a5eab2c60ebc50e2d4b90e11d53d2377a67ce63eb22,0.014812582,7,,false
hard_200,7892cd71aa440773aea65a5eab2c60ebc50e2d4b90e11d53d2377a67ce63eb22,0.010352256,9,,false
hard_200,7892cd71aa440773aea65a5eab2c60ebc50e2d4b90e11d53d2377a67ce63eb22,0.019753903,14,,false
hard_200,7892cd71aa440773aea65a5eab2c60ebc50e2d4b90e11d53d2377a67ce63eb22,0.04987713,16,,false
hard_200,7892cd71aa440773aea65a5eab2c60ebc50e2d4b90e11d53d2377a67ce63eb22,0.016146,11,,false
hard_200,7892cd71aa440773aea65a5eab2c60ebc50e2d4b90e11d53d2377a67ce63eb22,0.00573457,11,,false
hard_200,7892cd71aa440773aea65a5eab2c60ebc50e2d4b90e11d53d2377a67ce63eb22,0.008475191,7,,false
hard_200,7892cd71aa440773aea65a5eab2c60ebc50e2d4b90e11d53d2377a67ce63eb22,0.00232614,3,,false
hard_200,7892cd71aa440773aea65a5eab2c60ebc50e2d4b90e11d53d2377a67ce63eb22,0.04206083,21,,false
hard_200,7892cd71aa440773aea65a5eab2c60ebc50e2d4b90e11d53d2377a67ce63eb22,0.009801411,9,,false
hard_200,7892cd71aa440773aea65a5eab2c60ebc50e2d4b90e11d53d2377a67ce63eb22,0.03901326,16,,false
hard_200,7892cd71aa440773aea65a5eab2c60ebc50e2d4b90e11d53d2377a67ce63eb22,0.032870434,16,,false
hard_200,7892cd71aa440773aea65a5eab2c60ebc50e2d4b90e11d53d2377a67ce63eb22,0.13225977,38,,false
hard_200,7892cd71aa440773aea65a5eab2c60ebc50e2d4b90e11d53d2377a67ce63eb22,0.029312974,21,,false
hard_200,7892cd71aa440773aea65a5eab2c60ebc50e2d4b90e11d53d2377a67ce63eb22,0.032552373,13,,false
hard_200,7892cd71aa440773aea65a5eab2c60ebc50e2d4b90e11d53d2377a67ce63eb22,0.03349873,21,,false
hard_200,7892cd71aa440773aea65a5eab2c60ebc50e2d4b90e11d53d2377a67ce63eb22,0.029331313,17,,false
hard_200,7892cd71aa440773aea65a5eab2c60ebc50e2d4b90e11d53d2377a67ce63eb22,0.026616737,16,,false
hard_200,7892cd71aa440773aea65a5eab2c60ebc50e2d4b90e11d53d2377a67ce63eb22,0.0531353,23,,false
hard_200,fbbb077087d50c700c0b3a732ef176f9c680d17cc94c150dd748252681594907,0,0,,false
hard_200,fbbb077087d50c700c0b3a732ef176f9c680d17cc94c150dd748252681594907,0,0,,false
hard_200,fbbb077087d50c700c0b3a732ef176f9c680d17cc94c150dd748252681594907,0,0,,false
hard_200,fbbb077087d50c700c0b3a732ef176f9c680d17cc94c150dd748252681594907,0,0,,false
hard_200,fbbb077087d50c700c0b3a732ef176f9c680d17cc94c150dd748252681594907,0,0,,false
hard_200,fbbb077087d50c700c0b3a732ef176f9c680d17cc94c150dd748252681594907,0.035578225,17,,false
hard_200,fbbb077087d50c700c0b3a732ef176f9c680d17cc94c150dd748252681594907,0.021899682,15,,false
hard_200,fbbb077087d50c700c0b3a732ef176f9c680d17cc94c150dd748252681594907,0.019287758,10,,false
hard_200,fbbb077087d50c700c0b3a732ef176f9c680d17cc94c150dd748252681594907,0.0008495741,2,,false
hard_200,fbbb077087d50c700c0b3a732ef176f9c680d17cc94c150dd748252681594907,0.014730692,12,,false
hard_200,fbbb077087d50c700c0b3a732ef176f9c680d17cc94c150dd748252681594907,0.014849791,8,,false
hard_200,fbbb077087d50c700c0b3a732ef176f9c680d17cc94c150dd748252681594907,0.0064350357,5,,false
hard_200,fbbb077087d50c700c0b3a732ef176f9c680d17cc94c150dd748252681594907,0.000833542,3,,false
hard_200,fbbb077087d50c700c0b3a732ef176f9c680d17cc94c150dd748252681594907,0.013873874,13,,false
hard_200,fbbb077087d50c700c0b3a732ef176f9c680d17cc94c150dd748252681594907,0.0055304454,4,,false
hard_200,fbbb077087d50c700c0b3a732ef176f9c680d17cc94c150dd748252681594907,0.021604866,11,,false
hard_200,fbbb077087d50c700c0b3a732ef176f9c680d17cc94c150dd748252681594907,0.21162596,45,,false
hard_200,fbbb077087d50c700c0b3a732ef176f9c680d17cc94c150dd748252681594907,0.15816791,50,,false
hard_200,fbbb077087d50c700c0b3a732ef176f9c680d17cc94c150dd748252681594907,0,0,,false
hard_200,fbbb077087d50c700c0b3a732ef176f9c680d17cc94c150dd748252681594907,0.035043534,11,,false
hard_200,fbbb077087d50c700c0b3a732ef176f9c680d17cc94c150dd748252681594907,0.0051688817,5,,false
hard_200,fbbb077087d50c700c0b3a732ef176f9c680d17cc94c150dd748252681594907,0.010700351,10,,false
hard_200,fbbb077087d50c700c0b3a732ef176f9c680d17cc94c150dd748252681594907,0.060648613,18,,false
hard_200,fbbb077087d50c700c0b3a732ef176f9c680d17cc94c150dd748252681594907,0.011136971,8,,false
hard_200,fbbb077087d50c700c0b3a732ef176f9c680d17cc94c150dd748252681594907,0.041725036,16,,false
hard_200,fbbb077087d50c700c0b3a732ef176f9c680d17cc94c150dd748252681594907,0.024083653,13,,false
hard_200,fbbb077087d50c700c0b3a732ef176f9c680d17cc94c150dd748252681594907,0.009879127,13,,false
hard_200,fbbb077087d50c700c0b3a732ef176f9c680d17cc94c150dd748252681594907,0.045669172,14,,false
hard_200,fbbb077087d50c700c0b3a732ef176f9c680d17cc94c150dd748252681594907,0.06230366,21,,false
hard_200,fbbb077087d50c700c0b3a732ef176f9c680d17cc94c150dd748252681594907,0.038616724,13,,false
hard_200,fbbb077087d50c700c0b3a732ef176f9c680d17cc94c150dd748252681594907,0.044150267,17,,false
hard_200,fbbb077087d50c700c0b3a732ef176f9c680d17cc94c150dd748252681594907,0.011191622,7,,false
hard_200,8948845a5e1e42780bb032c68a6510f3568cbad9a7c590835eda905036da08f1,0.0055329427,4,,true
hard_200,8948845a5e1e42780bb032c68a6510f3568cbad9a7c590835eda905036da08f1,0.0033494362,2,,true
hard_200,8948845a5e1e42780bb032c68a6510f3568cbad9a7c590835eda905036da08f1,0,0,,true
hard_200,8948845a5e1e42780bb032c68a6510f3568cbad9a7c590835eda905036da08f1,0.0005916581,2,,true
hard_200,8948845a5e1e42780bb032c68a6510f3568cbad9a7c590835eda905036da08f1,0,0,,true
hard_200,8948845a5e1e42780bb032c68a6510f3568cbad9a7c590835eda905036da08f1,0,0,,true
hard_200,8948845a5e1e42780bb032c68a6510f3568cbad9a7c590835eda905036da08f1,0.014166249,9,,true
hard_200,8948845a5e1e42780bb032c68a6510f3568cbad9a7c590835eda905036da08f1,0.0013006481,2,,true
hard_200,8948845a5e1e42780bb032c68a6510f3568cbad9a7c590835eda905036da08f1,0.026269058,11,,true
hard_200,8948845a5e1e42780bb032c68a6510f3568cbad9a7c590835eda905036da08f1,0.017749343,13,,true
hard_200,8948845a5e1e42780bb032c68a6510f3568cbad9a7c590835eda905036da08f1,0.015633583,7,,true
hard_200,8948845a5e1e42780bb032c68a6510f3568cbad9a7c590835eda905036da08f1,0.0010001379,2,,true
hard_200,8948845a5e1e42780bb032c68a6510f3568cbad9a7c590835eda905036da08f1,0.025624549,13,,true
hard_200,8948845a5e1e42780bb032c68a6510f3568cbad9a7c590835eda905036da08f1,0.017270043,15,,true
hard_200,8948845a5e1e42780bb032c68a6510f3568cbad9a7c590835eda905036da08f1,0,0,,false
hard_200,8948845a5e1e42780bb032c68a6510f3568cbad9a7c590835eda905036da08f1,0.051495954,15,,true
hard_200,8948845a5e1e42780bb032c68a6510f3568cbad9a7c590835eda905036da08f1,0.02502069,17,,true
hard_200,8948845a5e1e42780bb032c68a6510f3568cbad9a7c590835eda905036da08f1,0.0095178075,5,,true
hard_200,8948845a5e1e42780bb032c68a6510f3568cbad9a7c590835eda905036da08f1,0.010240851,4,,true
hard_200,8948845a5e1e42780bb032c68a6510f3568cbad9a7c590835eda905036da08f1,0.025944544,14,,true
hard_200,8948845a5e1e42780bb032c68a6510f3568cbad9a7c590835eda905036da08f1,0.06599732,17,,true
hard_200,8948845a5e1e42780bb032c68a6510f3568cbad9a7c590835eda905036da08f1,0.012186392,8,,true
hard_200,8948845a5e1e42780bb032c68a6510f3568cbad9a7c590835eda905036da08f1,0.0328532,19,,true
hard_200,8948845a5e1e42780bb032c68a6510f3568cbad9a7c590835eda905036da08f1,0.03754104,20,,true
hard_200,8948845a5e1e42780bb032c68a6510f3568cbad9a7c590835eda905036da08f1,0.0020521006,4,,true
hard_200,8948845a5e1e42780bb032c68a6510f3568cbad9a7c590835eda905036da08f1,0.008437258,6,,false
hard_200,8948845a5e1e42780bb032c68a6510f3568cbad9a7c590835eda905036da08f1,0.021584325,10,,true
hard_200,8948845a5e1e42780bb032c68a6510f3568cbad9a7c590835eda905036da08f1,0.04502729,15,,true
hard_200,8948845a5e1e42780bb032c68a6510f3568cbad9a7c590835eda905036da08f1,0.023017846,9,,true
hard_200,8948845a5e1e42780bb032c68a6510f3568cbad9a7c590835eda905036da08f1,0.030236388,14,,true
hard_200,8948845a5e1e42780bb032c68a6510f3568cbad9a7c590835eda905036da08f1,0.19922636,54,,false
hard_200,74e840bbc4510219fc01c282adc2c7af265e825966dba607d050e1f7ade759f1,0.000014988389,1,,true
hard_200,74e840bbc4510219fc01c282adc2c7af265e825966dba607d050e1f7ade759f1,0,0,,true
hard_200,74e840bbc4510219fc01c282adc2c7af265e825966dba607d050e1f7ade759f1,0.17661527,47,,false
hard_200,74e840bbc4510219fc01c282adc2c7af265e825966dba607d050e1f7ade759f1,0,0,,true
hard_200,74e840bbc4510219fc01c282adc2c7af265e825966dba607d050e1f7ade759f1,0,0,,true
hard_200,74e840bbc4510219fc01c282adc2c7af265e825966dba607d050e1f7ade759f1,0.006817475,5,,true
hard_200,74e840bbc4510219fc01c282adc2c7af265e825966dba607d050e1f7ade759f1,0.007140601,5,,true
hard_200,74e840bbc4510219fc01c282adc2c7af265e825966dba607d050e1f7ade759f1,0,0,,true
hard_200,74e840bbc4510219fc01c282adc2c7af265e825966dba607d050e1f7ade759f1,0,0,,true
hard_200,74e840bbc4510219fc01c282adc2c7af265e825966dba607d050e1f7ade759f1,0.0041867914,6,,true
hard_200,74e840bbc4510219fc01c282adc2c7af265e825966dba607d050e1f7ade759f1,0.015024783,6,,true
hard_200,74e840bbc4510219fc01c282adc2c7af265e825966dba607d050e1f7ade759f1,0,0,,true
hard_200,74e840bbc4510219fc01c282adc2c7af265e825966dba607d050e1f7ade759f1,0.041973453,15,,true
hard_200,74e840bbc4510219fc01c282adc2c7af265e825966dba607d050e1f7ade759f1,0.000059462935,1,,false
hard_200,74e840bbc4510219fc01c282adc2c7af265e825966dba607d050e1f7ade759f1,0.0029175465,3,,true
hard_200,74e840bbc4510219fc01c282adc2c7af265e825966dba607d050e1f7ade759f1,0,0,,true
hard_200,74e840bbc4510219fc01c282adc2c7af265e825966dba607d050e1f7ade759f1,0.03952593,17,,false
hard_200,74e840bbc4510219fc01c282adc2c7af265e825966dba607d050e1f7ade759f1,0,0,,true
hard_200,74e840bbc4510219fc01c282adc2c7af265e825966dba607d050e1f7ade759f1,0.06491071,19,,true
hard_200,74e840bbc4510219fc01c282adc2c7af265e825966dba607d050e1f7ade759f1,0.003554793,5,,true
hard_200,74e840bbc4510219fc01c282adc2c7af265e825966dba607d050e1f7ade759f1,0.024971545,16,,true
hard_200,74e840bbc4510219fc01c282adc2c7af265e825966dba607d050e1f7ade759f1,0.016141998,7,,true
hard_200,74e840bbc4510219fc01c282adc2c7af265e825966dba607d050e1f7ade759f1,0.006663851,6,,true
hard_200,74e840bbc4510219fc01c282adc2c7af265e825966dba607d050e1f7ade759f1,0.040141616,17,,true
hard_200,74e840bbc4510219fc01c282adc2c7af265e825966dba607d050e1f7ade759f1,0.041453894,19,,false
hard_200,74e840bbc4510219fc01c282adc2c7af265e825966dba607d050e1f7ade759f1,0.036285415,23,,true
hard_200,74e840bbc4510219fc01c282adc2c7af265e825966dba607d050e1f7ade759f1,0.014917298,10,,true
hard_200,74e840bbc4510219fc01c282adc2c7af265e825966dba607d050e1f7ade759f1,0.014196051,11,,true
hard_200,74e840bbc4510219fc01c282adc2c7af265e825966dba607d050e1f7ade759f1,0.05648892,21,,true
hard_200,74e840bbc4510219fc01c282adc2c7af265e825966dba607d050e1f7ade759f1,0.044260304,16,,true
hard_200,74e840bbc4510219fc01c282adc2c7af265e825966dba607d050e1f7ade759f1,0.033266257,18,,true
hard_200,74e840bbc4510219fc01c282adc2c7af265e825966dba607d050e1f7ade759f1,0.042353634,21,,true
hard_200,74e840bbc4510219fc01c282adc2c7af265e825966dba607d050e1f7ade759f1,0.039188284,18,,true
hard_200,1fbf6ee032d32738450d52ee3a7e42595dbd8738518f85e37a608f98cc6ae2d7,0,0,,false
hard_200,1fbf6ee032d32738450d52ee3a7e42595dbd8738518f85e37a608f98cc6ae2d7,0.03407226,13,,false
hard_200,1fbf6ee032d32738450d52ee3a7e42595dbd8738518f85e37a608f98cc6ae2d7,0.0021287494,3,,false
hard_200,1fbf6ee032d32738450d52ee3a7e42595dbd8738518f85e37a608f98cc6ae2d7,0.006206139,7,,false
hard_200,1fbf6ee032d32738450d52ee3a7e42595dbd8738518f85e37a608f98cc6ae2d7,0.011555662,6,,false
hard_200,1fbf6ee032d32738450d52ee3a7e42595dbd8738518f85e37a608f98cc6ae2d7,0,0,,false
hard_200,1fbf6ee032d32738450d52ee3a7e42595dbd8738518f85e37a608f98cc6ae2d7,0.022636993,8,,false
hard_200,1fbf6ee032d32738450d52ee3a7e42595dbd8738518f85e37a608f98cc6ae2d7,0,0,,false
hard_200,1fbf6ee032d32738450d52ee3a7e42595dbd8738518f85e37a608f98cc6ae2d7,0.00422235,3,,false
hard_200,1fbf6ee032d32738450d52ee3a7e42595dbd8738518f85e37a608f98cc6ae2d7,0.02653591,16,,false
hard_200,1fbf6ee032d32738450d52ee3a7e42595dbd8738518f85e37a608f98cc6ae2d7,0.24262846,55,,false
hard_200,1fbf6ee032d32738450d52ee3a7e42595dbd8738518f85e37a608f98cc6ae2d7,0.005927832,8,,false
hard_200,1fbf6ee032d32738450d52ee3a7e42595dbd8738518f85e37a608f98cc6ae2d7,0.000021573525,1,,false
hard_200,1fbf6ee032d32738450d52ee3a7e42595dbd8738518f85e37a608f98cc6ae2d7,0.012891719,12,,false
hard_200,1fbf6ee032d32738450d52ee3a7e42595dbd8738518f85e37a608f98cc6ae2d7,0,0,,false
hard_200,1fbf6ee032d32738450d52ee3a7e42595dbd8738518f85e37a608f98cc6ae2d7,0.00011041932,1,,false
hard_200,1fbf6ee032d32738450d52ee3a7e42595dbd8738518f85e37a608f98cc6ae2d7,0,0,,false
hard_200,1fbf6ee032d32738450d52ee3a7e42595dbd8738518f85e37a608f98cc6ae2d7,0.00011649999,1,,false
hard_200,1fbf6ee032d32738450d52ee3a7e42595dbd8738518f85e37a608f98cc6ae2d7,0.0388926,16,,false
hard_200,1fbf6ee032d32738450d52ee3a7e42595dbd8738518f85e37a608f98cc6ae2d7,0.024149403,22,,false
hard_200,1fbf6ee032d32738450d52ee3a7e42595dbd8738518f85e37a608f98cc6ae2d7,0.0065744026,3,,false
hard_200,1fbf6ee032d32738450d52ee3a7e42595dbd8738518f85e37a608f98cc6ae2d7,0.042474966,24,,false
hard_200,1fbf6ee032d32738450d52ee3a7e42595dbd8738518f85e37a608f98cc6ae2d7,0.024388041,10,,false
hard_200,1fbf6ee032d32738450d52ee3a7e42595dbd8738518f85e37a608f98cc6ae2d7,0.001808857,2,,false
hard_200,1fbf6ee032d32738450d52ee3a7e42595dbd8738518f85e37a608f98cc6ae2d7,0.00952067,3,,false
hard_200,1fbf6ee032d32738450d52ee3a7e42595dbd8738518f85e37a608f98cc6ae2d7,0.0144852195,13,,false
hard_200,1fbf6ee032d32738450d52ee3a7e42595dbd8738518f85e37a608f98cc6ae2d7,0.005781233,5,,false
hard_200,1fbf6ee032d32738450d52ee3a7e42595dbd8738518f85e37a608f98cc6ae2d7,0.03331889,14,,false
hard_200,1fbf6ee032d32738450d52ee3a7e42595dbd8738518f85e37a608f98cc6ae2d7,0.017385436,12,,false
hard_200,1fbf6ee032d32738450d52ee3a7e42595dbd8738518f85e37a608f98cc6ae2d7,0.01614609,12,,false
hard_200,1fbf6ee032d32738450d52ee3a7e42595dbd8738518f85e37a608f98cc6ae2d7,0.028429959,14,,false
hard_200,1fbf6ee032d32738450d52ee3a7e42595dbd8738518f85e37a608f98cc6ae2d7,0.17964466,53,,false
hard_200,f14992dbaf6d047c12dce95385f5949d2e3b87a70d027e515f288985f0fd1b65,0,0,,false
hard_200,f14992dbaf6d047c12dce95385f5949d2e3b87a70d027e515f288985f0fd1b65,0.0037460392,3,,false
hard_200,f14992dbaf6d047c12dce95385f5949d2e3b87a70d027e515f288985f0fd1b65,0,0,,false
hard_200,f14992dbaf6d047c12dce95385f5949d2e3b87a70d027e515f288985f0fd1b65,0,0,,false
hard_200,f14992dbaf6d047c12dce95385f5949d2e3b87a70d027e515f288985f0fd1b65,0.0006298285,2,,false
hard_200,f14992dbaf6d047c12dce95385f5949d2e3b87a70d027e515f288985f0fd1b65,0,0,,false
hard_200,f14992dbaf6d047c12dce95385f5949d2e3b87a70d027e515f288985f0fd1b65,0.003678641,2,,false
hard_200,f14992dbaf6d047c12dce95385f5949d2e3b87a70d027e515f288985f0fd1b65,0,0,,false
hard_200,f14992dbaf6d047c12dce95385f5949d2e3b87a70d027e515f288985f0fd1b65,0.02689282,20,,false
hard_200,f14992dbaf6d047c12dce95385f5949d2e3b87a70d027e515f288985f0fd1b65,0.0013162823,1,,false
hard_200,f14992dbaf6d047c12dce95385f5949d2e3b87a70d027e515f288985f0fd1b65,0.0004854664,1,,false
hard_200,f14992dbaf6d047c12dce95385f5949d2e3b87a70d027e515f288985f0fd1b65,0.0026244554,1,,false
hard_200,f14992dbaf6d047c12dce95385f5949d2e3b87a70d027e515f288985f0fd1b65,0.0011567062,2,,false
hard_200,f14992dbaf6d047c12dce95385f5949d2e3b87a70d027e515f288985f0fd1b65,0.017439673,21,,false
hard_200,f14992dbaf6d047c12dce95385f5949d2e3b87a70d027e515f288985f0fd1b65,0.0012443383,2,,false
hard_200,f14992dbaf6d047c12dce95385f5949d2e3b87a70d027e515f288985f0fd1b65,0.0085667325,4,,false
hard_200,f14992dbaf6d047c12dce95385f5949d2e3b87a70d027e515f288985f0fd1b65,0.04584206,16,,false
hard_200,f14992dbaf6d047c12dce95385f5949d2e3b87a70d027e515f288985f0fd1b65,0.029559273,22,,false
hard_200,f14992dbaf6d047c12dce95385f5949d2e3b87a70d027e515f288985f0fd1b65,0.00019052219,2,,false
hard_200,f14992dbaf6d047c12dce95385f5949d2e3b87a70d027e515f288985f0fd1b65,0.028737335,11,,false
hard_200,f14992dbaf6d047c12dce95385f5949d2e3b87a70d027e515f288985f0fd1b65,0.0011704746,1,,false
hard_200,f14992dbaf6d047c12dce95385f5949d2e3b87a70d027e515f288985f0fd1b65,0.012354612,11,,false
hard_200,f14992dbaf6d047c12dce95385f5949d2e3b87a70d027e515f288985f0fd1b65,0.000069043585,1,,false
hard_200,f14992dbaf6d047c12dce95385f5949d2e3b87a70d027e515f288985f0fd1b65,0.0011672481,1,,false
hard_200,f14992dbaf6d047c12dce95385f5949d2e3b87a70d027e515f288985f0fd1b65,0.022467209,12,,false
hard_200,f14992dbaf6d047c12dce95385f5949d2e3b87a70d027e515f288985f0fd1b65,0.03776615,16,,false
hard_200,f14992dbaf6d047c12dce95385f5949d2e3b87a70d027e515f288985f0fd1b65,0.013254726,7,,false
hard_200,f14992dbaf6d047c12dce95385f5949d2e3b87a70d027e515f288985f0fd1b65,0.052194744,28,,false
hard_200,f14992dbaf6d047c12dce95385f5949d2e3b87a70d027e515f288985f0fd1b65,0.05826835,20,,false
hard_200,f14992dbaf6d047c12dce95385f5949d2e3b87a70d027e515f288985f0fd1b65,0.051737618,21,,false
hard_200,a04c6f6c1bebc44fefbfea53b3d3824ee24fe85ed0ca0553a721e89b65164692,0,0,,false
hard_200,a04c6f6c1bebc44fefbfea53b3d3824ee24fe85ed0ca0553a721e89b65164692,0,0,,false
hard_200,a04c6f6c1bebc44fefbfea53b3d3824ee24fe85ed0ca0553a721e89b65164692,0.00015126877,1,,false
hard_200,a04c6f6c1bebc44fefbfea53b3d3824ee24fe85ed0ca0553a721e89b65164692,0,0,,false
hard_200,a04c6f6c1bebc44fefbfea53b3d3824ee24fe85ed0ca0553a721e89b65164692,0,0,,false
hard_200,a04c6f6c1bebc44fefbfea53b3d3824ee24fe85ed0ca0553a721e89b65164692,0,0,,false
hard_200,a04c6f6c1bebc44fefbfea53b3d3824ee24fe85ed0ca0553a721e89b65164692,0.00652296,8,,false
hard_200,a04c6f6c1bebc44fefbfea53b3d3824ee24fe85ed0ca0553a721e89b65164692,0,0,,false
hard_200,a04c6f6c1bebc44fefbfea53b3d3824ee24fe85ed0ca0553a721e89b65164692,0.00006175394,1,,false
hard_200,a04c6f6c1bebc44fefbfea53b3d3824ee24fe85ed0ca0553a721e89b65164692,0,0,,false
hard_200,a04c6f6c1bebc44fefbfea53b3d3824ee24fe85ed0ca0553a721e89b65164692,0.04797009,16,,false
hard_200,a04c6f6c1bebc44fefbfea53b3d3824ee24fe85ed0ca0553a721e89b65164692,0,0,,false
hard_200,a04c6f6c1bebc44fefbfea53b3d3824ee24fe85ed0ca0553a721e89b65164692,0.0031787402,7,,false
hard_200,a04c6f6c1bebc44fefbfea53b3d3824ee24fe85ed0ca0553a721e89b65164692,0.00041344602,1,,false
hard_200,a04c6f6c1bebc44fefbfea53b3d3824ee24fe85ed0ca0553a721e89b65164692,0.0073466185,9,,false
hard_200,a04c6f6c1bebc44fefbfea53b3d3824ee24fe85ed0ca0553a721e89b65164692,0.00051271357,1,,false
hard_200,a04c6f6c1bebc44fefbfea53b3d3824ee24fe85ed0ca0553a721e89b65164692,0.1539973,46,,false
hard_200,a04c6f6c1bebc44fefbfea53b3d3824ee24fe85ed0ca0553a721e89b65164692,0,0,,false
hard_200,a04c6f6c1bebc44fefbfea53b3d3824ee24fe85ed0ca0553a721e89b65164692,0.005242793,5,,false
hard_200,a04c6f6c1bebc44fefbfea53b3d3824ee24fe85ed0ca0553a721e89b65164692,0.008209219,4,,false
hard_200,a04c6f6c1bebc44fefbfea53b3d3824ee24fe85ed0ca0553a721e89b65164692,0.048740853,22,,false
hard_200,a04c6f6c1bebc44fefbfea53b3d3824ee24fe85ed0ca0553a721e89b65164692,0.012733181,12,,false
hard_200,a04c6f6c1bebc44fefbfea53b3d3824ee24fe85ed0ca0553a721e89b65164692,0,0,,false
hard_200,a04c6f6c1bebc44fefbfea53b3d3824ee24fe85ed0ca0553a721e89b65164692,0.00022368647,1,,false
hard_200,a04c6f6c1bebc44fefbfea53b3d3824ee24fe85ed0ca0553a721e89b65164692,0.019842098,11,,false
hard_200,a04c6f6c1bebc44fefbfea53b3d3824ee24fe85ed0ca0553a721e89b65164692,0.0074127354,4,,false
hard_200,a04c6f6c1bebc44fefbfea53b3d3824ee24fe85ed0ca0553a721e89b65164692,0.03170043,18,,false
hard_200,a04c6f6c1bebc44fefbfea53b3d3824ee24fe85ed0ca0553a721e89b65164692,0.00022758856,1,,false
hard_200,a04c6f6c1bebc44fefbfea53b3d3824ee24fe85ed0ca0553a721e89b65164692,0.035823558,23,,false
hard_200,a04c6f6c1bebc44fefbfea53b3d3824ee24fe85ed0ca0553a721e89b65164692,0.022166677,16,,false
hard_200,a04c6f6c1bebc44fefbfea53b3d3824ee24fe85ed0ca0553a721e89b65164692,0.024411771,16,,false
hard_200,1c2cface50e810d24157c159a8051826204ccb791be21824b20bc92251b91524,0,0,,false
hard_200,1c2cface50e810d24157c159a8051826204ccb791be21824b20bc92251b91524,0,0,,false
hard_200,1c2cface50e810d24157c159a8051826204ccb791be21824b20bc92251b91524,0.02856097,28,,false
hard_200,1c2cface50e810d24157c159a8051826204ccb791be21824b20bc92251b91524,0,0,,false
hard_200,1c2cface50e810d24157c159a8051826204ccb791be21824b20bc92251b91524,0.045927912,15,,false
hard_200,1c2cface50e810d24157c159a8051826204ccb791be21824b20bc92251b91524,0,0,,false
hard_200,1c2cface50e810d24157c159a8051826204ccb791be21824b20bc92251b91524,0,0,,false
hard_200,1c2cface50e810d24157c159a8051826204ccb791be21824b20bc92251b91524,0,0,,false
hard_200,1c2cface50e810d24157c159a8051826204ccb791be21824b20bc92251b91524,0,0,,false
hard_200,1c2cface50e810d24157c159a8051826204ccb791be21824b20bc92251b91524,0.05218661,13,,false
hard_200,1c2cface50e810d24157c159a8051826204ccb791be21824b20bc92251b91524,0,0,,false
hard_200,1c2cface50e810d24157c159a8051826204ccb791be21824b20bc92251b91524,0.007179435,6,,false
hard_200,1c2cface50e810d24157c159a8051826204ccb791be21824b20bc92251b91524,0.00020015983,1,,false
hard_200,1c2cface50e810d24157c159a8051826204ccb791be21824b20bc92251b91524,0.0030742928,2,,false
hard_200,1c2cface50e810d24157c159a8051826204ccb791be21824b20bc92251b91524,0.0048946682,6,,false
hard_200,1c2cface50e810d24157c159a8051826204ccb791be21824b20bc92251b91524,0.00075721176,2,,false
hard_200,1c2cface50e810d24157c159a8051826204ccb791be21824b20bc92251b91524,0.024051579,10,,false
hard_200,1c2cface50e810d24157c159a8051826204ccb791be21824b20bc92251b91524,0.026718708,16,,false
hard_200,1c2cface50e810d24157c159a8051826204ccb791be21824b20bc92251b91524,0.01420083,13,,false
hard_200,1c2cface50e810d24157c159a8051826204ccb791be21824b20bc92251b91524,0.0012058878,5,,false
hard_200,1c2cface50e810d24157c159a8051826204ccb791be21824b20bc92251b91524,0.161594,44,,false
hard_200,1c2cface50e810d24157c159a8051826204ccb791be21824b20bc92251b91524,0.048068997,9,,false
hard_200,1c2cface50e810d24157c159a8051826204ccb791be21824b20bc92251b91524,0.009019001,9,,false
hard_200,1c2cface50e810d24157c159a8051826204ccb791be21824b20bc92251b91524,0.027653212,14,,false
hard_200,1c2cface50e810d24157c159a8051826204ccb791be21824b20bc92251b91524,0.0020543237,1,,false
hard_200,1c2cface50e810d24157c159a8051826204ccb791be21824b20bc92251b91524,0.04190902,18,,false
hard_200,1c2cface50e810d24157c159a8051826204ccb791be21824b20bc92251b91524,0.052121542,19,,false
hard_200,1c2cface50e810d24157c159a8051826204ccb791be21824b20bc92251b91524,0.0021092922,5,,false
hard_200,1c2cface50e810d24157c159a8051826204ccb791be21824b20bc92251b91524,0.04948248,19,,false
hard_200,1c2cface50e810d24157c159a8051826204ccb791be21824b20bc92251b91524,0.06694643,33,,false
hard_200,1c2cface50e810d24157c159a8051826204ccb791be21824b20bc92251b91524,0.17258035,49,,false
hard_200,1c2cface50e810d24157c159a8051826204ccb791be21824b20bc92251b91524,0.039842438,17,,false
hard_200,9482702ca485f2188a3fbeb0b415a82b516f88be7314059eda734b518f64f7ae,0,0,,true
hard_200,9482702ca485f2188a3fbeb0b415a82b516f88be7314059eda734b518f64f7ae,0,0,,true
hard_200,9482702ca485f2188a3fbeb0b415a82b516f88be7314059eda734b518f64f7ae,0,0,,true
hard_200,9482702ca485f2188a3fbeb0b415a82b516f88be7314059eda734b518f64f7ae,0.0011988994,1,,true
hard_200,9482702ca485f2188a3fbeb0b415a82b516f88be7314059eda734b518f64f7ae,0.0023690248,3,,true
hard_200,9482702ca485f2188a3fbeb0b415a82b516f88be7314059eda734b518f64f7ae,0.0019697594,3,,true
hard_200,9482702ca485f2188a3fbeb0b415a82b516f88be7314059eda734b518f64f7ae,0,0,,true
hard_200,9482702ca485f2188a3fbeb0b415a82b516f88be7314059eda734b518f64f7ae,0.0019244122,2,,true
hard_200,9482702ca485f2188a3fbeb0b415a82b516f88be7314059eda734b518f64f7ae,0,0,,true
hard_200,9482702ca485f2188a3fbeb0b415a82b516f88be7314059eda734b518f64f7ae,0,0,,true
hard_200,9482702ca485f2188a3fbeb0b415a82b516f88be7314059eda734b518f64f7ae,0,0,,true
hard_200,9482702ca485f2188a3fbeb0b415a82b516f88be7314059eda734b518f64f7ae,0.0027941226,5,,true
hard_200,9482702ca485f2188a3fbeb0b415a82b516f88be7314059eda734b518f64f7ae,0.03418194,27,,true
hard_200,9482702ca485f2188a3fbeb0b415a82b516f88be7314059eda734b518f64f7ae,0.000117082214,1,,true
hard_200,9482702ca485f2188a3fbeb0b415a82b516f88be7314059eda734b518f64f7ae,0.0052389205,6,,true
hard_200,9482702ca485f2188a3fbeb0b415a82b516f88be7314059eda734b518f64f7ae,0.03477031,14,,true
hard_200,9482702ca485f2188a3fbeb0b415a82b516f88be7314059eda734b518f64f7ae,0.047727033,12,,true
hard_200,9482702ca485f2188a3fbeb0b415a82b516f88be7314059eda734b518f64f7ae,0.00064023555,1,,true
hard_200,9482702ca485f2188a3fbeb0b415a82b516f88be7314059eda734b518f64f7ae,0.011507981,7,,false
hard_200,9482702ca485f2188a3fbeb0b415a82b516f88be7314059eda734b518f64f7ae,0.04108671,23,,true
hard_200,9482702ca485f2188a3fbeb0b415a82b516f88be7314059eda734b518f64f7ae,0.01311502,7,,true
hard_200,9482702ca485f2188a3fbeb0b415a82b516f88be7314059eda734b518f64f7ae,0.006839263,4,,true
hard_200,9482702ca485f2188a3fbeb0b415a82b516f88be7314059eda734b518f64f7ae,0.0037054718,6,,true
hard_200,9482702ca485f2188a3fbeb0b415a82b516f88be7314059eda734b518f64f7ae,0.02671617,21,,false
hard_200,9482702ca485f2188a3fbeb0b415a82b516f88be7314059eda734b518f64f7ae,0.01237184,7,,true
hard_200,9482702ca485f2188a3fbeb0b415a82b516f88be7314059eda734b518f64f7ae,0.12209752,37,,false
hard_200,9482702ca485f2188a3fbeb0b415a82b516f88be7314059eda734b518f64f7ae,0.06647019,22,,true
hard_200,9482702ca485f2188a3fbeb0b415a82b516f88be7314059eda734b518f64f7ae,0.034265645,21,,true
hard_200,9482702ca485f2188a3fbeb0b415a82b516f88be7314059eda734b518f64f7ae,0.05365153,18,,true
hard_200,35f5ae514b14840085a6aa2594bd1586d0b17456a36dc0a977c597a70595ab19,0,0,,false
hard_200,35f5ae514b14840085a6aa2594bd1586d0b17456a36dc0a977c597a70595ab19,0,0,,false
hard_200,35f5ae514b14840085a6aa2594bd1586d0b17456a36dc0a977c597a70595ab19,0,0,,false
hard_200,35f5ae514b14840085a6aa2594bd1586d0b17456a36dc0a977c597a70595ab19,0,0,,false
hard_200,35f5ae514b14840085a6aa2594bd1586d0b17456a36dc0a977c597a70595ab19,0,0,,false
hard_200,35f5ae514b14840085a6aa2594bd1586d0b17456a36dc0a977c597a70595ab19,0.00018079163,2,,false
hard_200,35f5ae514b14840085a6aa2594bd1586d0b17456a36dc0a977c597a70595ab19,0.24974236,57,,false
hard_200,35f5ae514b14840085a6aa2594bd1586d0b17456a36dc0a977c597a70595ab19,0.018557696,12,,false
hard_200,35f5ae514b14840085a6aa2594bd1586d0b17456a36dc0a977c597a70595ab19,0.007874755,7,,false
hard_200,35f5ae514b14840085a6aa2594bd1586d0b17456a36dc0a977c597a70595ab19,0.012331806,14,,false
hard_200,35f5ae514b14840085a6aa2594bd1586d0b17456a36dc0a977c597a70595ab19,0.0065742107,4,,false
hard_200,35f5ae514b14840085a6aa2594bd1586d0b17456a36dc0a977c597a70595ab19,0.000012272098,1,,false
hard_200,35f5ae514b14840085a6aa2594bd1586d0b17456a36dc0a977c597a70595ab19,0,0,,false
hard_200,35f5ae514b14840085a6aa2594bd1586d0b17456a36dc0a977c597a70595ab19,0.0016529801,1,,false
hard_200,35f5ae514b14840085a6aa2594bd1586d0b17456a36dc0a977c597a70595ab19,0.011365325,7,,false
hard_200,35f5ae514b14840085a6aa2594bd1586d0b17456a36dc0a977c597a70595ab19,0.0007492122,1,,false
hard_200,35f5ae514b14840085a6aa2594bd1586d0b17456a36dc0a977c597a70595ab19,0.0053913887,4,,false
hard_200,35f5ae514b14840085a6aa2594bd1586d0b17456a36dc0a977c597a70595ab19,0,0,,false
hard_200,35f5ae514b14840085a6aa2594bd1586d0b17456a36dc0a977c597a70595ab19,0.03196697,22,,false
hard_200,35f5ae514b14840085a6aa2594bd1586d0b17456a36dc0a977c597a70595ab19,0.009736326,8,,false
hard_200,35f5ae514b14840085a6aa2594bd1586d0b17456a36dc0a977c597a70595ab19,0.011991496,9,,false
hard_200,35f5ae514b14840085a6aa2594bd1586d0b17456a36dc0a977c597a70595ab19,0.041724138,13,,false
hard_200,35f5ae514b14840085a6aa2594bd1586d0b17456a36dc0a977c597a70595ab19,0.028044144,14,,false
hard_200,35f5ae514b14840085a6aa2594bd1586d0b17456a36dc0a977c597a70595ab19,0.045862306,24,,false
hard_200,35f5ae514b14840085a6aa2594bd1586d0b17456a36dc0a977c597a70595ab19,0.012515028,12,,false
hard_200,35f5ae514b14840085a6aa2594bd1586d0b17456a36dc0a977c597a70595ab19,0.024322296,14,,false
hard_200,35f5ae514b14840085a6aa2594bd1586d0b17456a36dc0a977c597a70595ab19,0.050487716,23,,false
hard_200,35f5ae514b14840085a6aa2594bd1586d0b17456a36dc0a977c597a70595ab19,0.041180264,21,,false
hard_200,35f5ae514b14840085a6aa2594bd1586d0b17456a36dc0a977c597a70595ab19,0.040702343,17,,false
hard_200,35f5ae514b14840085a6aa2594bd1586d0b17456a36dc0a977c597a70595ab19,0.046671517,23,,false
hard_200,35f5ae514b14840085a6aa2594bd1586d0b17456a36dc0a977c597a70595ab19,0.043409497,26,,false
hard_200,35f5ae514b14840085a6aa2594bd1586d0b17456a36dc0a977c597a70595ab19,0.12862957,46,,false
hard_200,6b30edccd1786008153c5c8554a63e8a7ec95a45d03c7fbb11b50d788b7faea5,0,0,,false
hard_200,6b30edccd1786008153c5c8554a63e8a7ec95a45d03c7fbb11b50d788b7faea5,0.007761347,6,,false
hard_200,6b30edccd1786008153c5c8554a63e8a7ec95a45d03c7fbb11b50d788b7faea5,0.00096280925,1,,false
hard_200,6b30edccd1786008153c5c8554a63e8a7ec95a45d03c7fbb11b50d788b7faea5,0.0065634428,7,,false
hard_200,6b30edccd1786008153c5c8554a63e8a7ec95a45d03c7fbb11b50d788b7faea5,0,0,,false
hard_200,6b30edccd1786008153c5c8554a63e8a7ec95a45d03c7fbb11b50d788b7faea5,0.003389561,11,,false
hard_200,6b30edccd1786008153c5c8554a63e8a7ec95a45d03c7fbb11b50d788b7faea5,0.021181177,10,,false
hard_200,6b30edccd1786008153c5c8554a63e8a7ec95a45d03c7fbb11b50d788b7faea5,0.02770048,15,,false
hard_200,6b30edccd1786008153c5c8554a63e8a7ec95a45d03c7fbb11b50d788b7faea5,0.027869659,19,,false
hard_200,6b30edccd1786008153c5c8554a63e8a7ec95a45d03c7fbb11b50d788b7faea5,0.009086533,9,,false
hard_200,6b30edccd1786008153c5c8554a63e8a7ec95a45d03c7fbb11b50d788b7faea5,0,0,,false
hard_200,6b30edccd1786008153c5c8554a63e8a7ec95a45d03c7fbb11b50d788b7faea5,0.043312132,19,,false
hard_200,6b30edccd1786008153c5c8554a63e8a7ec95a45d03c7fbb11b50d788b7faea5,0.026790485,5,,false
hard_200,6b30edccd1786008153c5c8554a63e8a7ec95a45d03c7fbb11b50d788b7faea5,0.049745627,13,,false
hard_200,6b30edccd1786008153c5c8554a63e8a7ec95a45d03c7fbb11b50d788b7faea5,0,0,,false
hard_200,6b30edccd1786008153c5c8554a63e8a7ec95a45d03c7fbb11b50d788b7faea5,0.028077444,12,,false
hard_200,6b30edccd1786008153c5c8554a63e8a7ec95a45d03c7fbb11b50d788b7faea5,0.031499833,12,,false
hard_200,6b30edccd1786008153c5c8554a63e8a7ec95a45d03c7fbb11b50d788b7faea5,0.020130863,19,,false
hard_200,6b30edccd1786008153c5c8554a63e8a7ec95a45d03c7fbb11b50d788b7faea5,0.0032579394,3,,false
hard_200,6b30edccd1786008153c5c8554a63e8a7ec95a45d03c7fbb11b50d788b7faea5,0.00026235712,1,,false
hard_200,6b30edccd1786008153c5c8554a63e8a7ec95a45d03c7fbb11b50d788b7faea5,0.029241934,8,,false
hard_200,6b30edccd1786008153c5c8554a63e8a7ec95a45d03c7fbb11b50d788b7faea5,0.18925889,48,,false
hard_200,6b30edccd1786008153c5c8554a63e8a7ec95a45d03c7fbb11b50d788b7faea5,0.056984786,25,,false
hard_200,6b30edccd1786008153c5c8554a63e8a7ec95a45d03c7fbb11b50d788b7faea5,0.016400564,6,,false
hard_200,6b30edccd1786008153c5c8554a63e8a7ec95a45d03c7fbb11b50d788b7faea5,0.05287107,13,,false
hard_200,6b30edccd1786008153c5c8554a63e8a7ec95a45d03c7fbb11b50d788b7faea5,0.047723096,19,,false
hard_200,6b30edccd1786008153c5c8554a63e8a7ec95a45d03c7fbb11b50d788b7faea5,0.020794941,10,,false
hard_200,6b30edccd1786008153c5c8554a63e8a7ec95a45d03c7fbb11b50d788b7faea5,0.04284754,24,,false
hard_200,6b30edccd1786008153c5c8554a63e8a7ec95a45d03c7fbb11b50d788b7faea5,0.047004104,16,,false
hard_200,6b30edccd1786008153c5c8554a63e8a7ec95a45d03c7fbb11b50d788b7faea5,0.013940833,11,,false
hard_200,6b30edccd1786008153c5c8554a63e8a7ec95a45d03c7fbb11b50d788b7faea5,0.16424648,40,,false
hard_200,510ceaeacde94ab4184b451104e134a4403aad5cc2ac3206b46615b15fe25f55,0,0,,false
hard_200,510ceaeacde94ab4184b451104e134a4403aad5cc2ac3206b46615b15fe25f55,0,0,,false
hard_200,510ceaeacde94ab4184b451104e134a4403aad5cc2ac3206b46615b15fe25f55,0,0,,false
hard_200,510ceaeacde94ab4184b451104e134a4403aad5cc2ac3206b46615b15fe25f55,0.0020975482,2,,false
hard_200,510ceaeacde94ab4184b451104e134a4403aad5cc2ac3206b46615b15fe25f55,0,0,,false
hard_200,510ceaeacde94ab4184b451104e134a4403aad5cc2ac3206b46615b15fe25f55,0,0,,false
hard_200,510ceaeacde94ab4184b451104e134a4403aad5cc2ac3206b46615b15fe25f55,0,0,,false
hard_200,510ceaeacde94ab4184b451104e134a4403aad5cc2ac3206b46615b15fe25f55,0,0,,false
hard_200,510ceaeacde94ab4184b451104e134a4403aad5cc2ac3206b46615b15fe25f55,0,0,,false
hard_200,510ceaeacde94ab4184b451104e134a4403aad5cc2ac3206b46615b15fe25f55,0.012583946,9,,false
hard_200,510ceaeacde94ab4184b451104e134a4403aad5cc2ac3206b46615b15fe25f55,0.00867937,5,,false
hard_200,510ceaeacde94ab4184b451104e134a4403aad5cc2ac3206b46615b15fe25f55,0.0015336549,3,,false
hard_200,510ceaeacde94ab4184b451104e134a4403aad5cc2ac3206b46615b15fe25f55,0,0,,false
hard_200,510ceaeacde94ab4184b451104e134a4403aad5cc2ac3206b46615b15fe25f55,0.013289491,8,,false
hard_200,510ceaeacde94ab4184b451104e134a4403aad5cc2ac3206b46615b15fe25f55,0.009275792,7,,false
hard_200,510ceaeacde94ab4184b451104e134a4403aad5cc2ac3206b46615b15fe25f55,0.0023640126,2,,false
hard_200,510ceaeacde94ab4184b451104e134a4403aad5cc2ac3206b46615b15fe25f55,0.0039230157,4,,false
hard_200,510ceaeacde94ab4184b451104e134a4403aad5cc2ac3206b46615b15fe25f55,0.0014538124,3,,false
hard_200,510ceaeacde94ab4184b451104e134a4403aad5cc2ac3206b46615b15fe25f55,0.0039471146,3,,false
hard_200,510ceaeacde94ab4184b451104e134a4403aad5cc2ac3206b46615b15fe25f55,0.047091097,17,,false
hard_200,510ceaeacde94ab4184b451104e134a4403aad5cc2ac3206b46615b15fe25f55,0.017091166,15,,false
hard_200,510ceaeacde94ab4184b451104e134a4403aad5cc2ac3206b46615b15fe25f55,0.1571521,38,,false
hard_200,510ceaeacde94ab4184b451104e134a4403aad5cc2ac3206b46615b15fe25f55,0.0048951507,4,,false
hard_200,510ceaeacde94ab4184b451104e134a4403aad5cc2ac3206b46615b15fe25f55,0.00055633544,1,,false
hard_200,510ceaeacde94ab4184b451104e134a4403aad5cc2ac3206b46615b15fe25f55,0.017341096,10,,false
hard_200,510ceaeacde94ab4184b451104e134a4403aad5cc2ac3206b46615b15fe25f55,0.0037991412,5,,false
hard_200,510ceaeacde94ab4184b451104e134a4403aad5cc2ac3206b46615b15fe25f55,0.012065087,8,,false
hard_200,510ceaeacde94ab4184b451104e134a4403aad5cc2ac3206b46615b15fe25f55,0.018398056,6,,false
hard_200,510ceaeacde94ab4184b451104e134a4403aad5cc2ac3206b46615b15fe25f55,0.035780698,19,,false
hard_200,510ceaeacde94ab4184b451104e134a4403aad5cc2ac3206b46615b15fe25f55,0.04701193,12,,false
hard_200,510ceaeacde94ab4184b451104e134a4403aad5cc2ac3206b46615b15fe25f55,0.009303649,9,,false
hard_200,510ceaeacde94ab4184b451104e134a4403aad5cc2ac3206b46615b15fe25f55,0.13855016,48,,false
hard_200,4a4a97fe62472a34ea6103c20c955984a06c60a92181781e11e2533264b23f21,0,0,,true
hard_200,4a4a97fe62472a34ea6103c20c955984a06c60a92181781e11e2533264b23f21,0,0,,false
hard_200,4a4a97fe62472a34ea6103c20c955984a06c60a92181781e11e2533264b23f21,0,0,,true
hard_200,4a4a97fe62472a34ea6103c20c955984a06c60a92181781e11e2533264b23f21,0,0,,true
hard_200,4a4a97fe62472a34ea6103c20c955984a06c60a92181781e11e2533264b23f21,0,0,,true
hard_200,4a4a97fe62472a34ea6103c20c955984a06c60a92181781e11e2533264b23f21,0,0,,true
hard_200,4a4a97fe62472a34ea6103c20c955984a06c60a92181781e11e2533264b23f21,0.035613496,13,,true
hard_200,4a4a97fe62472a34ea6103c20c955984a06c60a92181781e11e2533264b23f21,0,0,,false
hard_200,4a4a97fe62472a34ea6103c20c955984a06c60a92181781e11e2533264b23f21,0.026265005,15,,true
hard_200,4a4a97fe62472a34ea6103c20c955984a06c60a92181781e11e2533264b23f21,0,0,,true
hard_200,4a4a97fe62472a34ea6103c20c955984a06c60a92181781e11e2533264b23f21,0,0,,true
hard_200,4a4a97fe62472a34ea6103c20c955984a06c60a92181781e11e2533264b23f21,0,0,,true
hard_200,4a4a97fe62472a34ea6103c20c955984a06c60a92181781e11e2533264b23f21,0,0,,true
hard_200,4a4a97fe62472a34ea6103c20c955984a06c60a92181781e11e2533264b23f21,0,0,,true
hard_200,4a4a97fe62472a34ea6103c20c955984a06c60a92181781e11e2533264b23f21,0.016123036,18,,true
hard_200,4a4a97fe62472a34ea6103c20c955984a06c60a92181781e11e2533264b23f21,0.0028110319,4,,true
hard_200,4a4a97fe62472a34ea6103c20c955984a06c60a92181781e11e2533264b23f21,0.038885236,11,,true
hard_200,4a4a97fe62472a34ea6103c20c955984a06c60a92181781e11e2533264b23f21,0,0,,true
hard_200,4a4a97fe62472a34ea6103c20c955984a06c60a92181781e11e2533264b23f21,0.19168891,51,,false
hard_200,4a4a97fe62472a34ea6103c20c955984a06c60a92181781e11e2533264b23f21,0.03213952,14,,true
hard_200,4a4a97fe62472a34ea6103c20c955984a06c60a92181781e11e2533264b23f21,0.026251683,25,,true
hard_200,4a4a97fe62472a34ea6103c20c955984a06c60a92181781e11e2533264b23f21,0.002226546,3,,false
hard_200,4a4a97fe62472a34ea6103c20c955984a06c60a92181781e11e2533264b23f21,0.009877024,10,,true
hard_200,4a4a97fe62472a34ea6103c20c955984a06c60a92181781e11e2533264b23f21,0.04447131,25,,true
hard_200,4a4a97fe62472a34ea6103c20c955984a06c60a92181781e11e2533264b23f21,0.001375934,2,,true
hard_200,4a4a97fe62472a34ea6103c20c955984a06c60a92181781e11e2533264b23f21,0.04253723,20,,true
hard_200,4a4a97fe62472a34ea6103c20c955984a06c60a92181781e11e2533264b23f21,0,0,,true
hard_200,4a4a97fe62472a34ea6103c20c955984a06c60a92181781e11e2533264b23f21,0.029957643,17,,true
hard_200,4a4a97fe62472a34ea6103c20c955984a06c60a92181781e11e2533264b23f21,0.025448691,19,,true
hard_200,4a4a97fe62472a34ea6103c20c955984a06c60a92181781e11e2533264b23f21,0.031605054,10,,true
hard_200,4a4a97fe62472a34ea6103c20c955984a06c60a92181781e11e2533264b23f21,0.038974438,20,,true
hard_200,6bed763c56bdc65f12d360235feb53f0bdb246fae3835ac474f651231d6ab947,0,0,,false
hard_200,6bed763c56bdc65f12d360235feb53f0bdb246fae3835ac474f651231d6ab947,0,0,,false
hard_200,6bed763c56bdc65f12d360235feb53f0bdb246fae3835ac474f651231d6ab947,0,0,,false
hard_200,6bed763c56bdc65f12d360235feb53f0bdb246fae3835ac474f651231d6ab947,0,0,,false
hard_200,6bed763c56bdc65f12d360235feb53f0bdb246fae3835ac474f651231d6ab947,0,0,,false
hard_200,6bed763c56bdc65f12d360235feb53f0bdb246fae3835ac474f651231d6ab947,0,0,,false
hard_200,6bed763c56bdc65f12d360235feb53f0bdb246fae3835ac474f651231d6ab947,0,0,,false
hard_200,6bed763c56bdc65f12d360235feb53f0bdb246fae3835ac474f651231d6ab947,0,0,,false
hard_200,6bed763c56bdc65f12d360235feb53f0bdb246fae3835ac474f651231d6ab947,0.0008962904,3,,false
hard_200,6bed763c56bdc65f12d360235feb53f0bdb246fae3835ac474f651231d6ab947,0,0,,false
hard_200,6bed763c56bdc65f12d360235feb53f0bdb246fae3835ac474f651231d6ab947,0,0,,false
hard_200,6bed763c56bdc65f12d360235feb53f0bdb246fae3835ac474f651231d6ab947,0.008376869,6,,false
hard_200,6bed763c56bdc65f12d360235feb53f0bdb246fae3835ac474f651231d6ab947,0.030577531,16,,false
hard_200,6bed763c56bdc65f12d360235feb53f0bdb246fae3835ac474f651231d6ab947,0,0,,false
hard_200,6bed763c56bdc65f12d360235feb53f0bdb246fae3835ac474f651231d6ab947,0.15130489,46,,false
hard_200,6bed763c56bdc65f12d360235feb53f0bdb246fae3835ac474f651231d6ab947,0.028689215,20,,false
hard_200,6bed763c56bdc65f12d360235feb53f0bdb246fae3835ac474f651231d6ab947,0.00043622966,1,,false
hard_200,6bed763c56bdc65f12d360235feb53f0bdb246fae3835ac474f651231d6ab947,0.06075338,22,,false
hard_200,6bed763c56bdc65f12d360235feb53f0bdb246fae3835ac474f651231d6ab947,0.012571936,8,,false
hard_200,6bed763c56bdc65f12d360235feb53f0bdb246fae3835ac474f651231d6ab947,0.051579706,18,,false
hard_200,6bed763c56bdc65f12d360235feb53f0bdb246fae3835ac474f651231d6ab947,0.03433725,21,,false
hard_200,6bed763c56bdc65f12d360235feb53f0bdb246fae3835ac474f651231d6ab947,0.033108473,14,,false
hard_200,6bed763c56bdc65f12d360235feb53f0bdb246fae3835ac474f651231d6ab947,0.023758579,10,,false
hard_200,6bed763c56bdc65f12d360235feb53f0bdb246fae3835ac474f651231d6ab947,0.007005059,7,,false
hard_200,6bed763c56bdc65f12d360235feb53f0bdb246fae3835ac474f651231d6ab947,0.019812074,12,,false
hard_200,6bed763c56bdc65f12d360235feb53f0bdb246fae3835ac474f651231d6ab947,0.0117767155,13,,false
hard_200,6bed763c56bdc65f12d360235feb53f0bdb246fae3835ac474f651231d6ab947,0.019120803,8,,false
hard_200,6bed763c56bdc65f12d360235feb53f0bdb246fae3835ac474f651231d6ab947,0.056046434,22,,false
hard_200,6bed763c56bdc65f12d360235feb53f0bdb246fae3835ac474f651231d6ab947,0.025453763,11,,false
hard_200,6bed763c56bdc65f12d360235feb53f0bdb246fae3835ac474f651231d6ab947,0.018637601,14,,false
hard_200,6bed763c56bdc65f12d360235feb53f0bdb246fae3835ac474f651231d6ab947,0.046676237,18,,false
hard_200,4548583ca396e1ee9e685b4491455a813453f160a913ac12268aa0f66b4758fb,0,0,,false
hard_200,4548583ca396e1ee9e685b4491455a813453f160a913ac12268aa0f66b4758fb,0,0,,false
hard_200,4548583ca396e1ee9e685b4491455a813453f160a913ac12268aa0f66b4758fb,0.19954966,52,,false
hard_200,4548583ca396e1ee9e685b4491455a813453f160a913ac12268aa0f66b4758fb,0,0,,false
hard_200,4548583ca396e1ee9e685b4491455a813453f160a913ac12268aa0f66b4758fb,0,0,,false
hard_200,4548583ca396e1ee9e685b4491455a813453f160a913ac12268aa0f66b4758fb,0,0,,false
hard_200,4548583ca396e1ee9e685b4491455a813453f160a913ac12268aa0f66b4758fb,0,0,,false
hard_200,4548583ca396e1ee9e685b4491455a813453f160a913ac12268aa0f66b4758fb,0,0,,false
hard_200,4548583ca396e1ee9e685b4491455a813453f160a913ac12268aa0f66b4758fb,0,0,,false
hard_200,4548583ca396e1ee9e685b4491455a813453f160a913ac12268aa0f66b4758fb,0.007546741,3,,false
hard_200,4548583ca396e1ee9e685b4491455a813453f160a913ac12268aa0f66b4758fb,0.03794655,10,,false
hard_200,4548583ca396e1ee9e685b4491455a813453f160a913ac12268aa0f66b4758fb,0.012667905,8,,false
hard_200,4548583ca396e1ee9e685b4491455a813453f160a913ac12268aa0f66b4758fb,0.005189359,12,,false
hard_200,4548583ca396e1ee9e685b4491455a813453f160a913ac12268aa0f66b4758fb,0,0,,false
hard_200,4548583ca396e1ee9e685b4491455a813453f160a913ac12268aa0f66b4758fb,0.014091331,12,,false
hard_200,4548583ca396e1ee9e685b4491455a813453f160a913ac12268aa0f66b4758fb,0.025435355,21,,false
hard_200,4548583ca396e1ee9e685b4491455a813453f160a913ac12268aa0f66b4758fb,0.0060480176,8,,false
hard_200,4548583ca396e1ee9e685b4491455a813453f160a913ac12268aa0f66b4758fb,0.002192837,5,,false
hard_200,4548583ca396e1ee9e685b4491455a813453f160a913ac12268aa0f66b4758fb,0.1626025,45,,false
hard_200,4548583ca396e1ee9e685b4491455a813453f160a913ac12268aa0f66b4758fb,0,0,,false
hard_200,4548583ca396e1ee9e685b4491455a813453f160a913ac12268aa0f66b4758fb,0.0054056933,6,,false
hard_200,4548583ca396e1ee9e685b4491455a813453f160a913ac12268aa0f66b4758fb,0.01001017,7,,false
hard_200,4548583ca396e1ee9e685b4491455a813453f160a913ac12268aa0f66b4758fb,0.025713451,9,,false
hard_200,4548583ca396e1ee9e685b4491455a813453f160a913ac12268aa0f66b4758fb,0.0074506346,4,,false
hard_200,4548583ca396e1ee9e685b4491455a813453f160a913ac12268aa0f66b4758fb,0.015590842,10,,false
hard_200,4548583ca396e1ee9e685b4491455a813453f160a913ac12268aa0f66b4758fb,0.0095383655,4,,false
hard_200,4548583ca396e1ee9e685b4491455a813453f160a913ac12268aa0f66b4758fb,0.05417801,22,,false
hard_200,4548583ca396e1ee9e685b4491455a813453f160a913ac12268aa0f66b4758fb,0.015629826,7,,false
hard_200,4548583ca396e1ee9e685b4491455a813453f160a913ac12268aa0f66b4758fb,0.024015268,27,,false
hard_200,4548583ca396e1ee9e685b4491455a813453f160a913ac12268aa0f66b4758fb,0.010757338,3,,false
hard_200,4548583ca396e1ee9e685b4491455a813453f160a913ac12268aa0f66b4758fb,0.015035247,8,,false
hard_200,4548583ca396e1ee9e685b4491455a813453f160a913ac12268aa0f66b4758fb,0,0,,false
hard_200,fd8774da20dcae6f1a165f69d0d71a8ecacccca8442508fe7e82fe8155a07f13,0,0,,false
hard_200,fd8774da20dcae6f1a165f69d0d71a8ecacccca8442508fe7e82fe8155a07f13,0,0,,false
hard_200,fd8774da20dcae6f1a165f69d0d71a8ecacccca8442508fe7e82fe8155a07f13,0,0,,false
hard_200,fd8774da20dcae6f1a165f69d0d71a8ecacccca8442508fe7e82fe8155a07f13,0,0,,false
hard_200,fd8774da20dcae6f1a165f69d0d71a8ecacccca8442508fe7e82fe8155a07f13,0.00029599172,1,,false
hard_200,fd8774da20dcae6f1a165f69d0d71a8ecacccca8442508fe7e82fe8155a07f13,0.0012652818,5,,false
hard_200,fd8774da20dcae6f1a165f69d0d71a8ecacccca8442508fe7e82fe8155a07f13,0.0019606866,3,,false
hard_200,fd8774da20dcae6f1a165f69d0d71a8ecacccca8442508fe7e82fe8155a07f13,0,0,,false
hard_200,fd8774da20dcae6f1a165f69d0d71a8ecacccca8442508fe7e82fe8155a07f13,0.00800864,11,,false
hard_200,fd8774da20dcae6f1a165f69d0d71a8ecacccca8442508fe7e82fe8155a07f13,0.06453656,18,,false
hard_200,fd8774da20dcae6f1a165f69d0d71a8ecacccca8442508fe7e82fe8155a07f13,0.0031163946,6,,false
hard_200,fd8774da20dcae6f1a165f69d0d71a8ecacccca8442508fe7e82fe8155a07f13,0.015422985,7,,false
hard_200,fd8774da20dcae6f1a165f69d0d71a8ecacccca8442508fe7e82fe8155a07f13,0,0,,false
hard_200,fd8774da20dcae6f1a165f69d0d71a8ecacccca8442508fe7e82fe8155a07f13,0.00032334038,1,,false
hard_200,fd8774da20dcae6f1a165f69d0d71a8ecacccca8442508fe7e82fe8155a07f13,0.0014259804,2,,false
hard_200,fd8774da20dcae6f1a165f69d0d71a8ecacccca8442508fe7e82fe8155a07f13,0.049437728,16,,false
hard_200,fd8774da20dcae6f1a165f69d0d71a8ecacccca8442508fe7e82fe8155a07f13,0.0068207863,5,,false
hard_200,fd8774da20dcae6f1a165f69d0d71a8ecacccca8442508fe7e82fe8155a07f13,0.030606398,21,,false
hard_200,fd8774da20dcae6f1a165f69d0d71a8ecacccca8442508fe7e82fe8155a07f13,0.01133503,2,,false
hard_200,fd8774da20dcae6f1a165f69d0d71a8ecacccca8442508fe7e82fe8155a07f13,0.027490782,14,,false
hard_200,fd8774da20dcae6f1a165f69d0d71a8ecacccca8442508fe7e82fe8155a07f13,0.014643324,14,,false
hard_200,fd8774da20dcae6f1a165f69d0d71a8ecacccca8442508fe7e82fe8155a07f13,0.035950534,20,,false
hard_200,fd8774da20dcae6f1a165f69d0d71a8ecacccca8442508fe7e82fe8155a07f13,0.011618326,6,,false
hard_200,fd8774da20dcae6f1a165f69d0d71a8ecacccca8442508fe7e82fe8155a07f13,0.012308182,6,,false
hard_200,fd8774da20dcae6f1a165f69d0d71a8ecacccca8442508fe7e82fe8155a07f13,0.03296905,10,,false
hard_200,fd8774da20dcae6f1a165f69d0d71a8ecacccca8442508fe7e82fe8155a07f13,0.0061839153,2,,false
hard_200,fd8774da20dcae6f1a165f69d0d71a8ecacccca8442508fe7e82fe8155a07f13,0.021620644,10,,false
hard_200,fd8774da20dcae6f1a165f69d0d71a8ecacccca8442508fe7e82fe8155a07f13,0.031221258,12,,false
hard_200,fd8774da20dcae6f1a165f69d0d71a8ecacccca8442508fe7e82fe8155a07f13,0.057785522,14,,false
hard_200,fd8774da20dcae6f1a165f69d0d71a8ecacccca8442508fe7e82fe8155a07f13,0.023999568,9,,false
hard_200,512c00f094e5c626067bdeace6a0d293d579ef21dfa5900102068cf4113a84f6,0,0,,false
hard_200,512c00f094e5c626067bdeace6a0d293d579ef21dfa5900102068cf4113a84f6,0,0,,false
hard_200,512c00f094e5c626067bdeace6a0d293d579ef21dfa5900102068cf4113a84f6,0,0,,false
hard_200,512c00f094e5c626067bdeace6a0d293d579ef21dfa5900102068cf4113a84f6,0.017438363,11,,false
hard_200,512c00f094e5c626067bdeace6a0d293d579ef21dfa5900102068cf4113a84f6,0.0042277724,7,,false
hard_200,512c00f094e5c626067bdeace6a0d293d579ef21dfa5900102068cf4113a84f6,0,0,,false
hard_200,512c00f094e5c626067bdeace6a0d293d579ef21dfa5900102068cf4113a84f6,0,0,,false
hard_200,512c00f094e5c626067bdeace6a0d293d579ef21dfa5900102068cf4113a84f6,0.00057646557,1,,false
hard_200,512c00f094e5c626067bdeace6a0d293d579ef21dfa5900102068cf4113a84f6,0,0,,false
hard_200,512c00f094e5c626067bdeace6a0d293d579ef21dfa5900102068cf4113a84f6,0.0023208668,8,,false
hard_200,512c00f094e5c626067bdeace6a0d293d579ef21dfa5900102068cf4113a84f6,0,0,,false
hard_200,512c00f094e5c626067bdeace6a0d293d579ef21dfa5900102068cf4113a84f6,0.005657267,14,,false
hard_200,512c00f094e5c626067bdeace6a0d293d579ef21dfa5900102068cf4113a84f6,0.011533032,8,,false
hard_200,512c00f094e5c626067bdeace6a0d293d579ef21dfa5900102068cf4113a84f6,0,0,,false
hard_200,512c00f094e5c626067bdeace6a0d293d579ef21dfa5900102068cf4113a84f6,0.023596155,8,,false
hard_200,512c00f094e5c626067bdeace6a0d293d579ef21dfa5900102068cf4113a84f6,0.007142432,7,,false
hard_200,512c00f094e5c626067bdeace6a0d293d579ef21dfa5900102068cf4113a84f6,0.030350342,13,,false
hard_200,512c00f094e5c626067bdeace6a0d293d579ef21dfa5900102068cf4113a84f6,0,0,,false
hard_200,512c00f094e5c626067bdeace6a0d293d579ef21dfa5900102068cf4113a84f6,0.0010834095,1,,false
hard_200,512c00f094e5c626067bdeace6a0d293d579ef21dfa5900102068cf4113a84f6,0.05325432,14,,false
hard_200,512c00f094e5c626067bdeace6a0d293d579ef21dfa5900102068cf4113a84f6,0.019434374,15,,false
hard_200,512c00f094e5c626067bdeace6a0d293d579ef21dfa5900102068cf4113a84f6,0.02966266,15,,false
hard_200,512c00f094e5c626067bdeace6a0d293d579ef21dfa5900102068cf4113a84f6,0.038443908,18,,false
hard_200,512c00f094e5c626067bdeace6a0d293d579ef21dfa5900102068cf4113a84f6,0.05005677,19,,false
hard_200,512c00f094e5c626067bdeace6a0d293d579ef21dfa5900102068cf4113a84f6,0.030785732,20,,false
hard_200,512c00f094e5c626067bdeace6a0d293d579ef21dfa5900102068cf4113a84f6,0.013221653,11,,false
hard_200,512c00f094e5c626067bdeace6a0d293d579ef21dfa5900102068cf4113a84f6,0.04838123,18,,false
hard_200,512c00f094e5c626067bdeace6a0d293d579ef21dfa5900102068cf4113a84f6,0.022640195,15,,false
hard_200,512c00f094e5c626067bdeace6a0d293d579ef21dfa5900102068cf4113a84f6,0.18989511,45,,false
hard_200,512c00f094e5c626067bdeace6a0d293d579ef21dfa5900102068cf4113a84f6,0.026884725,11,,false
hard_200,512c00f094e5c626067bdeace6a0d293d579ef21dfa5900102068cf4113a84f6,0.1485606,40,,false
hard_200,6f226ec9f302f6e92b69e0717b99b9b13a1e92a9c12546d4d371740194c1f94e,0,0,,false
hard_200,6f226ec9f302f6e92b69e0717b99b9b13a1e92a9c12546d4d371740194c1f94e,0,0,,false
hard_200,6f226ec9f302f6e92b69e0717b99b9b13a1e92a9c12546d4d371740194c1f94e,0.0011750257,2,,false
hard_200,6f226ec9f302f6e92b69e0717b99b9b13a1e92a9c12546d4d371740194c1f94e,0.004562434,4,,false
hard_200,6f226ec9f302f6e92b69e0717b99b9b13a1e92a9c12546d4d371740194c1f94e,0.0009539707,1,,false
hard_200,6f226ec9f302f6e92b69e0717b99b9b13a1e92a9c12546d4d371740194c1f94e,0.026983554,7,,false
hard_200,6f226ec9f302f6e92b69e0717b99b9b13a1e92a9c12546d4d371740194c1f94e,0,0,,false
hard_200,6f226ec9f302f6e92b69e0717b99b9b13a1e92a9c12546d4d371740194c1f94e,0.025528533,9,,false
hard_200,6f226ec9f302f6e92b69e0717b99b9b13a1e92a9c12546d4d371740194c1f94e,0.008702534,7,,false
hard_200,6f226ec9f302f6e92b69e0717b99b9b13a1e92a9c12546d4d371740194c1f94e,0.00081403344,1,,false
hard_200,6f226ec9f302f6e92b69e0717b99b9b13a1e92a9c12546d4d371740194c1f94e,0.01663933,8,,false
hard_200,6f226ec9f302f6e92b69e0717b99b9b13a1e92a9c12546d4d371740194c1f94e,0.007825843,3,,false
hard_200,6f226ec9f302f6e92b69e0717b99b9b13a1e92a9c12546d4d371740194c1f94e,0.03934597,18,,false
hard_200,6f226ec9f302f6e92b69e0717b99b9b13a1e92a9c12546d4d371740194c1f94e,0.016670128,13,,false
hard_200,6f226ec9f302f6e92b69e0717b99b9b13a1e92a9c12546d4d371740194c1f94e,0.023608746,6,,false
hard_200,6f226ec9f302f6e92b69e0717b99b9b13a1e92a9c12546d4d371740194c1f94e,0.004141703,10,,false
hard_200,6f226ec9f302f6e92b69e0717b99b9b13a1e92a9c12546d4d371740194c1f94e,0.01296544,16,,false
hard_200,6f226ec9f302f6e92b69e0717b99b9b13a1e92a9c12546d4d371740194c1f94e,0.025437897,20,,false
hard_200,6f226ec9f302f6e92b69e0717b99b9b13a1e92a9c12546d4d371740194c1f94e,0.00802958,4,,false
hard_200,6f226ec9f302f6e92b69e0717b99b9b13a1e92a9c12546d4d371740194c1f94e,0.018881265,17,,false
hard_200,6f226ec9f302f6e92b69e0717b99b9b13a1e92a9c12546d4d371740194c1f94e,0.0523951,17,,false
hard_200,6f226ec9f302f6e92b69e0717b99b9b13a1e92a9c12546d4d371740194c1f94e,0.04022539,17,,false
hard_200,6f226ec9f302f6e92b69e0717b99b9b13a1e92a9c12546d4d371740194c1f94e,0.047026813,19,,false
hard_200,6f226ec9f302f6e92b69e0717b99b9b13a1e92a9c12546d4d371740194c1f94e,0.03603632,16,,false
hard_200,6f226ec9f302f6e92b69e0717b99b9b13a1e92a9c12546d4d371740194c1f94e,0.04187445,17,,false
hard_200,6f226ec9f302f6e92b69e0717b99b9b13a1e92a9c12546d4d371740194c1f94e,0.14136964,50,,false
hard_200,6f226ec9f302f6e92b69e0717b99b9b13a1e92a9c12546d4d371740194c1f94e,0.061074127,20,,false
hard_200,6f226ec9f302f6e92b69e0717b99b9b13a1e92a9c12546d4d371740194c1f94e,0.13325273,42,,false
hard_200,6f226ec9f302f6e92b69e0717b99b9b13a1e92a9c12546d4d371740194c1f94e,0.19102135,49,,false
hard_200,6f226ec9f302f6e92b69e0717b99b9b13a1e92a9c12546d4d371740194c1f94e,0.043745328,21,,false
hard_200,6f226ec9f302f6e92b69e0717b99b9b13a1e92a9c12546d4d371740194c1f94e,0.040571712,19,,false
hard_200,6f226ec9f302f6e92b69e0717b99b9b13a1e92a9c12546d4d371740194c1f94e,0.028791647,9,,false
hard_200,6f226ec9f302f6e92b69e0717b99b9b13a1e92a9c12546d4d371740194c1f94e,0.15470068,43,,false
hard_200,ee055ce47009fbe504f88c3788e07dde8386c28d0e203d10d3efb9985efd09e9,0,0,,false
hard_200,ee055ce47009fbe504f88c3788e07dde8386c28d0e203d10d3efb9985efd09e9,0.000036422774,1,,false
hard_200,ee055ce47009fbe504f88c3788e07dde8386c28d0e203d10d3efb9985efd09e9,0.0004969373,1,,false
hard_200,ee055ce47009fbe504f88c3788e07dde8386c28d0e203d10d3efb9985efd09e9,0,0,,false
hard_200,ee055ce47009fbe504f88c3788e07dde8386c28d0e203d10d3efb9985efd09e9,0,0,,false
hard_200,ee055ce47009fbe504f88c3788e07dde8386c28d0e203d10d3efb9985efd09e9,0,0,,false
hard_200,ee055ce47009fbe504f88c3788e07dde8386c28d0e203d10d3efb9985efd09e9,0.0015759261,1,,false
hard_200,ee055ce47009fbe504f88c3788e07dde8386c28d0e203d10d3efb9985efd09e9,0,0,,false
hard_200,ee055ce47009fbe504f88c3788e07dde8386c28d0e203d10d3efb9985efd09e9,0,0,,false
hard_200,ee055ce47009fbe504f88c3788e07dde8386c28d0e203d10d3efb9985efd09e9,0.002550428,3,,false
hard_200,ee055ce47009fbe504f88c3788e07dde8386c28d0e203d10d3efb9985efd09e9,0.0020792326,4,,false
hard_200,ee055ce47009fbe504f88c3788e07dde8386c28d0e203d10d3efb9985efd09e9,0,0,,false
hard_200,ee055ce47009fbe504f88c3788e07dde8386c28d0e203d10d3efb9985efd09e9,0.15713488,44,,false
hard_200,ee055ce47009fbe504f88c3788e07dde8386c28d0e203d10d3efb9985efd09e9,0.00029530327,1,,false
hard_200,ee055ce47009fbe504f88c3788e07dde8386c28d0e203d10d3efb9985efd09e9,0,0,,false
hard_200,ee055ce47009fbe504f88c3788e07dde8386c28d0e203d10d3efb9985efd09e9,0.0029145963,5,,false
hard_200,ee055ce47009fbe504f88c3788e07dde8386c28d0e203d10d3efb9985efd09e9,0.00004107425,1,,false
hard_200,ee055ce47009fbe504f88c3788e07dde8386c28d0e203d10d3efb9985efd09e9,0.18916139,45,,false
hard_200,ee055ce47009fbe504f88c3788e07dde8386c28d0e203d10d3efb9985efd09e9,0.02991006,14,,false
hard_200,ee055ce47009fbe504f88c3788e07dde8386c28d0e203d10d3efb9985efd09e9,0.061576176,27,,false
hard_200,ee055ce47009fbe504f88c3788e07dde8386c28d0e203d10d3efb9985efd09e9,0.018691348,12,,false
hard_200,ee055ce47009fbe504f88c3788e07dde8386c28d0e203d10d3efb9985efd09e9,0.03115688,18,,false
hard_200,ee055ce47009fbe504f88c3788e07dde8386c28d0e203d10d3efb9985efd09e9,0.0067246123,5,,false
hard_200,ee055ce47009fbe504f88c3788e07dde8386c28d0e203d10d3efb9985efd09e9,0.015277417,7,,false
hard_200,ee055ce47009fbe504f88c3788e07dde8386c28d0e203d10d3efb9985efd09e9,0.035247058,25,,false
hard_200,ee055ce47009fbe504f88c3788e07dde8386c28d0e203d10d3efb9985efd09e9,0.14076094,41,,false
hard_200,ee055ce47009fbe504f88c3788e07dde8386c28d0e203d10d3efb9985efd09e9,0.04377476,17,,false
hard_200,ee055ce47009fbe504f88c3788e07dde8386c28d0e203d10d3efb9985efd09e9,0.018235153,9,,false
hard_200,ee055ce47009fbe504f88c3788e07dde8386c28d0e203d10d3efb9985efd09e9,0.020525368,10,,false
hard_200,ee055ce47009fbe504f88c3788e07dde8386c28d0e203d10d3efb9985efd09e9,0.05168009,21,,false
hard_200,ee055ce47009fbe504f88c3788e07dde8386c28d0e203d10d3efb9985efd09e9,0.123754516,38,,false
hard_200,ee055ce47009fbe504f88c3788e07dde8386c28d0e203d10d3efb9985efd09e9,0.02537156,12,,false
hard_200,ee055ce47009fbe504f88c3788e07dde8386c28d0e203d10d3efb9985efd09e9,0.044124585,18,,false
hard_200,ba74a8286944e65623dbb4df54d534938792b07cd2ac48ae21ddd8eb8008e36f,0,0,,true
hard_200,ba74a8286944e65623dbb4df54d534938792b07cd2ac48ae21ddd8eb8008e36f,0,0,,true
hard_200,ba74a8286944e65623dbb4df54d534938792b07cd2ac48ae21ddd8eb8008e36f,0,0,,true
hard_200,ba74a8286944e65623dbb4df54d534938792b07cd2ac48ae21ddd8eb8008e36f,0,0,,true
hard_200,ba74a8286944e65623dbb4df54d534938792b07cd2ac48ae21ddd8eb8008e36f,0,0,,false
hard_200,ba74a8286944e65623dbb4df54d534938792b07cd2ac48ae21ddd8eb8008e36f,0.045052275,30,,true
hard_200,ba74a8286944e65623dbb4df54d534938792b07cd2ac48ae21ddd8eb8008e36f,0,0,,true
hard_200,ba74a8286944e65623dbb4df54d534938792b07cd2ac48ae21ddd8eb8008e36f,0,0,,true
hard_200,ba74a8286944e65623dbb4df54d534938792b07cd2ac48ae21ddd8eb8008e36f,0.0030992175,2,,true
hard_200,ba74a8286944e65623dbb4df54d534938792b07cd2ac48ae21ddd8eb8008e36f,0.020754848,18,,true
hard_200,ba74a8286944e65623dbb4df54d534938792b07cd2ac48ae21ddd8eb8008e36f,0.04243538,13,,true
hard_200,ba74a8286944e65623dbb4df54d534938792b07cd2ac48ae21ddd8eb8008e36f,0,0,,true
hard_200,ba74a8286944e65623dbb4df54d534938792b07cd2ac48ae21ddd8eb8008e36f,0.00021136201,1,,false
hard_200,ba74a8286944e65623dbb4df54d534938792b07cd2ac48ae21ddd8eb8008e36f,0.013369073,9,,true
hard_200,ba74a8286944e65623dbb4df54d534938792b07cd2ac48ae21ddd8eb8008e36f,0.012342647,10,,true
hard_200,ba74a8286944e65623dbb4df54d534938792b07cd2ac48ae21ddd8eb8008e36f,0.006941399,7,,true
hard_200,ba74a8286944e65623dbb4df54d534938792b07cd2ac48ae21ddd8eb8008e36f,0.11511719,39,,false
hard_200,ba74a8286944e65623dbb4df54d534938792b07cd2ac48ae21ddd8eb8008e36f,0.007046944,7,,true
hard_200,ba74a8286944e65623dbb4df54d534938792b07cd2ac48ae21ddd8eb8008e36f,0.0001492414,3,,true
hard_200,ba74a8286944e65623dbb4df54d534938792b07cd2ac48ae21ddd8eb8008e36f,0.024737252,15,,true
hard_200,ba74a8286944e65623dbb4df54d534938792b07cd2ac48ae21ddd8eb8008e36f,0.023875926,7,,true
hard_200,ba74a8286944e65623dbb4df54d534938792b07cd2ac48ae21ddd8eb8008e36f,0.036265835,7,,true
hard_200,ba74a8286944e65623dbb4df54d534938792b07cd2ac48ae21ddd8eb8008e36f,0.00024393793,1,,true
hard_200,ba74a8286944e65623dbb4df54d534938792b07cd2ac48ae21ddd8eb8008e36f,0.03883645,17,,true
hard_200,ba74a8286944e65623dbb4df54d534938792b07cd2ac48ae21ddd8eb8008e36f,0.0074993907,5,,true
hard_200,ba74a8286944e65623dbb4df54d534938792b07cd2ac48ae21ddd8eb8008e36f,0.036704928,10,,true
hard_200,ba74a8286944e65623dbb4df54d534938792b07cd2ac48ae21ddd8eb8008e36f,0.044470757,25,,true
hard_200,ba74a8286944e65623dbb4df54d534938792b07cd2ac48ae21ddd8eb8008e36f,0.027949575,14,,true
hard_200,ba74a8286944e65623dbb4df54d534938792b07cd2ac48ae21ddd8eb8008e36f,0.040979277,16,,true
hard_200,ba74a8286944e65623dbb4df54d534938792b07cd2ac48ae21ddd8eb8008e36f,0.041254867,23,,true
hard_200,01dbbbe6a5da0db559896f598987c0b09fd964c5f2b2dea90d3ecfa0e406d698,0.0018567125,2,,false
hard_200,01dbbbe6a5da0db559896f598987c0b09fd964c5f2b2dea90d3ecfa0e406d698,0,0,,false
hard_200,01dbbbe6a5da0db559896f598987c0b09fd964c5f2b2dea90d3ecfa0e406d698,0,0,,false
hard_200,01dbbbe6a5da0db559896f598987c0b09fd964c5f2b2dea90d3ecfa0e406d698,0.006578794,3,,false
hard_200,01dbbbe6a5da0db559896f598987c0b09fd964c5f2b2dea90d3ecfa0e406d698,0.0001387629,1,,false
hard_200,01dbbbe6a5da0db559896f598987c0b09fd964c5f2b2dea90d3ecfa0e406d698,0.0032059734,2,,false
hard_200,01dbbbe6a5da0db559896f598987c0b09fd964c5f2b2dea90d3ecfa0e406d698,0.032764897,11,,false
hard_200,01dbbbe6a5da0db559896f598987c0b09fd964c5f2b2dea90d3ecfa0e406d698,0.0010358719,7,,false
hard_200,01dbbbe6a5da0db559896f598987c0b09fd964c5f2b2dea90d3ecfa0e406d698,0.049686573,21,,false
hard_200,01dbbbe6a5da0db559896f598987c0b09fd964c5f2b2dea90d3ecfa0e406d698,0.009840564,9,,false
hard_200,01dbbbe6a5da0db559896f598987c0b09fd964c5f2b2dea90d3ecfa0e406d698,0.020263465,12,,false
hard_200,01dbbbe6a5da0db559896f598987c0b09fd964c5f2b2dea90d3ecfa0e406d698,0.016716056,11,,false
hard_200,01dbbbe6a5da0db559896f598987c0b09fd964c5f2b2dea90d3ecfa0e406d698,0.017238595,11,,false
hard_200,01dbbbe6a5da0db559896f598987c0b09fd964c5f2b2dea90d3ecfa0e406d698,0.033563502,11,,false
hard_200,01dbbbe6a5da0db559896f598987c0b09fd964c5f2b2dea90d3ecfa0e406d698,0.043663777,22,,false
hard_200,01dbbbe6a5da0db559896f598987c0b09fd964c5f2b2dea90d3ecfa0e406d698,0,0,,false
hard_200,01dbbbe6a5da0db559896f598987c0b09fd964c5f2b2dea90d3ecfa0e406d698,0.03826218,22,,false
hard_200,01dbbbe6a5da0db559896f598987c0b09fd964c5f2b2dea90d3ecfa0e406d698,0.038818795,17,,false
hard_200,01dbbbe6a5da0db559896f598987c0b09fd964c5f2b2dea90d3ecfa0e406d698,0.046706647,22,,false
hard_200,01dbbbe6a5da0db559896f598987c0b09fd964c5f2b2dea90d3ecfa0e406d698,0.004647994,8,,false
hard_200,01dbbbe6a5da0db559896f598987c0b09fd964c5f2b2dea90d3ecfa0e406d698,0.18590465,45,,false
hard_200,01dbbbe6a5da0db559896f598987c0b09fd964c5f2b2dea90d3ecfa0e406d698,0.15551233,43,,false
hard_200,01dbbbe6a5da0db559896f598987c0b09fd964c5f2b2dea90d3ecfa0e406d698,0.041796107,21,,false
hard_200,01dbbbe6a5da0db559896f598987c0b09fd964c5f2b2dea90d3ecfa0e406d698,0.05366144,22,,false
hard_200,01dbbbe6a5da0db559896f598987c0b09fd964c5f2b2dea90d3ecfa0e406d698,0.053546537,18,,false
hard_200,01dbbbe6a5da0db559896f598987c0b09fd964c5f2b2dea90d3ecfa0e406d698,0.019619498,16,,false
hard_200,01dbbbe6a5da0db559896f598987c0b09fd964c5f2b2dea90d3ecfa0e406d698,0.05104858,15,,false
hard_200,01dbbbe6a5da0db559896f598987c0b09fd964c5f2b2dea90d3ecfa0e406d698,0.036158662,16,,false
hard_200,01dbbbe6a5da0db559896f598987c0b09fd964c5f2b2dea90d3ecfa0e406d698,0.049024194,20,,false
hard_200,01dbbbe6a5da0db559896f598987c0b09fd964c5f2b2dea90d3ecfa0e406d698,0.15902036,45,,false
hard_200,01dbbbe6a5da0db559896f598987c0b09fd964c5f2b2dea90d3ecfa0e406d698,0.17583446,49,,false
hard_200,6d2b5b34e5c7e2a0eb825bef7dcff03d7fc2cdede4680a1ec1fe366de813e770,0,0,,false
hard_200,6d2b5b34e5c7e2a0eb825bef7dcff03d7fc2cdede4680a1ec1fe366de813e770,0,0,,false
hard_200,6d2b5b34e5c7e2a0eb825bef7dcff03d7fc2cdede4680a1ec1fe366de813e770,0,0,,false
hard_200,6d2b5b34e5c7e2a0eb825bef7dcff03d7fc2cdede4680a1ec1fe366de813e770,0,0,,false
hard_200,6d2b5b34e5c7e2a0eb825bef7dcff03d7fc2cdede4680a1ec1fe366de813e770,0.00015746414,1,,false
hard_200,6d2b5b34e5c7e2a0eb825bef7dcff03d7fc2cdede4680a1ec1fe366de813e770,0.000099495795,1,,false
hard_200,6d2b5b34e5c7e2a0eb825bef7dcff03d7fc2cdede4680a1ec1fe366de813e770,0,0,,false
hard_200,6d2b5b34e5c7e2a0eb825bef7dcff03d7fc2cdede4680a1ec1fe366de813e770,0.00045119575,1,,false
hard_200,6d2b5b34e5c7e2a0eb825bef7dcff03d7fc2cdede4680a1ec1fe366de813e770,0,0,,false
hard_200,6d2b5b34e5c7e2a0eb825bef7dcff03d7fc2cdede4680a1ec1fe366de813e770,0,0,,false
hard_200,6d2b5b34e5c7e2a0eb825bef7dcff03d7fc2cdede4680a1ec1fe366de813e770,0.053361703,19,,false
hard_200,6d2b5b34e5c7e2a0eb825bef7dcff03d7fc2cdede4680a1ec1fe366de813e770,0.027414339,16,,false
hard_200,6d2b5b34e5c7e2a0eb825bef7dcff03d7fc2cdede4680a1ec1fe366de813e770,0.03231249,13,,false
hard_200,6d2b5b34e5c7e2a0eb825bef7dcff03d7fc2cdede4680a1ec1fe366de813e770,0.011309808,14,,false
hard_200,6d2b5b34e5c7e2a0eb825bef7dcff03d7fc2cdede4680a1ec1fe366de813e770,0.004313352,6,,false
hard_200,6d2b5b34e5c7e2a0eb825bef7dcff03d7fc2cdede4680a1ec1fe366de813e770,0.010410173,14,,false
hard_200,6d2b5b34e5c7e2a0eb825bef7dcff03d7fc2cdede4680a1ec1fe366de813e770,0.016691405,12,,false
hard_200,6d2b5b34e5c7e2a0eb825bef7dcff03d7fc2cdede4680a1ec1fe366de813e770,0.03073848,20,,false
hard_200,6d2b5b34e5c7e2a0eb825bef7dcff03d7fc2cdede4680a1ec1fe366de813e770,0.04046516,12,,false
hard_200,6d2b5b34e5c7e2a0eb825bef7dcff03d7fc2cdede4680a1ec1fe366de813e770,0.0114978105,16,,false
hard_200,6d2b5b34e5c7e2a0eb825bef7dcff03d7fc2cdede4680a1ec1fe366de813e770,0.03617592,16,,false
hard_200,6d2b5b34e5c7e2a0eb825bef7dcff03d7fc2cdede4680a1ec1fe366de813e770,0.047806244,18,,false
hard_200,6d2b5b34e5c7e2a0eb825bef7dcff03d7fc2cdede4680a1ec1fe366de813e770,0.03298856,11,,false
hard_200,6d2b5b34e5c7e2a0eb825bef7dcff03d7fc2cdede4680a1ec1fe366de813e770,0.04721856,18,,false
hard_200,6d2b5b34e5c7e2a0eb825bef7dcff03d7fc2cdede4680a1ec1fe366de813e770,0.02142276,13,,false
hard_200,6d2b5b34e5c7e2a0eb825bef7dcff03d7fc2cdede4680a1ec1fe366de813e770,0.03625552,13,,false
hard_200,6d2b5b34e5c7e2a0eb825bef7dcff03d7fc2cdede4680a1ec1fe366de813e770,0.026513148,16,,false
hard_200,6d2b5b34e5c7e2a0eb825bef7dcff03d7fc2cdede4680a1ec1fe366de813e770,0.022064168,8,,false
hard_200,6d2b5b34e5c7e2a0eb825bef7dcff03d7fc2cdede4680a1ec1fe366de813e770,0.24719322,60,,false
hard_200,6d2b5b34e5c7e2a0eb825bef7dcff03d7fc2cdede4680a1ec1fe366de813e770,0.05296095,24,,false
hard_200,e29961961a57c11512e78595944b27f80dda703d990a705d3211b1a56b37c5a1,0,0,,false
hard_200,e29961961a57c11512e78595944b27f80dda703d990a705d3211b1a56b37c5a1,0,0,,false
hard_200,e29961961a57c11512e78595944b27f80dda703d990a705d3211b1a56b37c5a1,0,0,,false
hard_200,e29961961a57c11512e78595944b27f80dda703d990a705d3211b1a56b37c5a1,0.0039865086,6,,false
hard_200,e29961961a57c11512e78595944b27f80dda703d990a705d3211b1a56b37c5a1,0,0,,false
hard_200,e29961961a57c11512e78595944b27f80dda703d990a705d3211b1a56b37c5a1,0,0,,false
hard_200,e29961961a57c11512e78595944b27f80dda703d990a705d3211b1a56b37c5a1,0.00035755313,2,,false
hard_200,e29961961a57c11512e78595944b27f80dda703d990a705d3211b1a56b37c5a1,0.03191344,20,,false
hard_200,e29961961a57c11512e78595944b27f80dda703d990a705d3211b1a56b37c5a1,0,0,,false
hard_200,e29961961a57c11512e78595944b27f80dda703d990a705d3211b1a56b37c5a1,0,0,,false
hard_200,e29961961a57c11512e78595944b27f80dda703d990a705d3211b1a56b37c5a1,0.009218319,4,,false
hard_200,e29961961a57c11512e78595944b27f80dda703d990a705d3211b1a56b37c5a1,0.019665428,14,,false
hard_200,e29961961a57c11512e78595944b27f80dda703d990a705d3211b1a56b37c5a1,0.0020756454,1,,false
hard_200,e29961961a57c11512e78595944b27f80dda703d990a705d3211b1a56b37c5a1,0.00020087036,1,,false
hard_200,e29961961a57c11512e78595944b27f80dda703d990a705d3211b1a56b37c5a1,0,0,,false
hard_200,e29961961a57c11512e78595944b27f80dda703d990a705d3211b1a56b37c5a1,0.011562187,7,,false
hard_200,e29961961a57c11512e78595944b27f80dda703d990a705d3211b1a56b37c5a1,0.00063914247,1,,false
hard_200,e29961961a57c11512e78595944b27f80dda703d990a705d3211b1a56b37c5a1,0.0020615333,2,,false
hard_200,e29961961a57c11512e78595944b27f80dda703d990a705d3211b1a56b37c5a1,0.009085185,4,,false
hard_200,e29961961a57c11512e78595944b27f80dda703d990a705d3211b1a56b37c5a1,0.008099402,7,,false
hard_200,e29961961a57c11512e78595944b27f80dda703d990a705d3211b1a56b37c5a1,0.01664216,14,,false
hard_200,e29961961a57c11512e78595944b27f80dda703d990a705d3211b1a56b37c5a1,0,0,,false
hard_200,e29961961a57c11512e78595944b27f80dda703d990a705d3211b1a56b37c5a1,0.0418388,17,,false
hard_200,e29961961a57c11512e78595944b27f80dda703d990a705d3211b1a56b37c5a1,0.051524546,17,,false
hard_200,e29961961a57c11512e78595944b27f80dda703d990a705d3211b1a56b37c5a1,0.03390877,19,,false
hard_200,e29961961a57c11512e78595944b27f80dda703d990a705d3211b1a56b37c5a1,0.043153957,17,,false
hard_200,e29961961a57c11512e78595944b27f80dda703d990a705d3211b1a56b37c5a1,0.04532057,16,,false
hard_200,e29961961a57c11512e78595944b27f80dda703d990a705d3211b1a56b37c5a1,0.031188376,20,,false
hard_200,e29961961a57c11512e78595944b27f80dda703d990a705d3211b1a56b37c5a1,0.029083865,16,,false
hard_200,c65b54ef2014a23829d3e4d042f2369b42532c798ca5af742fca51a374fa8f99,0,0,,false
hard_200,c65b54ef2014a23829d3e4d042f2369b42532c798ca5af742fca51a374fa8f99,0.009248864,8,,false
hard_200,c65b54ef2014a23829d3e4d042f2369b42532c798ca5af742fca51a374fa8f99,0.03125288,9,,false
hard_200,c65b54ef2014a23829d3e4d042f2369b42532c798ca5af742fca51a374fa8f99,0,0,,false
hard_200,c65b54ef2014a23829d3e4d042f2369b42532c798ca5af742fca51a374fa8f99,0.029343799,10,,false
hard_200,c65b54ef2014a23829d3e4d042f2369b42532c798ca5af742fca51a374fa8f99,0,0,,false
hard_200,c65b54ef2014a23829d3e4d042f2369b42532c798ca5af742fca51a374fa8f99,0,0,,false
hard_200,c65b54ef2014a23829d3e4d042f2369b42532c798ca5af742fca51a374fa8f99,0.000059976544,1,,false
hard_200,c65b54ef2014a23829d3e4d042f2369b42532c798ca5af742fca51a374fa8f99,0,0,,false
hard_200,c65b54ef2014a23829d3e4d042f2369b42532c798ca5af742fca51a374fa8f99,0.004851116,2,,false
hard_200,c65b54ef2014a23829d3e4d042f2369b42532c798ca5af742fca51a374fa8f99,0.00047680576,6,,false
hard_200,c65b54ef2014a23829d3e4d042f2369b42532c798ca5af742fca51a374fa8f99,0.03153909,11,,false
hard_200,c65b54ef2014a23829d3e4d042f2369b42532c798ca5af742fca51a374fa8f99,0,0,,false
hard_200,c65b54ef2014a23829d3e4d042f2369b42532c798ca5af742fca51a374fa8f99,0.018958395,17,,false
hard_200,c65b54ef2014a23829d3e4d042f2369b42532c798ca5af742fca51a374fa8f99,0,0,,false
hard_200,c65b54ef2014a23829d3e4d042f2369b42532c798ca5af742fca51a374fa8f99,0.026349464,10,,false
hard_200,c65b54ef2014a23829d3e4d042f2369b42532c798ca5af742fca51a374fa8f99,0.01302724,8,,false
hard_200,c65b54ef2014a23829d3e4d042f2369b42532c798ca5af742fca51a374fa8f99,0.014227326,9,,false
hard_200,c65b54ef2014a23829d3e4d042f2369b42532c798ca5af742fca51a374fa8f99,0.06379683,22,,false
hard_200,c65b54ef2014a23829d3e4d042f2369b42532c798ca5af742fca51a374fa8f99,0.0067475284,7,,false
hard_200,c65b54ef2014a23829d3e4d042f2369b42532c798ca5af742fca51a374fa8f99,0.013380828,7,,false
hard_200,c65b54ef2014a23829d3e4d042f2369b42532c798ca5af742fca51a374fa8f99,0.1763162,51,,false
hard_200,c65b54ef2014a23829d3e4d042f2369b42532c798ca5af742fca51a374fa8f99,0.027717488,16,,false
hard_200,c65b54ef2014a23829d3e4d042f2369b42532c798ca5af742fca51a374fa8f99,0.005448006,3,,false
hard_200,c65b54ef2014a23829d3e4d042f2369b42532c798ca5af742fca51a374fa8f99,0.020650394,13,,false
hard_200,c65b54ef2014a23829d3e4d042f2369b42532c798ca5af742fca51a374fa8f99,0.05067236,17,,false
hard_200,c65b54ef2014a23829d3e4d042f2369b42532c798ca5af742fca51a374fa8f99,0.020403545,14,,false
hard_200,c65b54ef2014a23829d3e4d042f2369b42532c798ca5af742fca51a374fa8f99,0.011624558,6,,false
hard_200,c65b54ef2014a23829d3e4d042f2369b42532c798ca5af742fca51a374fa8f99,0.044259537,19,,false
hard_200,c65b54ef2014a23829d3e4d042f2369b42532c798ca5af742fca51a374fa8f99,0.0496625,24,,false
hard_200,c65b54ef2014a23829d3e4d042f2369b42532c798ca5af742fca51a374fa8f99,0.010672874,12,,false
hard_200,a57d74b1acd6c3e541dc94d30c9dd3107a403e2d737511c49635cc2bf3055113,0,0,,false
hard_200,a57d74b1acd6c3e541dc94d30c9dd3107a403e2d737511c49635cc2bf3055113,0.0020559381,6,,false
hard_200,a57d74b1acd6c3e541dc94d30c9dd3107a403e2d737511c49635cc2bf3055113,0.0053581097,4,,false
hard_200,a57d74b1acd6c3e541dc94d30c9dd3107a403e2d737511c49635cc2bf3055113,0,0,,false
hard_200,a57d74b1acd6c3e541dc94d30c9dd3107a403e2d737511c49635cc2bf3055113,0.009046336,6,,false
hard_200,a57d74b1acd6c3e541dc94d30c9dd3107a403e2d737511c49635cc2bf3055113,0.007272726,8,,false
hard_200,a57d74b1acd6c3e541dc94d30c9dd3107a403e2d737511c49635cc2bf3055113,0,0,,false
hard_200,a57d74b1acd6c3e541dc94d30c9dd3107a403e2d737511c49635cc2bf3055113,0.0003580113,6,,false
hard_200,a57d74b1acd6c3e541dc94d30c9dd3107a403e2d737511c49635cc2bf3055113,0,0,,false
hard_200,a57d74b1acd6c3e541dc94d30c9dd3107a403e2d737511c49635cc2bf3055113,0.001022033,1,,false
hard_200,a57d74b1acd6c3e541dc94d30c9dd3107a403e2d737511c49635cc2bf3055113,0.16789235,47,,false
hard_200,a57d74b1acd6c3e541dc94d30c9dd3107a403e2d737511c49635cc2bf3055113,0.025351621,13,,false
hard_200,a57d74b1acd6c3e541dc94d30c9dd3107a403e2d737511c49635cc2bf3055113,0.019627063,11,,false
hard_200,a57d74b1acd6c3e541dc94d30c9dd3107a403e2d737511c49635cc2bf3055113,0,0,,false
hard_200,a57d74b1acd6c3e541dc94d30c9dd3107a403e2d737511c49635cc2bf3055113,0.0020568538,2,,false
hard_200,a57d74b1acd6c3e541dc94d30c9dd3107a403e2d737511c49635cc2bf3055113,0.010294607,10,,false
hard_200,a57d74b1acd6c3e541dc94d30c9dd3107a403e2d737511c49635cc2bf3055113,0.003270841,2,,false
hard_200,a57d74b1acd6c3e541dc94d30c9dd3107a403e2d737511c49635cc2bf3055113,0.03348585,13,,false
hard_200,a57d74b1acd6c3e541dc94d30c9dd3107a403e2d737511c49635cc2bf3055113,0.014649503,15,,false
hard_200,a57d74b1acd6c3e541dc94d30c9dd3107a403e2d737511c49635cc2bf3055113,0.0022871445,1,,false
hard_200,a57d74b1acd6c3e541dc94d30c9dd3107a403e2d737511c49635cc2bf3055113,0.027830087,15,,false
hard_200,a57d74b1acd6c3e541dc94d30c9dd3107a403e2d737511c49635cc2bf3055113,0.003576839,4,,false
hard_200,a57d74b1acd6c3e541dc94d30c9dd3107a403e2d737511c49635cc2bf3055113,0.026851764,14,,false
hard_200,a57d74b1acd6c3e541dc94d30c9dd3107a403e2d737511c49635cc2bf3055113,0.016707642,14,,false
hard_200,a57d74b1acd6c3e541dc94d30c9dd3107a403e2d737511c49635cc2bf3055113,0.040517382,17,,false
hard_200,a57d74b1acd6c3e541dc94d30c9dd3107a403e2d737511c49635cc2bf3055113,0.042128347,19,,false
hard_200,a57d74b1acd6c3e541dc94d30c9dd3107a403e2d737511c49635cc2bf3055113,0.01248863,9,,false
hard_200,a57d74b1acd6c3e541dc94d30c9dd3107a403e2d737511c49635cc2bf3055113,0.02090938,12,,false
hard_200,a57d74b1acd6c3e541dc94d30c9dd3107a403e2d737511c49635cc2bf3055113,0.03662508,19,,false
hard_200,3cbe918b1f3a8c5bf1176fb3bddb93ce40a6d4934630ae5902b6b5819f0ecc81,0,0,,false
hard_200,3cbe918b1f3a8c5bf1176fb3bddb93ce40a6d4934630ae5902b6b5819f0ecc81,0,0,,false
hard_200,3cbe918b1f3a8c5bf1176fb3bddb93ce40a6d4934630ae5902b6b5819f0ecc81,0.00044298568,1,,false
hard_200,3cbe918b1f3a8c5bf1176fb3bddb93ce40a6d4934630ae5902b6b5819f0ecc81,0,0,,false
hard_200,3cbe918b1f3a8c5bf1176fb3bddb93ce40a6d4934630ae5902b6b5819f0ecc81,0,0,,false
hard_200,3cbe918b1f3a8c5bf1176fb3bddb93ce40a6d4934630ae5902b6b5819f0ecc81,0.017224796,13,,false
hard_200,3cbe918b1f3a8c5bf1176fb3bddb93ce40a6d4934630ae5902b6b5819f0ecc81,0,0,,false
hard_200,3cbe918b1f3a8c5bf1176fb3bddb93ce40a6d4934630ae5902b6b5819f0ecc81,0,0,,false
hard_200,3cbe918b1f3a8c5bf1176fb3bddb93ce40a6d4934630ae5902b6b5819f0ecc81,0,0,,false
hard_200,3cbe918b1f3a8c5bf1176fb3bddb93ce40a6d4934630ae5902b6b5819f0ecc81,0.03932525,9,,false
hard_200,3cbe918b1f3a8c5bf1176fb3bddb93ce40a6d4934630ae5902b6b5819f0ecc81,0.0036387702,4,,false
hard_200,3cbe918b1f3a8c5bf1176fb3bddb93ce40a6d4934630ae5902b6b5819f0ecc81,0.0021963145,2,,false
hard_200,3cbe918b1f3a8c5bf1176fb3bddb93ce40a6d4934630ae5902b6b5819f0ecc81,0,0,,false
hard_200,3cbe918b1f3a8c5bf1176fb3bddb93ce40a6d4934630ae5902b6b5819f0ecc81,0.033619262,18,,false
hard_200,3cbe918b1f3a8c5bf1176fb3bddb93ce40a6d4934630ae5902b6b5819f0ecc81,0.027728062,14,,false
hard_200,3cbe918b1f3a8c5bf1176fb3bddb93ce40a6d4934630ae5902b6b5819f0ecc81,0.019153472,14,,false
hard_200,3cbe918b1f3a8c5bf1176fb3bddb93ce40a6d4934630ae5902b6b5819f0ecc81,0.052263446,23,,false
hard_200,3cbe918b1f3a8c5bf1176fb3bddb93ce40a6d4934630ae5902b6b5819f0ecc81,0.043881454,21,,false
hard_200,3cbe918b1f3a8c5bf1176fb3bddb93ce40a6d4934630ae5902b6b5819f0ecc81,0.042487256,12,,false
hard_200,3cbe918b1f3a8c5bf1176fb3bddb93ce40a6d4934630ae5902b6b5819f0ecc81,0.013087789,7,,false
hard_200,3cbe918b1f3a8c5bf1176fb3bddb93ce40a6d4934630ae5902b6b5819f0ecc81,0.009831658,6,,false
hard_200,3cbe918b1f3a8c5bf1176fb3bddb93ce40a6d4934630ae5902b6b5819f0ecc81,0.049747232,21,,false
hard_200,3cbe918b1f3a8c5bf1176fb3bddb93ce40a6d4934630ae5902b6b5819f0ecc81,0.034592874,11,,false
hard_200,3cbe918b1f3a8c5bf1176fb3bddb93ce40a6d4934630ae5902b6b5819f0ecc81,0.037931662,20,,false
hard_200,3cbe918b1f3a8c5bf1176fb3bddb93ce40a6d4934630ae5902b6b5819f0ecc81,0.031036051,14,,false
hard_200,3cbe918b1f3a8c5bf1176fb3bddb93ce40a6d4934630ae5902b6b5819f0ecc81,0.041401584,20,,false
hard_200,3cbe918b1f3a8c5bf1176fb3bddb93ce40a6d4934630ae5902b6b5819f0ecc81,0.017481623,12,,false
hard_200,3cbe918b1f3a8c5bf1176fb3bddb93ce40a6d4934630ae5902b6b5819f0ecc81,0.14724009,41,,false
hard_200,3cbe918b1f3a8c5bf1176fb3bddb93ce40a6d4934630ae5902b6b5819f0ecc81,0.042260885,20,,false
hard_200,3cbe918b1f3a8c5bf1176fb3bddb93ce40a6d4934630ae5902b6b5819f0ecc81,0.105085455,47,,false
hard_200,3cbe918b1f3a8c5bf1176fb3bddb93ce40a6d4934630ae5902b6b5819f0ecc81,0.18346009,47,,false
hard_200,3cbe918b1f3a8c5bf1176fb3bddb93ce40a6d4934630ae5902b6b5819f0ecc81,0.15367897,37,,false
hard_200,aa5c82603b77dec450bf9202f30107d4e5d891bd7fcf66dcb5e7ce065c26f828,0,0,,false
hard_200,aa5c82603b77dec450bf9202f30107d4e5d891bd7fcf66dcb5e7ce065c26f828,0.00079920964,1,,false
hard_200,aa5c82603b77dec450bf9202f30107d4e5d891bd7fcf66dcb5e7ce065c26f828,0,0,,false
hard_200,aa5c82603b77dec450bf9202f30107d4e5d891bd7fcf66dcb5e7ce065c26f828,0,0,,false
hard_200,aa5c82603b77dec450bf9202f30107d4e5d891bd7fcf66dcb5e7ce065c26f828,0.0009252164,1,,false
hard_200,aa5c82603b77dec450bf9202f30107d4e5d891bd7fcf66dcb5e7ce065c26f828,0.0055257604,4,,false
hard_200,aa5c82603b77dec450bf9202f30107d4e5d891bd7fcf66dcb5e7ce065c26f828,0.0011863479,2,,false
hard_200,aa5c82603b77dec450bf9202f30107d4e5d891bd7fcf66dcb5e7ce065c26f828,0.0036007848,3,,false
hard_200,aa5c82603b77dec450bf9202f30107d4e5d891bd7fcf66dcb5e7ce065c26f828,0.00049726025,1,,false
hard_200,aa5c82603b77dec450bf9202f30107d4e5d891bd7fcf66dcb5e7ce065c26f828,0.032645367,12,,false
hard_200,aa5c82603b77dec450bf9202f30107d4e5d891bd7fcf66dcb5e7ce065c26f828,0,0,,false
hard_200,aa5c82603b77dec450bf9202f30107d4e5d891bd7fcf66dcb5e7ce065c26f828,0.025467934,14,,false
hard_200,aa5c82603b77dec450bf9202f30107d4e5d891bd7fcf66dcb5e7ce065c26f828,0.0004850866,1,,false
hard_200,aa5c82603b77dec450bf9202f30107d4e5d891bd7fcf66dcb5e7ce065c26f828,0.0030066846,4,,false
hard_200,aa5c82603b77dec450bf9202f30107d4e5d891bd7fcf66dcb5e7ce065c26f828,0,0,,false
hard_200,aa5c82603b77dec450bf9202f30107d4e5d891bd7fcf66dcb5e7ce065c26f828,0.06202057,20,,false
hard_200,aa5c82603b77dec450bf9202f30107d4e5d891bd7fcf66dcb5e7ce065c26f828,0.011198883,9,,false
hard_200,aa5c82603b77dec450bf9202f30107d4e5d891bd7fcf66dcb5e7ce065c26f828,0.04980115,21,,false
hard_200,aa5c82603b77dec450bf9202f30107d4e5d891bd7fcf66dcb5e7ce065c26f828,0.010906686,9,,false
hard_200,aa5c82603b77dec450bf9202f30107d4e5d891bd7fcf66dcb5e7ce065c26f828,0.04271077,23,,false
hard_200,aa5c82603b77dec450bf9202f30107d4e5d891bd7fcf66dcb5e7ce065c26f828,0.04368748,22,,false
hard_200,aa5c82603b77dec450bf9202f30107d4e5d891bd7fcf66dcb5e7ce065c26f828,0.037930634,13,,false
hard_200,aa5c82603b77dec450bf9202f30107d4e5d891bd7fcf66dcb5e7ce065c26f828,0.0004881001,4,,false
hard_200,aa5c82603b77dec450bf9202f30107d4e5d891bd7fcf66dcb5e7ce065c26f828,0.04063195,25,,false
hard_200,aa5c82603b77dec450bf9202f30107d4e5d891bd7fcf66dcb5e7ce065c26f828,0.03022976,16,,false
hard_200,aa5c82603b77dec450bf9202f30107d4e5d891bd7fcf66dcb5e7ce065c26f828,0.043004513,15,,false
hard_200,aa5c82603b77dec450bf9202f30107d4e5d891bd7fcf66dcb5e7ce065c26f828,0.029829552,14,,false
hard_200,aa5c82603b77dec450bf9202f30107d4e5d891bd7fcf66dcb5e7ce065c26f828,0.02720133,11,,false
hard_200,aa5c82603b77dec450bf9202f30107d4e5d891bd7fcf66dcb5e7ce065c26f828,0.030134102,19,,false
hard_200,d72f02857c695eff657807e861621a2195fdf70cdb9747ac35ee6c236218f981,0.00015149542,1,,false
hard_200,d72f02857c695eff657807e861621a2195fdf70cdb9747ac35ee6c236218f981,0,0,,false
hard_200,d72f02857c695eff657807e861621a2195fdf70cdb9747ac35ee6c236218f981,0,0,,false
hard_200,d72f02857c695eff657807e861621a2195fdf70cdb9747ac35ee6c236218f981,0,0,,false
hard_200,d72f02857c695eff657807e861621a2195fdf70cdb9747ac35ee6c236218f981,0.0055030542,10,,false
hard_200,d72f02857c695eff657807e861621a2195fdf70cdb9747ac35ee6c236218f981,0.0054578357,6,,false
hard_200,d72f02857c695eff657807e861621a2195fdf70cdb9747ac35ee6c236218f981,0.010491057,10,,false
hard_200,d72f02857c695eff657807e861621a2195fdf70cdb9747ac35ee6c236218f981,0.00017618012,1,,false
hard_200,d72f02857c695eff657807e861621a2195fdf70cdb9747ac35ee6c236218f981,0.0042243223,3,,false
hard_200,d72f02857c695eff657807e861621a2195fdf70cdb9747ac35ee6c236218f981,0,0,,false
hard_200,d72f02857c695eff657807e861621a2195fdf70cdb9747ac35ee6c236218f981,0.010997448,7,,false
hard_200,d72f02857c695eff657807e861621a2195fdf70cdb9747ac35ee6c236218f981,0.008194368,8,,false
hard_200,d72f02857c695eff657807e861621a2195fdf70cdb9747ac35ee6c236218f981,0.0021512895,5,,false
hard_200,d72f02857c695eff657807e861621a2195fdf70cdb9747ac35ee6c236218f981,0.0033352217,6,,false
hard_200,d72f02857c695eff657807e861621a2195fdf70cdb9747ac35ee6c236218f981,0.005617032,12,,false
hard_200,d72f02857c695eff657807e861621a2195fdf70cdb9747ac35ee6c236218f981,0.009322328,9,,false
hard_200,d72f02857c695eff657807e861621a2195fdf70cdb9747ac35ee6c236218f981,0.0401736,22,,false
hard_200,d72f02857c695eff657807e861621a2195fdf70cdb9747ac35ee6c236218f981,0.016526954,5,,false
hard_200,d72f02857c695eff657807e861621a2195fdf70cdb9747ac35ee6c236218f981,0.014452689,4,,false
hard_200,d72f02857c695eff657807e861621a2195fdf70cdb9747ac35ee6c236218f981,0.018173648,14,,false
hard_200,d72f02857c695eff657807e861621a2195fdf70cdb9747ac35ee6c236218f981,0.034538,18,,false
hard_200,d72f02857c695eff657807e861621a2195fdf70cdb9747ac35ee6c236218f981,0.016030481,21,,false
hard_200,d72f02857c695eff657807e861621a2195fdf70cdb9747ac35ee6c236218f981,0.010601177,9,,false
hard_200,d72f02857c695eff657807e861621a2195fdf70cdb9747ac35ee6c236218f981,0.020868579,14,,false
hard_200,d72f02857c695eff657807e861621a2195fdf70cdb9747ac35ee6c236218f981,0.03158416,21,,false
hard_200,d72f02857c695eff657807e861621a2195fdf70cdb9747ac35ee6c236218f981,0.019303875,8,,false
hard_200,d72f02857c695eff657807e861621a2195fdf70cdb9747ac35ee6c236218f981,0.021961268,16,,false
hard_200,d72f02857c695eff657807e861621a2195fdf70cdb9747ac35ee6c236218f981,0.05578191,17,,false
hard_200,2256f20bf59ec1d37bb78279d19bec1969f979c3e819b55753425dc7391389b5,0,0,,true
hard_200,2256f20bf59ec1d37bb78279d19bec1969f979c3e819b55753425dc7391389b5,0,0,,true
hard_200,2256f20bf59ec1d37bb78279d19bec1969f979c3e819b55753425dc7391389b5,0,0,,true
hard_200,2256f20bf59ec1d37bb78279d19bec1969f979c3e819b55753425dc7391389b5,0.001182246,2,,true
hard_200,2256f20bf59ec1d37bb78279d19bec1969f979c3e819b55753425dc7391389b5,0,0,,true
hard_200,2256f20bf59ec1d37bb78279d19bec1969f979c3e819b55753425dc7391389b5,0.000033792683,1,,true
hard_200,2256f20bf59ec1d37bb78279d19bec1969f979c3e819b55753425dc7391389b5,0,0,,true
hard_200,2256f20bf59ec1d37bb78279d19bec1969f979c3e819b55753425dc7391389b5,0,0,,false
hard_200,2256f20bf59ec1d37bb78279d19bec1969f979c3e819b55753425dc7391389b5,0.0047292244,8,,true
hard_200,2256f20bf59ec1d37bb78279d19bec1969f979c3e819b55753425dc7391389b5,0.0016579266,3,,true
hard_200,2256f20bf59ec1d37bb78279d19bec1969f979c3e819b55753425dc7391389b5,0,0,,true
hard_200,2256f20bf59ec1d37bb78279d19bec1969f979c3e819b55753425dc7391389b5,0.122234285,39,,false
hard_200,2256f20bf59ec1d37bb78279d19bec1969f979c3e819b55753425dc7391389b5,0,0,,false
hard_200,2256f20bf59ec1d37bb78279d19bec1969f979c3e819b55753425dc7391389b5,0.012636832,8,,true
hard_200,2256f20bf59ec1d37bb78279d19bec1969f979c3e819b55753425dc7391389b5,0.029389648,17,,true
hard_200,2256f20bf59ec1d37bb78279d19bec1969f979c3e819b55753425dc7391389b5,0.014925281,6,,true
hard_200,2256f20bf59ec1d37bb78279d19bec1969f979c3e819b55753425dc7391389b5,0,0,,true
hard_200,2256f20bf59ec1d37bb78279d19bec1969f979c3e819b55753425dc7391389b5,0.17864092,46,,false
hard_200,2256f20bf59ec1d37bb78279d19bec1969f979c3e819b55753425dc7391389b5,0.003328642,5,,true
hard_200,2256f20bf59ec1d37bb78279d19bec1969f979c3e819b55753425dc7391389b5,0.035382368,32,,true
hard_200,2256f20bf59ec1d37bb78279d19bec1969f979c3e819b55753425dc7391389b5,0.008792133,7,,true
hard_200,2256f20bf59ec1d37bb78279d19bec1969f979c3e819b55753425dc7391389b5,0.17241052,44,,false
hard_200,2256f20bf59ec1d37bb78279d19bec1969f979c3e819b55753425dc7391389b5,0.008274151,10,,true
hard_200,2256f20bf59ec1d37bb78279d19bec1969f979c3e819b55753425dc7391389b5,0.03681939,21,,true
hard_200,2256f20bf59ec1d37bb78279d19bec1969f979c3e819b55753425dc7391389b5,0.040936,16,,true
hard_200,2256f20bf59ec1d37bb78279d19bec1969f979c3e819b55753425dc7391389b5,0.03508125,19,,true
hard_200,2256f20bf59ec1d37bb78279d19bec1969f979c3e819b55753425dc7391389b5,0.0027205548,3,,true
hard_200,2256f20bf59ec1d37bb78279d19bec1969f979c3e819b55753425dc7391389b5,0.035927545,11,,true
hard_200,2256f20bf59ec1d37bb78279d19bec1969f979c3e819b55753425dc7391389b5,0.015898714,7,,true
hard_200,2256f20bf59ec1d37bb78279d19bec1969f979c3e819b55753425dc7391389b5,0.03634478,22,,true
hard_200,2256f20bf59ec1d37bb78279d19bec1969f979c3e819b55753425dc7391389b5,0.058435217,16,,true
hard_200,2256f20bf59ec1d37bb78279d19bec1969f979c3e819b55753425dc7391389b5,0.03191357,23,,true
hard_200,9da966dcf9abcde2be94aebe566afb18aca03c9d38c2404974ee43aa5628c56a,0,0,,false
hard_200,9da966dcf9abcde2be94aebe566afb18aca03c9d38c2404974ee43aa5628c56a,0,0,,false
hard_200,9da966dcf9abcde2be94aebe566afb18aca03c9d38c2404974ee43aa5628c56a,0,0,,false
hard_200,9da966dcf9abcde2be94aebe566afb18aca03c9d38c2404974ee43aa5628c56a,0,0,,false
hard_200,9da966dcf9abcde2be94aebe566afb18aca03c9d38c2404974ee43aa5628c56a,0.01608117,5,,false
hard_200,9da966dcf9abcde2be94aebe566afb18aca03c9d38c2404974ee43aa5628c56a,0,0,,false
hard_200,9da966dcf9abcde2be94aebe566afb18aca03c9d38c2404974ee43aa5628c56a,0.018096935,12,,false
hard_200,9da966dcf9abcde2be94aebe566afb18aca03c9d38c2404974ee43aa5628c56a,0.0066576004,3,,false
hard_200,9da966dcf9abcde2be94aebe566afb18aca03c9d38c2404974ee43aa5628c56a,0.0019527682,5,,false
hard_200,9da966dcf9abcde2be94aebe566afb18aca03c9d38c2404974ee43aa5628c56a,0.009936639,6,,false
hard_200,9da966dcf9abcde2be94aebe566afb18aca03c9d38c2404974ee43aa5628c56a,0.020534769,16,,false
hard_200,9da966dcf9abcde2be94aebe566afb18aca03c9d38c2404974ee43aa5628c56a,0.019310325,10,,false
hard_200,9da966dcf9abcde2be94aebe566afb18aca03c9d38c2404974ee43aa5628c56a,0.04356348,17,,false
hard_200,9da966dcf9abcde2be94aebe566afb18aca03c9d38c2404974ee43aa5628c56a,0.03851344,14,,false
hard_200,9da966dcf9abcde2be94aebe566afb18aca03c9d38c2404974ee43aa5628c56a,0.0067637335,3,,false
hard_200,9da966dcf9abcde2be94aebe566afb18aca03c9d38c2404974ee43aa5628c56a,0.025533367,14,,false
hard_200,9da966dcf9abcde2be94aebe566afb18aca03c9d38c2404974ee43aa5628c56a,0.015378535,13,,false
hard_200,9da966dcf9abcde2be94aebe566afb18aca03c9d38c2404974ee43aa5628c56a,0.00915016,9,,false
hard_200,9da966dcf9abcde2be94aebe566afb18aca03c9d38c2404974ee43aa5628c56a,0.028661521,13,,false
hard_200,9da966dcf9abcde2be94aebe566afb18aca03c9d38c2404974ee43aa5628c56a,0.04225351,17,,false
hard_200,9da966dcf9abcde2be94aebe566afb18aca03c9d38c2404974ee43aa5628c56a,0.009879552,6,,false
hard_200,9da966dcf9abcde2be94aebe566afb18aca03c9d38c2404974ee43aa5628c56a,0.02075865,16,,false
hard_200,9da966dcf9abcde2be94aebe566afb18aca03c9d38c2404974ee43aa5628c56a,0.03355552,19,,false
hard_200,9da966dcf9abcde2be94aebe566afb18aca03c9d38c2404974ee43aa5628c56a,0.033260662,12,,false
hard_200,9da966dcf9abcde2be94aebe566afb18aca03c9d38c2404974ee43aa5628c56a,0.023565637,13,,false
hard_200,9da966dcf9abcde2be94aebe566afb18aca03c9d38c2404974ee43aa5628c56a,0.0085675,5,,false
hard_200,9da966dcf9abcde2be94aebe566afb18aca03c9d38c2404974ee43aa5628c56a,0.04983491,18,,false
hard_200,9da966dcf9abcde2be94aebe566afb18aca03c9d38c2404974ee43aa5628c56a,0.046733566,24,,false
hard_200,9da966dcf9abcde2be94aebe566afb18aca03c9d38c2404974ee43aa5628c56a,0.17786948,46,,false
hard_200,9da966dcf9abcde2be94aebe566afb18aca03c9d38c2404974ee43aa5628c56a,0.038009178,20,,false
hard_200,abf872b9e749dbba5bb2dd92ae74a114c69d615120b56234d7343ca37c2602dd,0,0,,false
hard_200,abf872b9e749dbba5bb2dd92ae74a114c69d615120b56234d7343ca37c2602dd,0.003907496,1,,false
hard_200,abf872b9e749dbba5bb2dd92ae74a114c69d615120b56234d7343ca37c2602dd,0,0,,false
hard_200,abf872b9e749dbba5bb2dd92ae74a114c69d615120b56234d7343ca37c2602dd,0,0,,false
hard_200,abf872b9e749dbba5bb2dd92ae74a114c69d615120b56234d7343ca37c2602dd,0.0000065808135,1,,false
hard_200,abf872b9e749dbba5bb2dd92ae74a114c69d615120b56234d7343ca37c2602dd,0,0,,false
hard_200,abf872b9e749dbba5bb2dd92ae74a114c69d615120b56234d7343ca37c2602dd,0.0036065208,1,,false
hard_200,abf872b9e749dbba5bb2dd92ae74a114c69d615120b56234d7343ca37c2602dd,0.00050100376,1,,false
hard_200,abf872b9e749dbba5bb2dd92ae74a114c69d615120b56234d7343ca37c2602dd,0.0033605904,1,,false
hard_200,abf872b9e749dbba5bb2dd92ae74a114c69d615120b56234d7343ca37c2602dd,0.021806851,11,,false
hard_200,abf872b9e749dbba5bb2dd92ae74a114c69d615120b56234d7343ca37c2602dd,0.004090688,8,,false
hard_200,abf872b9e749dbba5bb2dd92ae74a114c69d615120b56234d7343ca37c2602dd,0.02975953,16,,false
hard_200,abf872b9e749dbba5bb2dd92ae74a114c69d615120b56234d7343ca37c2602dd,0.011191721,12,,false
hard_200,abf872b9e749dbba5bb2dd92ae74a114c69d615120b56234d7343ca37c2602dd,0.017384613,13,,false
hard_200,abf872b9e749dbba5bb2dd92ae74a114c69d615120b56234d7343ca37c2602dd,0,0,,false
hard_200,abf872b9e749dbba5bb2dd92ae74a114c69d615120b56234d7343ca37c2602dd,0.031348456,18,,false
hard_200,abf872b9e749dbba5bb2dd92ae74a114c69d615120b56234d7343ca37c2602dd,0.02461912,12,,false
hard_200,abf872b9e749dbba5bb2dd92ae74a114c69d615120b56234d7343ca37c2602dd,0.0018933797,1,,false
hard_200,abf872b9e749dbba5bb2dd92ae74a114c69d615120b56234d7343ca37c2602dd,0.012380398,10,,false
hard_200,abf872b9e749dbba5bb2dd92ae74a114c69d615120b56234d7343ca37c2602dd,0.044538014,14,,false
hard_200,abf872b9e749dbba5bb2dd92ae74a114c69d615120b56234d7343ca37c2602dd,0.009534849,7,,false
hard_200,abf872b9e749dbba5bb2dd92ae74a114c69d615120b56234d7343ca37c2602dd,0.04194923,9,,false
hard_200,abf872b9e749dbba5bb2dd92ae74a114c69d615120b56234d7343ca37c2602dd,0.02206949,19,,false
hard_200,abf872b9e749dbba5bb2dd92ae74a114c69d615120b56234d7343ca37c2602dd,0.045312565,15,,false
hard_200,abf872b9e749dbba5bb2dd92ae74a114c69d615120b56234d7343ca37c2602dd,0.016004475,8,,false
hard_200,abf872b9e749dbba5bb2dd92ae74a114c69d615120b56234d7343ca37c2602dd,0.021712072,7,,false
hard_200,abf872b9e749dbba5bb2dd92ae74a114c69d615120b56234d7343ca37c2602dd,0.056782365,14,,false
hard_200,abf872b9e749dbba5bb2dd92ae74a114c69d615120b56234d7343ca37c2602dd,0.03230083,33,,false
hard_200,abf872b9e749dbba5bb2dd92ae74a114c69d615120b56234d7343ca37c2602dd,0.040431995,22,,false
hard_200,71fac2ef8024d12a6c4c2818ec926855d2f087c6dfc45d4b324b1a7e4cfc7383,0.05806597,27,,false
hard_200,71fac2ef8024d12a6c4c2818ec926855d2f087c6dfc45d4b324b1a7e4cfc7383,0,0,,false
hard_200,71fac2ef8024d12a6c4c2818ec926855d2f087c6dfc45d4b324b1a7e4cfc7383,0,0,,false
hard_200,71fac2ef8024d12a6c4c2818ec926855d2f087c6dfc45d4b324b1a7e4cfc7383,0.03686838,14,,false
hard_200,71fac2ef8024d12a6c4c2818ec926855d2f087c6dfc45d4b324b1a7e4cfc7383,0,0,,false
hard_200,71fac2ef8024d12a6c4c2818ec926855d2f087c6dfc45d4b324b1a7e4cfc7383,0,0,,false
hard_200,71fac2ef8024d12a6c4c2818ec926855d2f087c6dfc45d4b324b1a7e4cfc7383,0,0,,false
hard_200,71fac2ef8024d12a6c4c2818ec926855d2f087c6dfc45d4b324b1a7e4cfc7383,0.0057024057,4,,false
hard_200,71fac2ef8024d12a6c4c2818ec926855d2f087c6dfc45d4b324b1a7e4cfc7383,0.050595593,12,,false
hard_200,71fac2ef8024d12a6c4c2818ec926855d2f087c6dfc45d4b324b1a7e4cfc7383,0.03180477,12,,false
hard_200,71fac2ef8024d12a6c4c2818ec926855d2f087c6dfc45d4b324b1a7e4cfc7383,0.0044526816,5,,false
hard_200,71fac2ef8024d12a6c4c2818ec926855d2f087c6dfc45d4b324b1a7e4cfc7383,0.020551682,18,,false
hard_200,71fac2ef8024d12a6c4c2818ec926855d2f087c6dfc45d4b324b1a7e4cfc7383,0.037334125,15,,false
hard_200,71fac2ef8024d12a6c4c2818ec926855d2f087c6dfc45d4b324b1a7e4cfc7383,0.019827595,9,,false
hard_200,71fac2ef8024d12a6c4c2818ec926855d2f087c6dfc45d4b324b1a7e4cfc7383,0.008930531,4,,false
hard_200,71fac2ef8024d12a6c4c2818ec926855d2f087c6dfc45d4b324b1a7e4cfc7383,0.02398494,13,,false
hard_200,71fac2ef8024d12a6c4c2818ec926855d2f087c6dfc45d4b324b1a7e4cfc7383,0.028159337,16,,false
hard_200,71fac2ef8024d12a6c4c2818ec926855d2f087c6dfc45d4b324b1a7e4cfc7383,0.026882038,14,,false
hard_200,71fac2ef8024d12a6c4c2818ec926855d2f087c6dfc45d4b324b1a7e4cfc7383,0.0049293055,6,,false
hard_200,71fac2ef8024d12a6c4c2818ec926855d2f087c6dfc45d4b324b1a7e4cfc7383,0.0015531307,3,,false
hard_200,71fac2ef8024d12a6c4c2818ec926855d2f087c6dfc45d4b324b1a7e4cfc7383,0.03254738,19,,false
hard_200,71fac2ef8024d12a6c4c2818ec926855d2f087c6dfc45d4b324b1a7e4cfc7383,0.034994204,18,,false
hard_200,71fac2ef8024d12a6c4c2818ec926855d2f087c6dfc45d4b324b1a7e4cfc7383,0.014541985,9,,false
hard_200,71fac2ef8024d12a6c4c2818ec926855d2f087c6dfc45d4b324b1a7e4cfc7383,0.008352045,4,,false
hard_200,71fac2ef8024d12a6c4c2818ec926855d2f087c6dfc45d4b324b1a7e4cfc7383,0.016818406,7,,false
hard_200,71fac2ef8024d12a6c4c2818ec926855d2f087c6dfc45d4b324b1a7e4cfc7383,0.0491139,10,,false
hard_200,71fac2ef8024d12a6c4c2818ec926855d2f087c6dfc45d4b324b1a7e4cfc7383,0.016119804,6,,false
hard_200,71fac2ef8024d12a6c4c2818ec926855d2f087c6dfc45d4b324b1a7e4cfc7383,0.015552728,7,,false
hard_200,71fac2ef8024d12a6c4c2818ec926855d2f087c6dfc45d4b324b1a7e4cfc7383,0.07429446,37,,false
hard_200,71fac2ef8024d12a6c4c2818ec926855d2f087c6dfc45d4b324b1a7e4cfc7383,0.19112724,55,,false
hard_200,71fac2ef8024d12a6c4c2818ec926855d2f087c6dfc45d4b324b1a7e4cfc7383,0.024653377,10,,false
hard_200,8bc16c572e0c609ca3f2a239a1eea1cda01be221018192da9aa4d905616a0079,0,0,,false
hard_200,8bc16c572e0c609ca3f2a239a1eea1cda01be221018192da9aa4d905616a0079,0,0,,false
hard_200,8bc16c572e0c609ca3f2a239a1eea1cda01be221018192da9aa4d905616a0079,0,0,,false
hard_200,8bc16c572e0c609ca3f2a239a1eea1cda01be221018192da9aa4d905616a0079,0,0,,false
hard_200,8bc16c572e0c609ca3f2a239a1eea1cda01be221018192da9aa4d905616a0079,0.007489595,4,,false
hard_200,8bc16c572e0c609ca3f2a239a1eea1cda01be221018192da9aa4d905616a0079,0,0,,false
hard_200,8bc16c572e0c609ca3f2a239a1eea1cda01be221018192da9aa4d905616a0079,0,0,,false
hard_200,8bc16c572e0c609ca3f2a239a1eea1cda01be221018192da9aa4d905616a0079,0.0020867626,3,,false
hard_200,8bc16c572e0c609ca3f2a239a1eea1cda01be221018192da9aa4d905616a0079,0.029466404,12,,false
hard_200,8bc16c572e0c609ca3f2a239a1eea1cda01be221018192da9aa4d905616a0079,0,0,,false
hard_200,8bc16c572e0c609ca3f2a239a1eea1cda01be221018192da9aa4d905616a0079,0.019097207,5,,false
hard_200,8bc16c572e0c609ca3f2a239a1eea1cda01be221018192da9aa4d905616a0079,0.00047439494,3,,false
hard_200,8bc16c572e0c609ca3f2a239a1eea1cda01be221018192da9aa4d905616a0079,0,0,,false
hard_200,8bc16c572e0c609ca3f2a239a1eea1cda01be221018192da9aa4d905616a0079,0.14596178,42,,false
hard_200,8bc16c572e0c609ca3f2a239a1eea1cda01be221018192da9aa4d905616a0079,0.01643571,10,,false
hard_200,8bc16c572e0c609ca3f2a239a1eea1cda01be221018192da9aa4d905616a0079,0,0,,false
hard_200,8bc16c572e0c609ca3f2a239a1eea1cda01be221018192da9aa4d905616a0079,0.011960284,10,,false
hard_200,8bc16c572e0c609ca3f2a239a1eea1cda01be221018192da9aa4d905616a0079,0.01780013,12,,false
hard_200,8bc16c572e0c609ca3f2a239a1eea1cda01be221018192da9aa4d905616a0079,0,0,,false
hard_200,8bc16c572e0c609ca3f2a239a1eea1cda01be221018192da9aa4d905616a0079,0.05533836,22,,false
hard_200,8bc16c572e0c609ca3f2a239a1eea1cda01be221018192da9aa4d905616a0079,0.0070875455,4,,false
hard_200,8bc16c572e0c609ca3f2a239a1eea1cda01be221018192da9aa4d905616a0079,0.019757625,16,,false
hard_200,8bc16c572e0c609ca3f2a239a1eea1cda01be221018192da9aa4d905616a0079,0.044226483,18,,false
hard_200,8bc16c572e0c609ca3f2a239a1eea1cda01be221018192da9aa4d905616a0079,0.0051216614,8,,false
hard_200,8bc16c572e0c609ca3f2a239a1eea1cda01be221018192da9aa4d905616a0079,0.13141991,43,,false
hard_200,8bc16c572e0c609ca3f2a239a1eea1cda01be221018192da9aa4d905616a0079,0.024276914,13,,false
hard_200,8bc16c572e0c609ca3f2a239a1eea1cda01be221018192da9aa4d905616a0079,0.0026412224,6,,false
hard_200,8bc16c572e0c609ca3f2a239a1eea1cda01be221018192da9aa4d905616a0079,0.030698063,12,,false
hard_200,8bc16c572e0c609ca3f2a239a1eea1cda01be221018192da9aa4d905616a0079,0.024774177,14,,false
hard_200,8bc16c572e0c609ca3f2a239a1eea1cda01be221018192da9aa4d905616a0079,0.03813995,18,,false
hard_200,8bc16c572e0c609ca3f2a239a1eea1cda01be221018192da9aa4d905616a0079,0.036771774,15,,false
hard_200,5b3f66566c727306e23a90d2455783a56565dbbad58ae18f2caef9e755323e89,0,0,,true
hard_200,5b3f66566c727306e23a90d2455783a56565dbbad58ae18f2caef9e755323e89,0,0,,true
hard_200,5b3f66566c727306e23a90d2455783a56565dbbad58ae18f2caef9e755323e89,0,0,,true
hard_200,5b3f66566c727306e23a90d2455783a56565dbbad58ae18f2caef9e755323e89,0.003363776,3,,true
hard_200,5b3f66566c727306e23a90d2455783a56565dbbad58ae18f2caef9e755323e89,0,0,,true
hard_200,5b3f66566c727306e23a90d2455783a56565dbbad58ae18f2caef9e755323e89,0,0,,false
hard_200,5b3f66566c727306e23a90d2455783a56565dbbad58ae18f2caef9e755323e89,0,0,,true
hard_200,5b3f66566c727306e23a90d2455783a56565dbbad58ae18f2caef9e755323e89,0.0044606454,4,,true
hard_200,5b3f66566c727306e23a90d2455783a56565dbbad58ae18f2caef9e755323e89,0.0005281809,2,,true
hard_200,5b3f66566c727306e23a90d2455783a56565dbbad58ae18f2caef9e755323e89,0.00069772167,3,,true
hard_200,5b3f66566c727306e23a90d2455783a56565dbbad58ae18f2caef9e755323e89,0.01764872,14,,true
hard_200,5b3f66566c727306e23a90d2455783a56565dbbad58ae18f2caef9e755323e89,0.02334134,12,,true
hard_200,5b3f66566c727306e23a90d2455783a56565dbbad58ae18f2caef9e755323e89,0.00727755,7,,true
hard_200,5b3f66566c727306e23a90d2455783a56565dbbad58ae18f2caef9e755323e89,0.039447516,14,,true
hard_200,5b3f66566c727306e23a90d2455783a56565dbbad58ae18f2caef9e755323e89,0.0071653174,4,,true
hard_200,5b3f66566c727306e23a90d2455783a56565dbbad58ae18f2caef9e755323e89,0.05402354,17,,true
hard_200,5b3f66566c727306e23a90d2455783a56565dbbad58ae18f2caef9e755323e89,0.015986156,7,,true
hard_200,5b3f66566c727306e23a90d2455783a56565dbbad58ae18f2caef9e755323e89,0.023075853,8,,true
hard_200,5b3f66566c727306e23a90d2455783a56565dbbad58ae18f2caef9e755323e89,0.03386832,21,,true
hard_200,5b3f66566c727306e23a90d2455783a56565dbbad58ae18f2caef9e755323e89,0.019786855,11,,true
hard_200,5b3f66566c727306e23a90d2455783a56565dbbad58ae18f2caef9e755323e89,0.0063827,6,,true
hard_200,5b3f66566c727306e23a90d2455783a56565dbbad58ae18f2caef9e755323e89,0.03798458,26,,true
hard_200,5b3f66566c727306e23a90d2455783a56565dbbad58ae18f2caef9e755323e89,0.03328662,12,,true
hard_200,5b3f66566c727306e23a90d2455783a56565dbbad58ae18f2caef9e755323e89,0.1397264,36,,false
hard_200,5b3f66566c727306e23a90d2455783a56565dbbad58ae18f2caef9e755323e89,0.006562217,4,,true
hard_200,5b3f66566c727306e23a90d2455783a56565dbbad58ae18f2caef9e755323e89,0.010630716,7,,true
hard_200,5b3f66566c727306e23a90d2455783a56565dbbad58ae18f2caef9e755323e89,0.020593224,14,,true
hard_200,5b3f66566c727306e23a90d2455783a56565dbbad58ae18f2caef9e755323e89,0.04891705,13,,true
hard_200,5b3f66566c727306e23a90d2455783a56565dbbad58ae18f2caef9e755323e89,0.03808032,17,,true
hard_200,5b3f66566c727306e23a90d2455783a56565dbbad58ae18f2caef9e755323e89,0.0353398,15,,true
hard_200,c56e7b98ab07ecee184a9eec4a456bcef45cfd0f0b36b474de75f43dcf8b18a8,0,0,,false
hard_200,c56e7b98ab07ecee184a9eec4a456bcef45cfd0f0b36b474de75f43dcf8b18a8,0,0,,false
hard_200,c56e7b98ab07ecee184a9eec4a456bcef45cfd0f0b36b474de75f43dcf8b18a8,0.053902496,16,,false
hard_200,c56e7b98ab07ecee184a9eec4a456bcef45cfd0f0b36b474de75f43dcf8b18a8,0,0,,false
hard_200,c56e7b98ab07ecee184a9eec4a456bcef45cfd0f0b36b474de75f43dcf8b18a8,0.12607397,50,,false
hard_200,c56e7b98ab07ecee184a9eec4a456bcef45cfd0f0b36b474de75f43dcf8b18a8,0,0,,false
hard_200,c56e7b98ab07ecee184a9eec4a456bcef45cfd0f0b36b474de75f43dcf8b18a8,0,0,,false
hard_200,c56e7b98ab07ecee184a9eec4a456bcef45cfd0f0b36b474de75f43dcf8b18a8,0.0017541875,3,,false
hard_200,c56e7b98ab07ecee184a9eec4a456bcef45cfd0f0b36b474de75f43dcf8b18a8,0,0,,false
hard_200,c56e7b98ab07ecee184a9eec4a456bcef45cfd0f0b36b474de75f43dcf8b18a8,0,0,,false
hard_200,c56e7b98ab07ecee184a9eec4a456bcef45cfd0f0b36b474de75f43dcf8b18a8,0.009331664,11,,false
hard_200,c56e7b98ab07ecee184a9eec4a456bcef45cfd0f0b36b474de75f43dcf8b18a8,0.0014118572,3,,false
hard_200,c56e7b98ab07ecee184a9eec4a456bcef45cfd0f0b36b474de75f43dcf8b18a8,0.011148379,8,,false
hard_200,c56e7b98ab07ecee184a9eec4a456bcef45cfd0f0b36b474de75f43dcf8b18a8,0.049741864,18,,false
hard_200,c56e7b98ab07ecee184a9eec4a456bcef45cfd0f0b36b474de75f43dcf8b18a8,0.020392122,16,,false
hard_200,c56e7b98ab07ecee184a9eec4a456bcef45cfd0f0b36b474de75f43dcf8b18a8,0.041454267,19,,false
hard_200,c56e7b98ab07ecee184a9eec4a456bcef45cfd0f0b36b474de75f43dcf8b18a8,0.01249781,13,,false
hard_200,c56e7b98ab07ecee184a9eec4a456bcef45cfd0f0b36b474de75f43dcf8b18a8,0.011188022,14,,false
hard_200,c56e7b98ab07ecee184a9eec4a456bcef45cfd0f0b36b474de75f43dcf8b18a8,0,0,,false
hard_200,c56e7b98ab07ecee184a9eec4a456bcef45cfd0f0b36b474de75f43dcf8b18a8,0,0,,false
hard_200,c56e7b98ab07ecee184a9eec4a456bcef45cfd0f0b36b474de75f43dcf8b18a8,0.031845745,20,,false
hard_200,c56e7b98ab07ecee184a9eec4a456bcef45cfd0f0b36b474de75f43dcf8b18a8,0.021515813,9,,false
hard_200,c56e7b98ab07ecee184a9eec4a456bcef45cfd0f0b36b474de75f43dcf8b18a8,0.004420698,1,,false
hard_200,c56e7b98ab07ecee184a9eec4a456bcef45cfd0f0b36b474de75f43dcf8b18a8,0.0012849674,1,,false
hard_200,c56e7b98ab07ecee184a9eec4a456bcef45cfd0f0b36b474de75f43dcf8b18a8,0.016326213,11,,false
hard_200,c56e7b98ab07ecee184a9eec4a456bcef45cfd0f0b36b474de75f43dcf8b18a8,0.03449119,14,,false
hard_200,c56e7b98ab07ecee184a9eec4a456bcef45cfd0f0b36b474de75f43dcf8b18a8,0.03586601,18,,false
hard_200,c56e7b98ab07ecee184a9eec4a456bcef45cfd0f0b36b474de75f43dcf8b18a8,0.17896447,51,,false
hard_200,c56e7b98ab07ecee184a9eec4a456bcef45cfd0f0b36b474de75f43dcf8b18a8,0.03230811,12,,false
hard_200,f7329b41569aff1ec4820578f288df9926de91542b74bb576e32fc4a7d4bcebc,0,0,,false
hard_200,f7329b41569aff1ec4820578f288df9926de91542b74bb576e32fc4a7d4bcebc,0.0030103787,2,,false
hard_200,f7329b41569aff1ec4820578f288df9926de91542b74bb576e32fc4a7d4bcebc,0,0,,false
hard_200,f7329b41569aff1ec4820578f288df9926de91542b74bb576e32fc4a7d4bcebc,0,0,,false
hard_200,f7329b41569aff1ec4820578f288df9926de91542b74bb576e32fc4a7d4bcebc,0,0,,false
hard_200,f7329b41569aff1ec4820578f288df9926de91542b74bb576e32fc4a7d4bcebc,0,0,,false
hard_200,f7329b41569aff1ec4820578f288df9926de91542b74bb576e32fc4a7d4bcebc,0,0,,false
hard_200,f7329b41569aff1ec4820578f288df9926de91542b74bb576e32fc4a7d4bcebc,0,0,,false
hard_200,f7329b41569aff1ec4820578f288df9926de91542b74bb576e32fc4a7d4bcebc,0,0,,false
hard_200,f7329b41569aff1ec4820578f288df9926de91542b74bb576e32fc4a7d4bcebc,0,0,,false
hard_200,f7329b41569aff1ec4820578f288df9926de91542b74bb576e32fc4a7d4bcebc,0.008170692,4,,false
hard_200,f7329b41569aff1ec4820578f288df9926de91542b74bb576e32fc4a7d4bcebc,0,0,,false
hard_200,f7329b41569aff1ec4820578f288df9926de91542b74bb576e32fc4a7d4bcebc,0.0014664789,2,,false
hard_200,f7329b41569aff1ec4820578f288df9926de91542b74bb576e32fc4a7d4bcebc,0.033512734,14,,false
hard_200,f7329b41569aff1ec4820578f288df9926de91542b74bb576e32fc4a7d4bcebc,0.009958142,8,,false
hard_200,f7329b41569aff1ec4820578f288df9926de91542b74bb576e32fc4a7d4bcebc,0.02979166,22,,false
hard_200,f7329b41569aff1ec4820578f288df9926de91542b74bb576e32fc4a7d4bcebc,0.009874348,12,,false
hard_200,f7329b41569aff1ec4820578f288df9926de91542b74bb576e32fc4a7d4bcebc,0.0051860656,8,,false
hard_200,f7329b41569aff1ec4820578f288df9926de91542b74bb576e32fc4a7d4bcebc,0.05631716,23,,false
hard_200,f7329b41569aff1ec4820578f288df9926de91542b74bb576e32fc4a7d4bcebc,0.01740071,15,,false
hard_200,f7329b41569aff1ec4820578f288df9926de91542b74bb576e32fc4a7d4bcebc,0.029961517,13,,false
hard_200,f7329b41569aff1ec4820578f288df9926de91542b74bb576e32fc4a7d4bcebc,0.035758007,22,,false
hard_200,f7329b41569aff1ec4820578f288df9926de91542b74bb576e32fc4a7d4bcebc,0.008021851,6,,false
hard_200,f7329b41569aff1ec4820578f288df9926de91542b74bb576e32fc4a7d4bcebc,0,0,,false
hard_200,f7329b41569aff1ec4820578f288df9926de91542b74bb576e32fc4a7d4bcebc,0.05457286,11,,false
hard_200,f7329b41569aff1ec4820578f288df9926de91542b74bb576e32fc4a7d4bcebc,0.04514236,11,,false
hard_200,f7329b41569aff1ec4820578f288df9926de91542b74bb576e32fc4a7d4bcebc,0.02154515,13,,false
hard_200,f7329b41569aff1ec4820578f288df9926de91542b74bb576e32fc4a7d4bcebc,0.015130496,7,,false
hard_200,f7329b41569aff1ec4820578f288df9926de91542b74bb576e32fc4a7d4bcebc,0.116452895,36,,false
hard_200,7759174039671c4e5e6fee5fffb7e6377261393840fbd2966967974626a6cadd,0.003996256,6,,false
hard_200,7759174039671c4e5e6fee5fffb7e6377261393840fbd2966967974626a6cadd,0,0,,false
hard_200,7759174039671c4e5e6fee5fffb7e6377261393840fbd2966967974626a6cadd,0.005721888,4,,false
hard_200,7759174039671c4e5e6fee5fffb7e6377261393840fbd2966967974626a6cadd,0,0,,false
hard_200,7759174039671c4e5e6fee5fffb7e6377261393840fbd2966967974626a6cadd,0,0,,false
hard_200,7759174039671c4e5e6fee5fffb7e6377261393840fbd2966967974626a6cadd,0.0014146835,3,,false
hard_200,7759174039671c4e5e6fee5fffb7e6377261393840fbd2966967974626a6cadd,0.0075660823,4,,false
hard_200,7759174039671c4e5e6fee5fffb7e6377261393840fbd2966967974626a6cadd,0.016967738,7,,false
hard_200,7759174039671c4e5e6fee5fffb7e6377261393840fbd2966967974626a6cadd,0.010453204,8,,false
hard_200,7759174039671c4e5e6fee5fffb7e6377261393840fbd2966967974626a6cadd,0.03463775,18,,false
hard_200,7759174039671c4e5e6fee5fffb7e6377261393840fbd2966967974626a6cadd,0.015264188,8,,false
hard_200,7759174039671c4e5e6fee5fffb7e6377261393840fbd2966967974626a6cadd,0.14596254,42,,false
hard_200,7759174039671c4e5e6fee5fffb7e6377261393840fbd2966967974626a6cadd,0.04255026,28,,false
hard_200,7759174039671c4e5e6fee5fffb7e6377261393840fbd2966967974626a6cadd,0.028454019,21,,false
hard_200,7759174039671c4e5e6fee5fffb7e6377261393840fbd2966967974626a6cadd,0.010383157,11,,false
hard_200,7759174039671c4e5e6fee5fffb7e6377261393840fbd2966967974626a6cadd,0.017167449,10,,false
hard_200,7759174039671c4e5e6fee5fffb7e6377261393840fbd2966967974626a6cadd,0.0018300617,2,,false
hard_200,7759174039671c4e5e6fee5fffb7e6377261393840fbd2966967974626a6cadd,0.027325043,12,,false
hard_200,7759174039671c4e5e6fee5fffb7e6377261393840fbd2966967974626a6cadd,0.024112191,14,,false
hard_200,7759174039671c4e5e6fee5fffb7e6377261393840fbd2966967974626a6cadd,0.013115516,13,,false
hard_200,7759174039671c4e5e6fee5fffb7e6377261393840fbd2966967974626a6cadd,0.03349603,19,,false
hard_200,7759174039671c4e5e6fee5fffb7e6377261393840fbd2966967974626a6cadd,0.024999226,18,,false
hard_200,7759174039671c4e5e6fee5fffb7e6377261393840fbd2966967974626a6cadd,0.1384998,44,,false
hard_200,7759174039671c4e5e6fee5fffb7e6377261393840fbd2966967974626a6cadd,0.03893808,21,,false
hard_200,7759174039671c4e5e6fee5fffb7e6377261393840fbd2966967974626a6cadd,0.0471275,17,,false
hard_200,7759174039671c4e5e6fee5fffb7e6377261393840fbd2966967974626a6cadd,0.031158611,16,,false
hard_200,7759174039671c4e5e6fee5fffb7e6377261393840fbd2966967974626a6cadd,0.026015498,10,,false
hard_200,7759174039671c4e5e6fee5fffb7e6377261393840fbd2966967974626a6cadd,0.070148036,27,,false
hard_200,7759174039671c4e5e6fee5fffb7e6377261393840fbd2966967974626a6cadd,0.0030440022,3,,false
hard_200,7759174039671c4e5e6fee5fffb7e6377261393840fbd2966967974626a6cadd,0.035776895,21,,false
hard_200,7759174039671c4e5e6fee5fffb7e6377261393840fbd2966967974626a6cadd,0.040672336,16,,false
hard_200,7759174039671c4e5e6fee5fffb7e6377261393840fbd2966967974626a6cadd,0.041446075,23,,false
hard_200,a607b1e6983d61fc4bb9b41d23fb3f8cf6b2021cc1017343858e4d3015ab4fb5,0,0,,false
hard_200,a607b1e6983d61fc4bb9b41d23fb3f8cf6b2021cc1017343858e4d3015ab4fb5,0.0012946157,1,,false
hard_200,a607b1e6983d61fc4bb9b41d23fb3f8cf6b2021cc1017343858e4d3015ab4fb5,0,0,,false
hard_200,a607b1e6983d61fc4bb9b41d23fb3f8cf6b2021cc1017343858e4d3015ab4fb5,0,0,,false
hard_200,a607b1e6983d61fc4bb9b41d23fb3f8cf6b2021cc1017343858e4d3015ab4fb5,0,0,,false
hard_200,a607b1e6983d61fc4bb9b41d23fb3f8cf6b2021cc1017343858e4d3015ab4fb5,0,0,,false
hard_200,a607b1e6983d61fc4bb9b41d23fb3f8cf6b2021cc1017343858e4d3015ab4fb5,0,0,,false
hard_200,a607b1e6983d61fc4bb9b41d23fb3f8cf6b2021cc1017343858e4d3015ab4fb5,0,0,,false
hard_200,a607b1e6983d61fc4bb9b41d23fb3f8cf6b2021cc1017343858e4d3015ab4fb5,0.0003928562,1,,false
hard_200,a607b1e6983d61fc4bb9b41d23fb3f8cf6b2021cc1017343858e4d3015ab4fb5,0.02502989,16,,false
hard_200,a607b1e6983d61fc4bb9b41d23fb3f8cf6b2021cc1017343858e4d3015ab4fb5,0.032716997,17,,false
hard_200,a607b1e6983d61fc4bb9b41d23fb3f8cf6b2021cc1017343858e4d3015ab4fb5,0.019548353,18,,false
hard_200,a607b1e6983d61fc4bb9b41d23fb3f8cf6b2021cc1017343858e4d3015ab4fb5,0.005858118,4,,false
hard_200,a607b1e6983d61fc4bb9b41d23fb3f8cf6b2021cc1017343858e4d3015ab4fb5,0.18079422,48,,false
hard_200,a607b1e6983d61fc4bb9b41d23fb3f8cf6b2021cc1017343858e4d3015ab4fb5,0.0031159916,3,,false
hard_200,a607b1e6983d61fc4bb9b41d23fb3f8cf6b2021cc1017343858e4d3015ab4fb5,0.030027632,20,,false
hard_200,a607b1e6983d61fc4bb9b41d23fb3f8cf6b2021cc1017343858e4d3015ab4fb5,0.17262334,42,,false
hard_200,a607b1e6983d61fc4bb9b41d23fb3f8cf6b2021cc1017343858e4d3015ab4fb5,0.0004232059,3,,false
hard_200,a607b1e6983d61fc4bb9b41d23fb3f8cf6b2021cc1017343858e4d3015ab4fb5,0.013216294,10,,false
hard_200,a607b1e6983d61fc4bb9b41d23fb3f8cf6b2021cc1017343858e4d3015ab4fb5,0.0069576274,11,,false
hard_200,a607b1e6983d61fc4bb9b41d23fb3f8cf6b2021cc1017343858e4d3015ab4fb5,0.0053231525,4,,false
hard_200,a607b1e6983d61fc4bb9b41d23fb3f8cf6b2021cc1017343858e4d3015ab4fb5,0.027646434,11,,false
hard_200,a607b1e6983d61fc4bb9b41d23fb3f8cf6b2021cc1017343858e4d3015ab4fb5,0.016835356,9,,false
hard_200,a607b1e6983d61fc4bb9b41d23fb3f8cf6b2021cc1017343858e4d3015ab4fb5,0.04041591,24,,false
hard_200,a607b1e6983d61fc4bb9b41d23fb3f8cf6b2021cc1017343858e4d3015ab4fb5,0.0058239736,3,,false
hard_200,a607b1e6983d61fc4bb9b41d23fb3f8cf6b2021cc1017343858e4d3015ab4fb5,0.03456477,19,,false
hard_200,a607b1e6983d61fc4bb9b41d23fb3f8cf6b2021cc1017343858e4d3015ab4fb5,0.002008764,2,,false
hard_200,a607b1e6983d61fc4bb9b41d23fb3f8cf6b2021cc1017343858e4d3015ab4fb5,0.13942191,47,,false
hard_200,a607b1e6983d61fc4bb9b41d23fb3f8cf6b2021cc1017343858e4d3015ab4fb5,0.032388568,15,,false
hard_200,a607b1e6983d61fc4bb9b41d23fb3f8cf6b2021cc1017343858e4d3015ab4fb5,0.053924244,13,,false
hard_200,a607b1e6983d61fc4bb9b41d23fb3f8cf6b2021cc1017343858e4d3015ab4fb5,0.03391087,18,,false
hard_200,a607b1e6983d61fc4bb9b41d23fb3f8cf6b2021cc1017343858e4d3015ab4fb5,0.034910392,14,,false
hard_200,b95209a9ccc5b043327a27c5a1e78fb31f708e3470746ab2c46bdd717bfe4dc3,0,0,,false
hard_200,b95209a9ccc5b043327a27c5a1e78fb31f708e3470746ab2c46bdd717bfe4dc3,0,0,,false
hard_200,b95209a9ccc5b043327a27c5a1e78fb31f708e3470746ab2c46bdd717bfe4dc3,0.004549867,2,,false
hard_200,b95209a9ccc5b043327a27c5a1e78fb31f708e3470746ab2c46bdd717bfe4dc3,0,0,,false
hard_200,b95209a9ccc5b043327a27c5a1e78fb31f708e3470746ab2c46bdd717bfe4dc3,0,0,,false
hard_200,b95209a9ccc5b043327a27c5a1e78fb31f708e3470746ab2c46bdd717bfe4dc3,0.002630018,6,,false
hard_200,b95209a9ccc5b043327a27c5a1e78fb31f708e3470746ab2c46bdd717bfe4dc3,0.0033662566,4,,false
hard_200,b95209a9ccc5b043327a27c5a1e78fb31f708e3470746ab2c46bdd717bfe4dc3,0.008487973,6,,false
hard_200,b95209a9ccc5b043327a27c5a1e78fb31f708e3470746ab2c46bdd717bfe4dc3,0.010875242,16,,false
hard_200,b95209a9ccc5b043327a27c5a1e78fb31f708e3470746ab2c46bdd717bfe4dc3,0.0011030375,3,,false
hard_200,b95209a9ccc5b043327a27c5a1e78fb31f708e3470746ab2c46bdd717bfe4dc3,0.0018198248,3,,false
hard_200,b95209a9ccc5b043327a27c5a1e78fb31f708e3470746ab2c46bdd717bfe4dc3,0.0001274947,1,,false
hard_200,b95209a9ccc5b043327a27c5a1e78fb31f708e3470746ab2c46bdd717bfe4dc3,0,0,,false
hard_200,b95209a9ccc5b043327a27c5a1e78fb31f708e3470746ab2c46bdd717bfe4dc3,0.006969191,8,,false
hard_200,b95209a9ccc5b043327a27c5a1e78fb31f708e3470746ab2c46bdd717bfe4dc3,0,0,,false
hard_200,b95209a9ccc5b043327a27c5a1e78fb31f708e3470746ab2c46bdd717bfe4dc3,0.005474982,7,,false
hard_200,b95209a9ccc5b043327a27c5a1e78fb31f708e3470746ab2c46bdd717bfe4dc3,0.008883318,12,,false
hard_200,b95209a9ccc5b043327a27c5a1e78fb31f708e3470746ab2c46bdd717bfe4dc3,0.0010608806,2,,false
hard_200,b95209a9ccc5b043327a27c5a1e78fb31f708e3470746ab2c46bdd717bfe4dc3,0.0017403319,4,,false
hard_200,b95209a9ccc5b043327a27c5a1e78fb31f708e3470746ab2c46bdd717bfe4dc3,0.14281732,42,,false
hard_200,b95209a9ccc5b043327a27c5a1e78fb31f708e3470746ab2c46bdd717bfe4dc3,0.03754802,28,,false
hard_200,b95209a9ccc5b043327a27c5a1e78fb31f708e3470746ab2c46bdd717bfe4dc3,0.00721777,6,,false
hard_200,b95209a9ccc5b043327a27c5a1e78fb31f708e3470746ab2c46bdd717bfe4dc3,0,0,,false
hard_200,b95209a9ccc5b043327a27c5a1e78fb31f708e3470746ab2c46bdd717bfe4dc3,0.0040616076,4,,false
hard_200,b95209a9ccc5b043327a27c5a1e78fb31f708e3470746ab2c46bdd717bfe4dc3,0.025540937,16,,false
hard_200,b95209a9ccc5b043327a27c5a1e78fb31f708e3470746ab2c46bdd717bfe4dc3,0.032974347,16,,false
hard_200,b95209a9ccc5b043327a27c5a1e78fb31f708e3470746ab2c46bdd717bfe4dc3,0.042900994,18,,false
hard_200,b95209a9ccc5b043327a27c5a1e78fb31f708e3470746ab2c46bdd717bfe4dc3,0.05103602,19,,false
hard_200,b95209a9ccc5b043327a27c5a1e78fb31f708e3470746ab2c46bdd717bfe4dc3,0.013788822,10,,false
hard_200,b95209a9ccc5b043327a27c5a1e78fb31f708e3470746ab2c46bdd717bfe4dc3,0.25897655,59,,false
hard_200,cbb11c169c968e58979ec16bf04344eb75ce37941bbbcd6d4751a14c5403d68e,0,0,,false
hard_200,cbb11c169c968e58979ec16bf04344eb75ce37941bbbcd6d4751a14c5403d68e,0,0,,false
hard_200,cbb11c169c968e58979ec16bf04344eb75ce37941bbbcd6d4751a14c5403d68e,0.001937143,3,,false
hard_200,cbb11c169c968e58979ec16bf04344eb75ce37941bbbcd6d4751a14c5403d68e,0.010822336,15,,false
hard_200,cbb11c169c968e58979ec16bf04344eb75ce37941bbbcd6d4751a14c5403d68e,0.052370083,21,,false
hard_200,cbb11c169c968e58979ec16bf04344eb75ce37941bbbcd6d4751a14c5403d68e,0.021702588,12,,false
hard_200,cbb11c169c968e58979ec16bf04344eb75ce37941bbbcd6d4751a14c5403d68e,0.0022116979,5,,false
hard_200,cbb11c169c968e58979ec16bf04344eb75ce37941bbbcd6d4751a14c5403d68e,0.018043453,16,,false
hard_200,cbb11c169c968e58979ec16bf04344eb75ce37941bbbcd6d4751a14c5403d68e,0.0008337728,3,,false
hard_200,cbb11c169c968e58979ec16bf04344eb75ce37941bbbcd6d4751a14c5403d68e,0.02719013,15,,false
hard_200,cbb11c169c968e58979ec16bf04344eb75ce37941bbbcd6d4751a14c5403d68e,0.005729019,2,,false
hard_200,cbb11c169c968e58979ec16bf04344eb75ce37941bbbcd6d4751a14c5403d68e,0.021959323,20,,false
hard_200,cbb11c169c968e58979ec16bf04344eb75ce37941bbbcd6d4751a14c5403d68e,0.019187028,16,,false
hard_200,cbb11c169c968e58979ec16bf04344eb75ce37941bbbcd6d4751a14c5403d68e,0.0028416093,1,,false
hard_200,cbb11c169c968e58979ec16bf04344eb75ce37941bbbcd6d4751a14c5403d68e,0.05394835,17,,false
hard_200,cbb11c169c968e58979ec16bf04344eb75ce37941bbbcd6d4751a14c5403d68e,0.018915975,9,,false
hard_200,cbb11c169c968e58979ec16bf04344eb75ce37941bbbcd6d4751a14c5403d68e,0.012721421,8,,false
hard_200,cbb11c169c968e58979ec16bf04344eb75ce37941bbbcd6d4751a14c5403d68e,0.0466271,15,,false
hard_200,cbb11c169c968e58979ec16bf04344eb75ce37941bbbcd6d4751a14c5403d68e,0.038064588,14,,false
hard_200,cbb11c169c968e58979ec16bf04344eb75ce37941bbbcd6d4751a14c5403d68e,0.00635307,6,,false
hard_200,cbb11c169c968e58979ec16bf04344eb75ce37941bbbcd6d4751a14c5403d68e,0.028392067,10,,false
hard_200,cbb11c169c968e58979ec16bf04344eb75ce37941bbbcd6d4751a14c5403d68e,0.025683643,20,,false
hard_200,cbb11c169c968e58979ec16bf04344eb75ce37941bbbcd6d4751a14c5403d68e,0.022742586,9,,false
hard_200,cbb11c169c968e58979ec16bf04344eb75ce37941bbbcd6d4751a14c5403d68e,0.040408045,21,,false
hard_200,cbb11c169c968e58979ec16bf04344eb75ce37941bbbcd6d4751a14c5403d68e,0.055781793,25,,false
hard_200,cbb11c169c968e58979ec16bf04344eb75ce37941bbbcd6d4751a14c5403d68e,0.002431742,2,,false
hard_200,cbb11c169c968e58979ec16bf04344eb75ce37941bbbcd6d4751a14c5403d68e,0.010661496,13,,false
hard_200,cbb11c169c968e58979ec16bf04344eb75ce37941bbbcd6d4751a14c5403d68e,0.039138343,16,,false
hard_200,cbb11c169c968e58979ec16bf04344eb75ce37941bbbcd6d4751a14c5403d68e,0.05088642,26,,false
hard_200,cbb11c169c968e58979ec16bf04344eb75ce37941bbbcd6d4751a14c5403d68e,0.18546286,43,,false
hard_200,d673821c7acbd30fbde874a8883aa4d00d97cfbf1df7f25ac20465c64bbef8c9,0,0,,false
hard_200,d673821c7acbd30fbde874a8883aa4d00d97cfbf1df7f25ac20465c64bbef8c9,0,0,,false
hard_200,d673821c7acbd30fbde874a8883aa4d00d97cfbf1df7f25ac20465c64bbef8c9,0.0023709268,3,,false
hard_200,d673821c7acbd30fbde874a8883aa4d00d97cfbf1df7f25ac20465c64bbef8c9,0,0,,false
hard_200,d673821c7acbd30fbde874a8883aa4d00d97cfbf1df7f25ac20465c64bbef8c9,0.0021633653,4,,false
hard_200,d673821c7acbd30fbde874a8883aa4d00d97cfbf1df7f25ac20465c64bbef8c9,0,0,,false
hard_200,d673821c7acbd30fbde874a8883aa4d00d97cfbf1df7f25ac20465c64bbef8c9,0,0,,false
hard_200,d673821c7acbd30fbde874a8883aa4d00d97cfbf1df7f25ac20465c64bbef8c9,0.00040241622,1,,false
hard_200,d673821c7acbd30fbde874a8883aa4d00d97cfbf1df7f25ac20465c64bbef8c9,0.03139795,17,,false
hard_200,d673821c7acbd30fbde874a8883aa4d00d97cfbf1df7f25ac20465c64bbef8c9,0.0016820378,4,,false
hard_200,d673821c7acbd30fbde874a8883aa4d00d97cfbf1df7f25ac20465c64bbef8c9,0.0013876775,2,,false
hard_200,d673821c7acbd30fbde874a8883aa4d00d97cfbf1df7f25ac20465c64bbef8c9,0,0,,false
hard_200,d673821c7acbd30fbde874a8883aa4d00d97cfbf1df7f25ac20465c64bbef8c9,0,0,,false
hard_200,d673821c7acbd30fbde874a8883aa4d00d97cfbf1df7f25ac20465c64bbef8c9,0.023658806,9,,false
hard_200,d673821c7acbd30fbde874a8883aa4d00d97cfbf1df7f25ac20465c64bbef8c9,0.16863117,45,,false
hard_200,d673821c7acbd30fbde874a8883aa4d00d97cfbf1df7f25ac20465c64bbef8c9,0.00258867,3,,false
hard_200,d673821c7acbd30fbde874a8883aa4d00d97cfbf1df7f25ac20465c64bbef8c9,0.0013932738,5,,false
hard_200,d673821c7acbd30fbde874a8883aa4d00d97cfbf1df7f25ac20465c64bbef8c9,0.009029046,8,,false
hard_200,d673821c7acbd30fbde874a8883aa4d00d97cfbf1df7f25ac20465c64bbef8c9,0.041541126,18,,false
hard_200,d673821c7acbd30fbde874a8883aa4d00d97cfbf1df7f25ac20465c64bbef8c9,0.008032162,7,,false
hard_200,d673821c7acbd30fbde874a8883aa4d00d97cfbf1df7f25ac20465c64bbef8c9,0,0,,false
hard_200,d673821c7acbd30fbde874a8883aa4d00d97cfbf1df7f25ac20465c64bbef8c9,0.021324327,15,,false
hard_200,d673821c7acbd30fbde874a8883aa4d00d97cfbf1df7f25ac20465c64bbef8c9,0,0,,false
hard_200,d673821c7acbd30fbde874a8883aa4d00d97cfbf1df7f25ac20465c64bbef8c9,0.21282117,54,,false
hard_200,d673821c7acbd30fbde874a8883aa4d00d97cfbf1df7f25ac20465c64bbef8c9,0.036297508,24,,false
hard_200,d673821c7acbd30fbde874a8883aa4d00d97cfbf1df7f25ac20465c64bbef8c9,0.0157515,7,,false
hard_200,d673821c7acbd30fbde874a8883aa4d00d97cfbf1df7f25ac20465c64bbef8c9,0.031357545,13,,false
hard_200,d673821c7acbd30fbde874a8883aa4d00d97cfbf1df7f25ac20465c64bbef8c9,0.017498026,7,,false
hard_200,d673821c7acbd30fbde874a8883aa4d00d97cfbf1df7f25ac20465c64bbef8c9,0.025395127,11,,false
hard_200,d673821c7acbd30fbde874a8883aa4d00d97cfbf1df7f25ac20465c64bbef8c9,0.03525071,28,,false
hard_200,d673821c7acbd30fbde874a8883aa4d00d97cfbf1df7f25ac20465c64bbef8c9,0.049437735,20,,false
hard_200,cce54a7220bb53d5c845b287e5f0444a73c46fb08476a24badcdfa3e100c3540,0,0,,false
hard_200,cce54a7220bb53d5c845b287e5f0444a73c46fb08476a24badcdfa3e100c3540,0,0,,false
hard_200,cce54a7220bb53d5c845b287e5f0444a73c46fb08476a24badcdfa3e100c3540,0,0,,false
hard_200,cce54a7220bb53d5c845b287e5f0444a73c46fb08476a24badcdfa3e100c3540,0,0,,false
hard_200,cce54a7220bb53d5c845b287e5f0444a73c46fb08476a24badcdfa3e100c3540,0,0,,false
hard_200,cce54a7220bb53d5c845b287e5f0444a73c46fb08476a24badcdfa3e100c3540,0.00201353,1,,false
hard_200,cce54a7220bb53d5c845b287e5f0444a73c46fb08476a24badcdfa3e100c3540,0,0,,false
hard_200,cce54a7220bb53d5c845b287e5f0444a73c46fb08476a24badcdfa3e100c3540,0,0,,false
hard_200,cce54a7220bb53d5c845b287e5f0444a73c46fb08476a24badcdfa3e100c3540,0.034907605,21,,false
hard_200,cce54a7220bb53d5c845b287e5f0444a73c46fb08476a24badcdfa3e100c3540,0.00445115,4,,false
hard_200,cce54a7220bb53d5c845b287e5f0444a73c46fb08476a24badcdfa3e100c3540,0.005112884,7,,false
hard_200,cce54a7220bb53d5c845b287e5f0444a73c46fb08476a24badcdfa3e100c3540,0.000034263103,7,,false
hard_200,cce54a7220bb53d5c845b287e5f0444a73c46fb08476a24badcdfa3e100c3540,0.001228071,1,,false
hard_200,cce54a7220bb53d5c845b287e5f0444a73c46fb08476a24badcdfa3e100c3540,0.02935467,13,,false
hard_200,cce54a7220bb53d5c845b287e5f0444a73c46fb08476a24badcdfa3e100c3540,0.03736388,19,,false
hard_200,cce54a7220bb53d5c845b287e5f0444a73c46fb08476a24badcdfa3e100c3540,0,0,,false
hard_200,cce54a7220bb53d5c845b287e5f0444a73c46fb08476a24badcdfa3e100c3540,0.011017089,13,,false
hard_200,cce54a7220bb53d5c845b287e5f0444a73c46fb08476a24badcdfa3e100c3540,0.024929466,14,,false
hard_200,cce54a7220bb53d5c845b287e5f0444a73c46fb08476a24badcdfa3e100c3540,0.028030021,20,,false
hard_200,cce54a7220bb53d5c845b287e5f0444a73c46fb08476a24badcdfa3e100c3540,0.03028284,19,,false
hard_200,cce54a7220bb53d5c845b287e5f0444a73c46fb08476a24badcdfa3e100c3540,0.010514377,6,,false
hard_200,cce54a7220bb53d5c845b287e5f0444a73c46fb08476a24badcdfa3e100c3540,0.048562758,19,,false
hard_200,cce54a7220bb53d5c845b287e5f0444a73c46fb08476a24badcdfa3e100c3540,0.005076157,5,,false
hard_200,cce54a7220bb53d5c845b287e5f0444a73c46fb08476a24badcdfa3e100c3540,0.009877192,7,,false
hard_200,cce54a7220bb53d5c845b287e5f0444a73c46fb08476a24badcdfa3e100c3540,0.019433858,11,,false
hard_200,cce54a7220bb53d5c845b287e5f0444a73c46fb08476a24badcdfa3e100c3540,0.027058631,20,,false
hard_200,cce54a7220bb53d5c845b287e5f0444a73c46fb08476a24badcdfa3e100c3540,0.029119167,17,,false
hard_200,cce54a7220bb53d5c845b287e5f0444a73c46fb08476a24badcdfa3e100c3540,0.012476787,6,,false
hard_200,cce54a7220bb53d5c845b287e5f0444a73c46fb08476a24badcdfa3e100c3540,0.21484569,57,,false
hard_200,e29f644093149ae04ede10c3b9afd88af503203f3188afa3460134ea62c5705b,0,0,,true
hard_200,e29f644093149ae04ede10c3b9afd88af503203f3188afa3460134ea62c5705b,0.0013325692,1,,true
hard_200,e29f644093149ae04ede10c3b9afd88af503203f3188afa3460134ea62c5705b,0.0007279718,1,,true
hard_200,e29f644093149ae04ede10c3b9afd88af503203f3188afa3460134ea62c5705b,0,0,,true
hard_200,e29f644093149ae04ede10c3b9afd88af503203f3188afa3460134ea62c5705b,0.010902825,4,,true
hard_200,e29f644093149ae04ede10c3b9afd88af503203f3188afa3460134ea62c5705b,0.037542745,16,,true
hard_200,e29f644093149ae04ede10c3b9afd88af503203f3188afa3460134ea62c5705b,0,0,,true
hard_200,e29f644093149ae04ede10c3b9afd88af503203f3188afa3460134ea62c5705b,0.03194069,13,,false
hard_200,e29f644093149ae04ede10c3b9afd88af503203f3188afa3460134ea62c5705b,0.0030832947,5,,true
hard_200,e29f644093149ae04ede10c3b9afd88af503203f3188afa3460134ea62c5705b,0.0010779367,3,,true
hard_200,e29f644093149ae04ede10c3b9afd88af503203f3188afa3460134ea62c5705b,0.02101185,15,,true
hard_200,e29f644093149ae04ede10c3b9afd88af503203f3188afa3460134ea62c5705b,0.006192636,10,,true
hard_200,e29f644093149ae04ede10c3b9afd88af503203f3188afa3460134ea62c5705b,0.013359309,7,,true
hard_200,e29f644093149ae04ede10c3b9afd88af503203f3188afa3460134ea62c5705b,0.010738359,4,,true
hard_200,e29f644093149ae04ede10c3b9afd88af503203f3188afa3460134ea62c5705b,0.0033614014,2,,true
hard_200,e29f644093149ae04ede10c3b9afd88af503203f3188afa3460134ea62c5705b,0.0016321498,4,,true
hard_200,e29f644093149ae04ede10c3b9afd88af503203f3188afa3460134ea62c5705b,0,0,,true
hard_200,e29f644093149ae04ede10c3b9afd88af503203f3188afa3460134ea62c5705b,0.04498952,16,,false
hard_200,e29f644093149ae04ede10c3b9afd88af503203f3188afa3460134ea62c5705b,0.039321724,11,,false
hard_200,e29f644093149ae04ede10c3b9afd88af503203f3188afa3460134ea62c5705b,0.025330663,12,,true
hard_200,e29f644093149ae04ede10c3b9afd88af503203f3188afa3460134ea62c5705b,0.06346202,15,,false
hard_200,e29f644093149ae04ede10c3b9afd88af503203f3188afa3460134ea62c5705b,0.05744852,19,,true
hard_200,e29f644093149ae04ede10c3b9afd88af503203f3188afa3460134ea62c5705b,0.042203356,11,,true
hard_200,e29f644093149ae04ede10c3b9afd88af503203f3188afa3460134ea62c5705b,0.0045906133,2,,true
hard_200,e29f644093149ae04ede10c3b9afd88af503203f3188afa3460134ea62c5705b,0.05870337,17,,true
hard_200,e29f644093149ae04ede10c3b9afd88af503203f3188afa3460134ea62c5705b,0.039298173,18,,true
hard_200,e29f644093149ae04ede10c3b9afd88af503203f3188afa3460134ea62c5705b,0.03593391,14,,false
hard_200,e29f644093149ae04ede10c3b9afd88af503203f3188afa3460134ea62c5705b,0.021444162,14,,false
hard_200,e29f644093149ae04ede10c3b9afd88af503203f3188afa3460134ea62c5705b,0.040791262,15,,true
hard_200,0088818009e6758037a1b2cfaaa6e9c503050692924d5a659b7f32090c19e109,0.0079309335,18,,false
hard_200,0088818009e6758037a1b2cfaaa6e9c503050692924d5a659b7f32090c19e109,0,0,,false
hard_200,0088818009e6758037a1b2cfaaa6e9c503050692924d5a659b7f32090c19e109,0,0,,false
hard_200,0088818009e6758037a1b2cfaaa6e9c503050692924d5a659b7f32090c19e109,0,0,,false
hard_200,0088818009e6758037a1b2cfaaa6e9c503050692924d5a659b7f32090c19e109,0.0025656235,5,,false
hard_200,0088818009e6758037a1b2cfaaa6e9c503050692924d5a659b7f32090c19e109,0,0,,false
hard_200,0088818009e6758037a1b2cfaaa6e9c503050692924d5a659b7f32090c19e109,0.00027442077,4,,false
hard_200,0088818009e6758037a1b2cfaaa6e9c503050692924d5a659b7f32090c19e109,0.0040313606,3,,false
hard_200,0088818009e6758037a1b2cfaaa6e9c503050692924d5a659b7f32090c19e109,0.02838344,19,,false
hard_200,0088818009e6758037a1b2cfaaa6e9c503050692924d5a659b7f32090c19e109,0.009089467,9,,false
hard_200,0088818009e6758037a1b2cfaaa6e9c503050692924d5a659b7f32090c19e109,0.21892615,57,,false
hard_200,0088818009e6758037a1b2cfaaa6e9c503050692924d5a659b7f32090c19e109,0,0,,false
hard_200,0088818009e6758037a1b2cfaaa6e9c503050692924d5a659b7f32090c19e109,0.03976998,20,,false
hard_200,0088818009e6758037a1b2cfaaa6e9c503050692924d5a659b7f32090c19e109,0,0,,false
hard_200,0088818009e6758037a1b2cfaaa6e9c503050692924d5a659b7f32090c19e109,0.0036673339,1,,false
hard_200,0088818009e6758037a1b2cfaaa6e9c503050692924d5a659b7f32090c19e109,0.04808959,25,,false
hard_200,0088818009e6758037a1b2cfaaa6e9c503050692924d5a659b7f32090c19e109,0.003606872,8,,false
hard_200,0088818009e6758037a1b2cfaaa6e9c503050692924d5a659b7f32090c19e109,0.008908957,8,,false
hard_200,0088818009e6758037a1b2cfaaa6e9c503050692924d5a659b7f32090c19e109,0.014255938,20,,false
hard_200,0088818009e6758037a1b2cfaaa6e9c503050692924d5a659b7f32090c19e109,0,0,,false
hard_200,0088818009e6758037a1b2cfaaa6e9c503050692924d5a659b7f32090c19e109,0.049769904,18,,false
hard_200,0088818009e6758037a1b2cfaaa6e9c503050692924d5a659b7f32090c19e109,0.039501663,10,,false
hard_200,0088818009e6758037a1b2cfaaa6e9c503050692924d5a659b7f32090c19e109,0.0015088707,4,,false
hard_200,0088818009e6758037a1b2cfaaa6e9c503050692924d5a659b7f32090c19e109,0.012831946,16,,false
hard_200,0088818009e6758037a1b2cfaaa6e9c503050692924d5a659b7f32090c19e109,0.030495794,19,,false
hard_200,0088818009e6758037a1b2cfaaa6e9c503050692924d5a659b7f32090c19e109,0.04961436,15,,false
hard_200,0088818009e6758037a1b2cfaaa6e9c503050692924d5a659b7f32090c19e109,0.038851924,15,,false
hard_200,0088818009e6758037a1b2cfaaa6e9c503050692924d5a659b7f32090c19e109,0.028833583,11,,false
hard_200,0088818009e6758037a1b2cfaaa6e9c503050692924d5a659b7f32090c19e109,0.034229577,17,,false
hard_200,0088818009e6758037a1b2cfaaa6e9c503050692924d5a659b7f32090c19e109,0.034844376,18,,false
hard_200,d3fce580c860eee53c0d613e0117a11c668dc7744f3e9a5cf5f85c51da5f1a29,0.00021898582,1,,false
hard_200,d3fce580c860eee53c0d613e0117a11c668dc7744f3e9a5cf5f85c51da5f1a29,0,0,,false
hard_200,d3fce580c860eee53c0d613e0117a11c668dc7744f3e9a5cf5f85c51da5f1a29,0.0027929829,2,,false
hard_200,d3fce580c860eee53c0d613e0117a11c668dc7744f3e9a5cf5f85c51da5f1a29,0,0,,false
hard_200,d3fce580c860eee53c0d613e0117a11c668dc7744f3e9a5cf5f85c51da5f1a29,0.031033436,12,,false
hard_200,d3fce580c860eee53c0d613e0117a11c668dc7744f3e9a5cf5f85c51da5f1a29,0.013301536,15,,false
hard_200,d3fce580c860eee53c0d613e0117a11c668dc7744f3e9a5cf5f85c51da5f1a29,0.013980775,8,,false
hard_200,d3fce580c860eee53c0d613e0117a11c668dc7744f3e9a5cf5f85c51da5f1a29,0.0039753537,4,,false
hard_200,d3fce580c860eee53c0d613e0117a11c668dc7744f3e9a5cf5f85c51da5f1a29,0,0,,false
hard_200,d3fce580c860eee53c0d613e0117a11c668dc7744f3e9a5cf5f85c51da5f1a29,0.0065015736,8,,false
hard_200,d3fce580c860eee53c0d613e0117a11c668dc7744f3e9a5cf5f85c51da5f1a29,0.014589768,11,,false
hard_200,d3fce580c860eee53c0d613e0117a11c668dc7744f3e9a5cf5f85c51da5f1a29,0.03278694,12,,false
hard_200,d3fce580c860eee53c0d613e0117a11c668dc7744f3e9a5cf5f85c51da5f1a29,0.005017173,4,,false
hard_200,d3fce580c860eee53c0d613e0117a11c668dc7744f3e9a5cf5f85c51da5f1a29,0.0054850387,8,,false
hard_200,d3fce580c860eee53c0d613e0117a11c668dc7744f3e9a5cf5f85c51da5f1a29,0.002500715,2,,false
hard_200,d3fce580c860eee53c0d613e0117a11c668dc7744f3e9a5cf5f85c51da5f1a29,0.041555002,14,,false
hard_200,d3fce580c860eee53c0d613e0117a11c668dc7744f3e9a5cf5f85c51da5f1a29,0.010906054,8,,false
hard_200,d3fce580c860eee53c0d613e0117a11c668dc7744f3e9a5cf5f85c51da5f1a29,0.043443173,14,,false
hard_200,d3fce580c860eee53c0d613e0117a11c668dc7744f3e9a5cf5f85c51da5f1a29,0.03138414,14,,false
hard_200,d3fce580c860eee53c0d613e0117a11c668dc7744f3e9a5cf5f85c51da5f1a29,0.0037854332,4,,false
hard_200,d3fce580c860eee53c0d613e0117a11c668dc7744f3e9a5cf5f85c51da5f1a29,0.023610404,12,,false
hard_200,d3fce580c860eee53c0d613e0117a11c668dc7744f3e9a5cf5f85c51da5f1a29,0.05149737,20,,false
hard_200,d3fce580c860eee53c0d613e0117a11c668dc7744f3e9a5cf5f85c51da5f1a29,0.041521627,18,,false
hard_200,d3fce580c860eee53c0d613e0117a11c668dc7744f3e9a5cf5f85c51da5f1a29,0.030917905,11,,false
hard_200,d3fce580c860eee53c0d613e0117a11c668dc7744f3e9a5cf5f85c51da5f1a29,0.027495738,12,,false
hard_200,d3fce580c860eee53c0d613e0117a11c668dc7744f3e9a5cf5f85c51da5f1a29,0.031100372,14,,false
hard_200,d3fce580c860eee53c0d613e0117a11c668dc7744f3e9a5cf5f85c51da5f1a29,0.023073638,14,,false
hard_200,d3fce580c860eee53c0d613e0117a11c668dc7744f3e9a5cf5f85c51da5f1a29,0.044337306,22,,false
hard_200,1c5a340d8d604699653eb009eaecb27d4a6d964e6cabd0088df31b12999963c3,0.002279557,13,,false
hard_200,1c5a340d8d604699653eb009eaecb27d4a6d964e6cabd0088df31b12999963c3,0.00040054333,1,,false
hard_200,1c5a340d8d604699653eb009eaecb27d4a6d964e6cabd0088df31b12999963c3,0,0,,false
hard_200,1c5a340d8d604699653eb009eaecb27d4a6d964e6cabd0088df31b12999963c3,0,0,,false
hard_200,1c5a340d8d604699653eb009eaecb27d4a6d964e6cabd0088df31b12999963c3,0,0,,false
hard_200,1c5a340d8d604699653eb009eaecb27d4a6d964e6cabd0088df31b12999963c3,0.0032060565,3,,false
hard_200,1c5a340d8d604699653eb009eaecb27d4a6d964e6cabd0088df31b12999963c3,0,0,,false
hard_200,1c5a340d8d604699653eb009eaecb27d4a6d964e6cabd0088df31b12999963c3,0,0,,false
hard_200,1c5a340d8d604699653eb009eaecb27d4a6d964e6cabd0088df31b12999963c3,0.0014333489,4,,false
hard_200,1c5a340d8d604699653eb009eaecb27d4a6d964e6cabd0088df31b12999963c3,0,0,,false
hard_200,1c5a340d8d604699653eb009eaecb27d4a6d964e6cabd0088df31b12999963c3,0,0,,false
hard_200,1c5a340d8d604699653eb009eaecb27d4a6d964e6cabd0088df31b12999963c3,0.002449882,2,,false
hard_200,1c5a340d8d604699653eb009eaecb27d4a6d964e6cabd0088df31b12999963c3,0,0,,false
hard_200,1c5a340d8d604699653eb009eaecb27d4a6d964e6cabd0088df31b12999963c3,0.005462326,2,,false
hard_200,1c5a340d8d604699653eb009eaecb27d4a6d964e6cabd0088df31b12999963c3,0,0,,false
hard_200,1c5a340d8d604699653eb009eaecb27d4a6d964e6cabd0088df31b12999963c3,0.008680295,5,,false
hard_200,1c5a340d8d604699653eb009eaecb27d4a6d964e6cabd0088df31b12999963c3,0.011835919,12,,false
hard_200,1c5a340d8d604699653eb009eaecb27d4a6d964e6cabd0088df31b12999963c3,0.15844865,48,,false
hard_200,1c5a340d8d604699653eb009eaecb27d4a6d964e6cabd0088df31b12999963c3,0.0026782597,3,,false
hard_200,1c5a340d8d604699653eb009eaecb27d4a6d964e6cabd0088df31b12999963c3,0.03946124,19,,false
hard_200,1c5a340d8d604699653eb009eaecb27d4a6d964e6cabd0088df31b12999963c3,0.011676987,10,,false
hard_200,1c5a340d8d604699653eb009eaecb27d4a6d964e6cabd0088df31b12999963c3,0.0367168,21,,false
hard_200,1c5a340d8d604699653eb009eaecb27d4a6d964e6cabd0088df31b12999963c3,0.12647614,48,,false
hard_200,1c5a340d8d604699653eb009eaecb27d4a6d964e6cabd0088df31b12999963c3,0.016634073,14,,false
hard_200,1c5a340d8d604699653eb009eaecb27d4a6d964e6cabd0088df31b12999963c3,0.050816864,17,,false
hard_200,1c5a340d8d604699653eb009eaecb27d4a6d964e6cabd0088df31b12999963c3,0.009838459,6,,false
hard_200,1c5a340d8d604699653eb009eaecb27d4a6d964e6cabd0088df31b12999963c3,0.016756147,7,,false
hard_200,1c5a340d8d604699653eb009eaecb27d4a6d964e6cabd0088df31b12999963c3,0.029474938,14,,false
hard_200,1c5a340d8d604699653eb009eaecb27d4a6d964e6cabd0088df31b12999963c3,0.046742078,31,,false
hard_200,1c5a340d8d604699653eb009eaecb27d4a6d964e6cabd0088df31b12999963c3,0.04277296,17,,false
hard_200,18ff165e8add5978da0e3093570dd4e53e1106ad031c5e0b50473bf96a2370e7,0,0,,false
hard_200,18ff165e8add5978da0e3093570dd4e53e1106ad031c5e0b50473bf96a2370e7,0,0,,false
hard_200,18ff165e8add5978da0e3093570dd4e53e1106ad031c5e0b50473bf96a2370e7,0,0,,false
hard_200,18ff165e8add5978da0e3093570dd4e53e1106ad031c5e0b50473bf96a2370e7,0,0,,false
hard_200,18ff165e8add5978da0e3093570dd4e53e1106ad031c5e0b50473bf96a2370e7,0,0,,false
hard_200,18ff165e8add5978da0e3093570dd4e53e1106ad031c5e0b50473bf96a2370e7,0.0005396546,3,,false
hard_200,18ff165e8add5978da0e3093570dd4e53e1106ad031c5e0b50473bf96a2370e7,0,0,,false
hard_200,18ff165e8add5978da0e3093570dd4e53e1106ad031c5e0b50473bf96a2370e7,0.0002895662,1,,false
hard_200,18ff165e8add5978da0e3093570dd4e53e1106ad031c5e0b50473bf96a2370e7,0.007430294,11,,false
hard_200,18ff165e8add5978da0e3093570dd4e53e1106ad031c5e0b50473bf96a2370e7,0,0,,false
hard_200,18ff165e8add5978da0e3093570dd4e53e1106ad031c5e0b50473bf96a2370e7,0.023254413,12,,false
hard_200,18ff165e8add5978da0e3093570dd4e53e1106ad031c5e0b50473bf96a2370e7,0.0014211595,2,,false
hard_200,18ff165e8add5978da0e3093570dd4e53e1106ad031c5e0b50473bf96a2370e7,0.00044201955,1,,false
hard_200,18ff165e8add5978da0e3093570dd4e53e1106ad031c5e0b50473bf96a2370e7,0.0037695004,4,,false
hard_200,18ff165e8add5978da0e3093570dd4e53e1106ad031c5e0b50473bf96a2370e7,0.0012739617,4,,false
hard_200,18ff165e8add5978da0e3093570dd4e53e1106ad031c5e0b50473bf96a2370e7,0.00008969926,1,,false
hard_200,18ff165e8add5978da0e3093570dd4e53e1106ad031c5e0b50473bf96a2370e7,0.018678484,8,,false
hard_200,18ff165e8add5978da0e3093570dd4e53e1106ad031c5e0b50473bf96a2370e7,0.023356203,10,,false
hard_200,18ff165e8add5978da0e3093570dd4e53e1106ad031c5e0b50473bf96a2370e7,0.0032487554,6,,false
hard_200,18ff165e8add5978da0e3093570dd4e53e1106ad031c5e0b50473bf96a2370e7,0.023521982,18,,false
hard_200,18ff165e8add5978da0e3093570dd4e53e1106ad031c5e0b50473bf96a2370e7,0.023394477,18,,false
hard_200,18ff165e8add5978da0e3093570dd4e53e1106ad031c5e0b50473bf96a2370e7,0.0013655875,2,,false
hard_200,18ff165e8add5978da0e3093570dd4e53e1106ad031c5e0b50473bf96a2370e7,0.023826748,16,,false
hard_200,18ff165e8add5978da0e3093570dd4e53e1106ad031c5e0b50473bf96a2370e7,0.01552968,9,,false
hard_200,18ff165e8add5978da0e3093570dd4e53e1106ad031c5e0b50473bf96a2370e7,0.023249317,17,,false
hard_200,18ff165e8add5978da0e3093570dd4e53e1106ad031c5e0b50473bf96a2370e7,0.013822084,8,,false
hard_200,18ff165e8add5978da0e3093570dd4e53e1106ad031c5e0b50473bf96a2370e7,0.016656352,11,,false
hard_200,18ff165e8add5978da0e3093570dd4e53e1106ad031c5e0b50473bf96a2370e7,0.038173478,15,,false
hard_200,5aaf937b6c92ac0a5810a10d4ac75e5938f3c0f04922508a0ce55d4e2748dcc0,0,0,,false
hard_200,5aaf937b6c92ac0a5810a10d4ac75e5938f3c0f04922508a0ce55d4e2748dcc0,0,0,,false
hard_200,5aaf937b6c92ac0a5810a10d4ac75e5938f3c0f04922508a0ce55d4e2748dcc0,0,0,,false
hard_200,5aaf937b6c92ac0a5810a10d4ac75e5938f3c0f04922508a0ce55d4e2748dcc0,0,0,,false
hard_200,5aaf937b6c92ac0a5810a10d4ac75e5938f3c0f04922508a0ce55d4e2748dcc0,0,0,,false
hard_200,5aaf937b6c92ac0a5810a10d4ac75e5938f3c0f04922508a0ce55d4e2748dcc0,0,0,,false
hard_200,5aaf937b6c92ac0a5810a10d4ac75e5938f3c0f04922508a0ce55d4e2748dcc0,0,0,,false
hard_200,5aaf937b6c92ac0a5810a10d4ac75e5938f3c0f04922508a0ce55d4e2748dcc0,0.06986138,13,,false
hard_200,5aaf937b6c92ac0a5810a10d4ac75e5938f3c0f04922508a0ce55d4e2748dcc0,0,0,,false
hard_200,5aaf937b6c92ac0a5810a10d4ac75e5938f3c0f04922508a0ce55d4e2748dcc0,0.009093397,3,,false
hard_200,5aaf937b6c92ac0a5810a10d4ac75e5938f3c0f04922508a0ce55d4e2748dcc0,0.005258087,5,,false
hard_200,5aaf937b6c92ac0a5810a10d4ac75e5938f3c0f04922508a0ce55d4e2748dcc0,0.008510451,3,,false
hard_200,5aaf937b6c92ac0a5810a10d4ac75e5938f3c0f04922508a0ce55d4e2748dcc0,0,0,,false
hard_200,5aaf937b6c92ac0a5810a10d4ac75e5938f3c0f04922508a0ce55d4e2748dcc0,0.003934083,7,,false
hard_200,5aaf937b6c92ac0a5810a10d4ac75e5938f3c0f04922508a0ce55d4e2748dcc0,0.0061980276,2,,false
hard_200,5aaf937b6c92ac0a5810a10d4ac75e5938f3c0f04922508a0ce55d4e2748dcc0,0.04178361,19,,false
hard_200,5aaf937b6c92ac0a5810a10d4ac75e5938f3c0f04922508a0ce55d4e2748dcc0,0.023011236,9,,false
hard_200,5aaf937b6c92ac0a5810a10d4ac75e5938f3c0f04922508a0ce55d4e2748dcc0,0,0,,false
hard_200,5aaf937b6c92ac0a5810a10d4ac75e5938f3c0f04922508a0ce55d4e2748dcc0,0.016499635,9,,false
hard_200,5aaf937b6c92ac0a5810a10d4ac75e5938f3c0f04922508a0ce55d4e2748dcc0,0.035882883,19,,false
hard_200,5aaf937b6c92ac0a5810a10d4ac75e5938f3c0f04922508a0ce55d4e2748dcc0,0.01254206,5,,false
hard_200,5aaf937b6c92ac0a5810a10d4ac75e5938f3c0f04922508a0ce55d4e2748dcc0,0.026557628,15,,false
hard_200,5aaf937b6c92ac0a5810a10d4ac75e5938f3c0f04922508a0ce55d4e2748dcc0,0.05001661,22,,false
hard_200,5aaf937b6c92ac0a5810a10d4ac75e5938f3c0f04922508a0ce55d4e2748dcc0,0.030274332,18,,false
hard_200,5aaf937b6c92ac0a5810a10d4ac75e5938f3c0f04922508a0ce55d4e2748dcc0,0.006827513,9,,false
hard_200,5aaf937b6c92ac0a5810a10d4ac75e5938f3c0f04922508a0ce55d4e2748dcc0,0.018268937,8,,false
hard_200,5aaf937b6c92ac0a5810a10d4ac75e5938f3c0f04922508a0ce55d4e2748dcc0,0.035098597,23,,false
hard_200,5aaf937b6c92ac0a5810a10d4ac75e5938f3c0f04922508a0ce55d4e2748dcc0,0.03349291,14,,false
hard_200,5aaf937b6c92ac0a5810a10d4ac75e5938f3c0f04922508a0ce55d4e2748dcc0,0.023889907,16,,false
hard_200,06bdf719e4f960d164cf6c466b2203615a4b0386ed0b089aec7e281b6f45b9e9,0.0026172416,2,,false
hard_200,06bdf719e4f960d164cf6c466b2203615a4b0386ed0b089aec7e281b6f45b9e9,0.017117199,5,,false
hard_200,06bdf719e4f960d164cf6c466b2203615a4b0386ed0b089aec7e281b6f45b9e9,0,0,,false
hard_200,06bdf719e4f960d164cf6c466b2203615a4b0386ed0b089aec7e281b6f45b9e9,0.00277381,1,,false
hard_200,06bdf719e4f960d164cf6c466b2203615a4b0386ed0b089aec7e281b6f45b9e9,0.0064682453,4,,false
hard_200,06bdf719e4f960d164cf6c466b2203615a4b0386ed0b089aec7e281b6f45b9e9,0,0,,false
hard_200,06bdf719e4f960d164cf6c466b2203615a4b0386ed0b089aec7e281b6f45b9e9,0,0,,false
hard_200,06bdf719e4f960d164cf6c466b2203615a4b0386ed0b089aec7e281b6f45b9e9,0.002466836,1,,false
hard_200,06bdf719e4f960d164cf6c466b2203615a4b0386ed0b089aec7e281b6f45b9e9,0.018262414,3,,false
hard_200,06bdf719e4f960d164cf6c466b2203615a4b0386ed0b089aec7e281b6f45b9e9,0.023185236,6,,false
hard_200,06bdf719e4f960d164cf6c466b2203615a4b0386ed0b089aec7e281b6f45b9e9,0.003632014,5,,false
hard_200,06bdf719e4f960d164cf6c466b2203615a4b0386ed0b089aec7e281b6f45b9e9,0,0,,false
hard_200,06bdf719e4f960d164cf6c466b2203615a4b0386ed0b089aec7e281b6f45b9e9,0.00745997,12,,false
hard_200,06bdf719e4f960d164cf6c466b2203615a4b0386ed0b089aec7e281b6f45b9e9,0.03842451,15,,false
hard_200,06bdf719e4f960d164cf6c466b2203615a4b0386ed0b089aec7e281b6f45b9e9,0.008302455,8,,false
hard_200,06bdf719e4f960d164cf6c466b2203615a4b0386ed0b089aec7e281b6f45b9e9,0.02432795,27,,false
hard_200,06bdf719e4f960d164cf6c466b2203615a4b0386ed0b089aec7e281b6f45b9e9,0.013506559,7,,false
hard_200,06bdf719e4f960d164cf6c466b2203615a4b0386ed0b089aec7e281b6f45b9e9,0.0045869593,6,,false
hard_200,06bdf719e4f960d164cf6c466b2203615a4b0386ed0b089aec7e281b6f45b9e9,0,0,,false
hard_200,06bdf719e4f960d164cf6c466b2203615a4b0386ed0b089aec7e281b6f45b9e9,0.0017123164,2,,false
hard_200,06bdf719e4f960d164cf6c466b2203615a4b0386ed0b089aec7e281b6f45b9e9,0.047411565,18,,false
hard_200,06bdf719e4f960d164cf6c466b2203615a4b0386ed0b089aec7e281b6f45b9e9,0.013361453,13,,false
hard_200,06bdf719e4f960d164cf6c466b2203615a4b0386ed0b089aec7e281b6f45b9e9,0.029069997,13,,false
hard_200,06bdf719e4f960d164cf6c466b2203615a4b0386ed0b089aec7e281b6f45b9e9,0.036480565,14,,false
hard_200,06bdf719e4f960d164cf6c466b2203615a4b0386ed0b089aec7e281b6f45b9e9,0.02131802,14,,false
hard_200,06bdf719e4f960d164cf6c466b2203615a4b0386ed0b089aec7e281b6f45b9e9,0.010396337,14,,false
hard_200,06bdf719e4f960d164cf6c466b2203615a4b0386ed0b089aec7e281b6f45b9e9,0.004705913,6,,false
hard_200,06bdf719e4f960d164cf6c466b2203615a4b0386ed0b089aec7e281b6f45b9e9,0.030710107,19,,false
hard_200,3591690bb7ff9116e19a9a7f61ce9770037c922d0df58451152d808bbbe6a0bb,0.008290785,10,,false
hard_200,3591690bb7ff9116e19a9a7f61ce9770037c922d0df58451152d808bbbe6a0bb,0,0,,false
hard_200,3591690bb7ff9116e19a9a7f61ce9770037c922d0df58451152d808bbbe6a0bb,0.0012277375,1,,false
hard_200,3591690bb7ff9116e19a9a7f61ce9770037c922d0df58451152d808bbbe6a0bb,0.003288216,5,,false
hard_200,3591690bb7ff9116e19a9a7f61ce9770037c922d0df58451152d808bbbe6a0bb,0.006216724,1,,false
hard_200,3591690bb7ff9116e19a9a7f61ce9770037c922d0df58451152d808bbbe6a0bb,0,0,,false
hard_200,3591690bb7ff9116e19a9a7f61ce9770037c922d0df58451152d808bbbe6a0bb,0,0,,false
hard_200,3591690bb7ff9116e19a9a7f61ce9770037c922d0df58451152d808bbbe6a0bb,0.0031682584,5,,false
hard_200,3591690bb7ff9116e19a9a7f61ce9770037c922d0df58451152d808bbbe6a0bb,0,0,,false
hard_200,3591690bb7ff9116e19a9a7f61ce9770037c922d0df58451152d808bbbe6a0bb,0.00093142415,2,,false
hard_200,3591690bb7ff9116e19a9a7f61ce9770037c922d0df58451152d808bbbe6a0bb,0.0041748006,5,,false
hard_200,3591690bb7ff9116e19a9a7f61ce9770037c922d0df58451152d808bbbe6a0bb,0,0,,false
hard_200,3591690bb7ff9116e19a9a7f61ce9770037c922d0df58451152d808bbbe6a0bb,0,0,,false
hard_200,3591690bb7ff9116e19a9a7f61ce9770037c922d0df58451152d808bbbe6a0bb,0.0057834475,4,,false
hard_200,3591690bb7ff9116e19a9a7f61ce9770037c922d0df58451152d808bbbe6a0bb,0.021286959,20,,false
hard_200,3591690bb7ff9116e19a9a7f61ce9770037c922d0df58451152d808bbbe6a0bb,0.022870675,16,,false
hard_200,3591690bb7ff9116e19a9a7f61ce9770037c922d0df58451152d808bbbe6a0bb,0.0068830196,7,,false
hard_200,3591690bb7ff9116e19a9a7f61ce9770037c922d0df58451152d808bbbe6a0bb,0.011658144,8,,false
hard_200,3591690bb7ff9116e19a9a7f61ce9770037c922d0df58451152d808bbbe6a0bb,0.022918597,14,,false
hard_200,3591690bb7ff9116e19a9a7f61ce9770037c922d0df58451152d808bbbe6a0bb,0.027944606,12,,false
hard_200,3591690bb7ff9116e19a9a7f61ce9770037c922d0df58451152d808bbbe6a0bb,0.022642802,10,,false
hard_200,3591690bb7ff9116e19a9a7f61ce9770037c922d0df58451152d808bbbe6a0bb,0.019388523,11,,false
hard_200,3591690bb7ff9116e19a9a7f61ce9770037c922d0df58451152d808bbbe6a0bb,0.02819512,12,,false
hard_200,3591690bb7ff9116e19a9a7f61ce9770037c922d0df58451152d808bbbe6a0bb,0.00006676414,1,,false
hard_200,3591690bb7ff9116e19a9a7f61ce9770037c922d0df58451152d808bbbe6a0bb,0.03865188,14,,false
hard_200,3591690bb7ff9116e19a9a7f61ce9770037c922d0df58451152d808bbbe6a0bb,0.024567531,15,,false
hard_200,3591690bb7ff9116e19a9a7f61ce9770037c922d0df58451152d808bbbe6a0bb,0.026347475,16,,false
hard_200,3591690bb7ff9116e19a9a7f61ce9770037c922d0df58451152d808bbbe6a0bb,0.018277427,10,,false
hard_200,3591690bb7ff9116e19a9a7f61ce9770037c922d0df58451152d808bbbe6a0bb,0.02133076,20,,false
hard_200,f8db3b112a5ce6d9bd1cac48a50c33e5c079ad27f41e803631def8084e00ac3c,0,0,,false
hard_200,f8db3b112a5ce6d9bd1cac48a50c33e5c079ad27f41e803631def8084e00ac3c,0.00015094673,1,,false
hard_200,f8db3b112a5ce6d9bd1cac48a50c33e5c079ad27f41e803631def8084e00ac3c,0,0,,false
hard_200,f8db3b112a5ce6d9bd1cac48a50c33e5c079ad27f41e803631def8084e00ac3c,0.008360882,6,,false
hard_200,f8db3b112a5ce6d9bd1cac48a50c33e5c079ad27f41e803631def8084e00ac3c,0.1649622,49,,false
hard_200,f8db3b112a5ce6d9bd1cac48a50c33e5c079ad27f41e803631def8084e00ac3c,0,0,,false
hard_200,f8db3b112a5ce6d9bd1cac48a50c33e5c079ad27f41e803631def8084e00ac3c,0,0,,false
hard_200,f8db3b112a5ce6d9bd1cac48a50c33e5c079ad27f41e803631def8084e00ac3c,0.0030115705,2,,false
hard_200,f8db3b112a5ce6d9bd1cac48a50c33e5c079ad27f41e803631def8084e00ac3c,0.034818407,15,,false
hard_200,f8db3b112a5ce6d9bd1cac48a50c33e5c079ad27f41e803631def8084e00ac3c,0.010889787,6,,false
hard_200,f8db3b112a5ce6d9bd1cac48a50c33e5c079ad27f41e803631def8084e00ac3c,0.053622644,24,,false
hard_200,f8db3b112a5ce6d9bd1cac48a50c33e5c079ad27f41e803631def8084e00ac3c,0.00058513245,1,,false
hard_200,f8db3b112a5ce6d9bd1cac48a50c33e5c079ad27f41e803631def8084e00ac3c,0.017234474,12,,false
hard_200,f8db3b112a5ce6d9bd1cac48a50c33e5c079ad27f41e803631def8084e00ac3c,0.044239026,22,,false
hard_200,f8db3b112a5ce6d9bd1cac48a50c33e5c079ad27f41e803631def8084e00ac3c,0.011345327,7,,false
hard_200,f8db3b112a5ce6d9bd1cac48a50c33e5c079ad27f41e803631def8084e00ac3c,0.008762166,7,,false
hard_200,f8db3b112a5ce6d9bd1cac48a50c33e5c079ad27f41e803631def8084e00ac3c,0.017954204,22,,false
hard_200,f8db3b112a5ce6d9bd1cac48a50c33e5c079ad27f41e803631def8084e00ac3c,0.01894048,9,,false
hard_200,f8db3b112a5ce6d9bd1cac48a50c33e5c079ad27f41e803631def8084e00ac3c,0.009245356,5,,false
hard_200,f8db3b112a5ce6d9bd1cac48a50c33e5c079ad27f41e803631def8084e00ac3c,0.04128316,23,,false
hard_200,f8db3b112a5ce6d9bd1cac48a50c33e5c079ad27f41e803631def8084e00ac3c,0.024335215,10,,false
hard_200,f8db3b112a5ce6d9bd1cac48a50c33e5c079ad27f41e803631def8084e00ac3c,0.0006668485,1,,false
hard_200,f8db3b112a5ce6d9bd1cac48a50c33e5c079ad27f41e803631def8084e00ac3c,0.03694106,16,,false
hard_200,f8db3b112a5ce6d9bd1cac48a50c33e5c079ad27f41e803631def8084e00ac3c,0.034588102,19,,false
hard_200,f8db3b112a5ce6d9bd1cac48a50c33e5c079ad27f41e803631def8084e00ac3c,0.14381309,37,,false
hard_200,f8db3b112a5ce6d9bd1cac48a50c33e5c079ad27f41e803631def8084e00ac3c,0.036385436,19,,false
hard_200,f8db3b112a5ce6d9bd1cac48a50c33e5c079ad27f41e803631def8084e00ac3c,0.27067864,53,,false
hard_200,f8db3b112a5ce6d9bd1cac48a50c33e5c079ad27f41e803631def8084e00ac3c,0.021064812,15,,false
hard_200,f8db3b112a5ce6d9bd1cac48a50c33e5c079ad27f41e803631def8084e00ac3c,0.049104635,20,,false
hard_200,f8db3b112a5ce6d9bd1cac48a50c33e5c079ad27f41e803631def8084e00ac3c,0.04620732,20,,false
hard_200,f8db3b112a5ce6d9bd1cac48a50c33e5c079ad27f41e803631def8084e00ac3c,0.032688465,14,,false
hard_200,f8db3b112a5ce6d9bd1cac48a50c33e5c079ad27f41e803631def8084e00ac3c,0.021809855,10,,false
hard_200,3aeaafe52f37d8417975dcf3d22991d27a6594ba9e32f91bf47960b14d16af44,0,0,,false
hard_200,3aeaafe52f37d8417975dcf3d22991d27a6594ba9e32f91bf47960b14d16af44,0,0,,false
hard_200,3aeaafe52f37d8417975dcf3d22991d27a6594ba9e32f91bf47960b14d16af44,0,0,,false
hard_200,3aeaafe52f37d8417975dcf3d22991d27a6594ba9e32f91bf47960b14d16af44,0.005947843,4,,false
hard_200,3aeaafe52f37d8417975dcf3d22991d27a6594ba9e32f91bf47960b14d16af44,0.008338735,5,,false
hard_200,3aeaafe52f37d8417975dcf3d22991d27a6594ba9e32f91bf47960b14d16af44,0,0,,false
hard_200,3aeaafe52f37d8417975dcf3d22991d27a6594ba9e32f91bf47960b14d16af44,0.0012982714,3,,false
hard_200,3aeaafe52f37d8417975dcf3d22991d27a6594ba9e32f91bf47960b14d16af44,0.004186245,6,,false
hard_200,3aeaafe52f37d8417975dcf3d22991d27a6594ba9e32f91bf47960b14d16af44,0,0,,false
hard_200,3aeaafe52f37d8417975dcf3d22991d27a6594ba9e32f91bf47960b14d16af44,0.030178396,11,,false
hard_200,3aeaafe52f37d8417975dcf3d22991d27a6594ba9e32f91bf47960b14d16af44,0.000703417,2,,false
hard_200,3aeaafe52f37d8417975dcf3d22991d27a6594ba9e32f91bf47960b14d16af44,0.0022310067,1,,false
hard_200,3aeaafe52f37d8417975dcf3d22991d27a6594ba9e32f91bf47960b14d16af44,0,0,,false
hard_200,3aeaafe52f37d8417975dcf3d22991d27a6594ba9e32f91bf47960b14d16af44,0.038899466,14,,false
hard_200,3aeaafe52f37d8417975dcf3d22991d27a6594ba9e32f91bf47960b14d16af44,0.0016290174,3,,false
hard_200,3aeaafe52f37d8417975dcf3d22991d27a6594ba9e32f91bf47960b14d16af44,0.0118527375,5,,false
hard_200,3aeaafe52f37d8417975dcf3d22991d27a6594ba9e32f91bf47960b14d16af44,0.058123294,20,,false
hard_200,3aeaafe52f37d8417975dcf3d22991d27a6594ba9e32f91bf47960b14d16af44,0.028488344,19,,false
hard_200,3aeaafe52f37d8417975dcf3d22991d27a6594ba9e32f91bf47960b14d16af44,0.0007545881,1,,false
hard_200,3aeaafe52f37d8417975dcf3d22991d27a6594ba9e32f91bf47960b14d16af44,0.02806988,16,,false
hard_200,3aeaafe52f37d8417975dcf3d22991d27a6594ba9e32f91bf47960b14d16af44,0.034054294,21,,false
hard_200,3aeaafe52f37d8417975dcf3d22991d27a6594ba9e32f91bf47960b14d16af44,0.0038032366,8,,false
hard_200,3aeaafe52f37d8417975dcf3d22991d27a6594ba9e32f91bf47960b14d16af44,0.028644035,15,,false
hard_200,3aeaafe52f37d8417975dcf3d22991d27a6594ba9e32f91bf47960b14d16af44,0.020005498,9,,false
hard_200,3aeaafe52f37d8417975dcf3d22991d27a6594ba9e32f91bf47960b14d16af44,0.00619822,3,,false
hard_200,3aeaafe52f37d8417975dcf3d22991d27a6594ba9e32f91bf47960b14d16af44,0.042793438,25,,false
hard_200,3aeaafe52f37d8417975dcf3d22991d27a6594ba9e32f91bf47960b14d16af44,0.0014759204,2,,false
hard_200,3aeaafe52f37d8417975dcf3d22991d27a6594ba9e32f91bf47960b14d16af44,0.015618237,8,,false
hard_200,3aeaafe52f37d8417975dcf3d22991d27a6594ba9e32f91bf47960b14d16af44,0.03346458,15,,false
hard_200,39af135c24293ff0b46ee5651944f6e72a8417b82875f40f2c6f6f37abc2584e,0,0,,false
hard_200,39af135c24293ff0b46ee5651944f6e72a8417b82875f40f2c6f6f37abc2584e,0,0,,false
hard_200,39af135c24293ff0b46ee5651944f6e72a8417b82875f40f2c6f6f37abc2584e,0,0,,false
hard_200,39af135c24293ff0b46ee5651944f6e72a8417b82875f40f2c6f6f37abc2584e,0,0,,false
hard_200,39af135c24293ff0b46ee5651944f6e72a8417b82875f40f2c6f6f37abc2584e,0.018902112,8,,false
hard_200,39af135c24293ff0b46ee5651944f6e72a8417b82875f40f2c6f6f37abc2584e,0.0043766648,3,,false
hard_200,39af135c24293ff0b46ee5651944f6e72a8417b82875f40f2c6f6f37abc2584e,0.0036447896,4,,false
hard_200,39af135c24293ff0b46ee5651944f6e72a8417b82875f40f2c6f6f37abc2584e,0.0020404663,1,,false
hard_200,39af135c24293ff0b46ee5651944f6e72a8417b82875f40f2c6f6f37abc2584e,0.033495374,21,,false
hard_200,39af135c24293ff0b46ee5651944f6e72a8417b82875f40f2c6f6f37abc2584e,0.0046461993,4,,false
hard_200,39af135c24293ff0b46ee5651944f6e72a8417b82875f40f2c6f6f37abc2584e,0.0040857377,4,,false
hard_200,39af135c24293ff0b46ee5651944f6e72a8417b82875f40f2c6f6f37abc2584e,0.007001673,7,,false
hard_200,39af135c24293ff0b46ee5651944f6e72a8417b82875f40f2c6f6f37abc2584e,0.02799038,21,,false
hard_200,39af135c24293ff0b46ee5651944f6e72a8417b82875f40f2c6f6f37abc2584e,0.009552116,7,,false
hard_200,39af135c24293ff0b46ee5651944f6e72a8417b82875f40f2c6f6f37abc2584e,0.01811779,8,,false
hard_200,39af135c24293ff0b46ee5651944f6e72a8417b82875f40f2c6f6f37abc2584e,0.02420543,17,,false
hard_200,39af135c24293ff0b46ee5651944f6e72a8417b82875f40f2c6f6f37abc2584e,0.016642543,9,,false
hard_200,39af135c24293ff0b46ee5651944f6e72a8417b82875f40f2c6f6f37abc2584e,0.017736299,13,,false
hard_200,39af135c24293ff0b46ee5651944f6e72a8417b82875f40f2c6f6f37abc2584e,0.01289234,8,,false
hard_200,39af135c24293ff0b46ee5651944f6e72a8417b82875f40f2c6f6f37abc2584e,0.0003294723,1,,false
hard_200,39af135c24293ff0b46ee5651944f6e72a8417b82875f40f2c6f6f37abc2584e,0.0015520111,2,,false
hard_200,39af135c24293ff0b46ee5651944f6e72a8417b82875f40f2c6f6f37abc2584e,0.016521275,8,,false
hard_200,39af135c24293ff0b46ee5651944f6e72a8417b82875f40f2c6f6f37abc2584e,0.011940406,9,,false
hard_200,39af135c24293ff0b46ee5651944f6e72a8417b82875f40f2c6f6f37abc2584e,0.041525695,23,,false
hard_200,39af135c24293ff0b46ee5651944f6e72a8417b82875f40f2c6f6f37abc2584e,0.042652138,16,,false
hard_200,39af135c24293ff0b46ee5651944f6e72a8417b82875f40f2c6f6f37abc2584e,0.02977117,21,,false
hard_200,39af135c24293ff0b46ee5651944f6e72a8417b82875f40f2c6f6f37abc2584e,0.05244457,22,,false
hard_200,39af135c24293ff0b46ee5651944f6e72a8417b82875f40f2c6f6f37abc2584e,0.049644936,19,,false
hard_200,39af135c24293ff0b46ee5651944f6e72a8417b82875f40f2c6f6f37abc2584e,0.15561341,47,,false
hard_200,39af135c24293ff0b46ee5651944f6e72a8417b82875f40f2c6f6f37abc2584e,0.033271197,11,,false
hard_200,04422ee0881738d33d4da605fdaac58ac59ad36f84640e6c3dbbf8b13778af8e,0,0,,false
hard_200,04422ee0881738d33d4da605fdaac58ac59ad36f84640e6c3dbbf8b13778af8e,0.010034246,16,,false
hard_200,04422ee0881738d33d4da605fdaac58ac59ad36f84640e6c3dbbf8b13778af8e,0,0,,false
hard_200,04422ee0881738d33d4da605fdaac58ac59ad36f84640e6c3dbbf8b13778af8e,0.00094874494,1,,false
hard_200,04422ee0881738d33d4da605fdaac58ac59ad36f84640e6c3dbbf8b13778af8e,0,0,,false
hard_200,04422ee0881738d33d4da605fdaac58ac59ad36f84640e6c3dbbf8b13778af8e,0.0019968865,5,,false
hard_200,04422ee0881738d33d4da605fdaac58ac59ad36f84640e6c3dbbf8b13778af8e,0.15920785,46,,false
hard_200,04422ee0881738d33d4da605fdaac58ac59ad36f84640e6c3dbbf8b13778af8e,0,0,,false
hard_200,04422ee0881738d33d4da605fdaac58ac59ad36f84640e6c3dbbf8b13778af8e,0.0007201771,1,,false
hard_200,04422ee0881738d33d4da605fdaac58ac59ad36f84640e6c3dbbf8b13778af8e,0.0075211353,6,,false
hard_200,04422ee0881738d33d4da605fdaac58ac59ad36f84640e6c3dbbf8b13778af8e,0.0002108301,2,,false
hard_200,04422ee0881738d33d4da605fdaac58ac59ad36f84640e6c3dbbf8b13778af8e,0.034830976,17,,false
hard_200,04422ee0881738d33d4da605fdaac58ac59ad36f84640e6c3dbbf8b13778af8e,0.0054094903,1,,false
hard_200,04422ee0881738d33d4da605fdaac58ac59ad36f84640e6c3dbbf8b13778af8e,0.0012128729,3,,false
hard_200,04422ee0881738d33d4da605fdaac58ac59ad36f84640e6c3dbbf8b13778af8e,0.017301627,15,,false
hard_200,04422ee0881738d33d4da605fdaac58ac59ad36f84640e6c3dbbf8b13778af8e,0.011803927,13,,false
hard_200,04422ee0881738d33d4da605fdaac58ac59ad36f84640e6c3dbbf8b13778af8e,0.016654478,13,,false
hard_200,04422ee0881738d33d4da605fdaac58ac59ad36f84640e6c3dbbf8b13778af8e,0.011830173,9,,false
hard_200,04422ee0881738d33d4da605fdaac58ac59ad36f84640e6c3dbbf8b13778af8e,0.019860955,19,,false
hard_200,04422ee0881738d33d4da605fdaac58ac59ad36f84640e6c3dbbf8b13778af8e,0.0053563067,8,,false
hard_200,04422ee0881738d33d4da605fdaac58ac59ad36f84640e6c3dbbf8b13778af8e,0.033599023,17,,false
hard_200,04422ee0881738d33d4da605fdaac58ac59ad36f84640e6c3dbbf8b13778af8e,0.034213483,14,,false
hard_200,04422ee0881738d33d4da605fdaac58ac59ad36f84640e6c3dbbf8b13778af8e,0.0053151124,4,,false
hard_200,04422ee0881738d33d4da605fdaac58ac59ad36f84640e6c3dbbf8b13778af8e,0.01625418,13,,false
hard_200,04422ee0881738d33d4da605fdaac58ac59ad36f84640e6c3dbbf8b13778af8e,0.027365107,20,,false
hard_200,04422ee0881738d33d4da605fdaac58ac59ad36f84640e6c3dbbf8b13778af8e,0.00085457944,2,,false
hard_200,04422ee0881738d33d4da605fdaac58ac59ad36f84640e6c3dbbf8b13778af8e,0.012989612,8,,false
hard_200,04422ee0881738d33d4da605fdaac58ac59ad36f84640e6c3dbbf8b13778af8e,0.02626121,22,,false
hard_200,04422ee0881738d33d4da605fdaac58ac59ad36f84640e6c3dbbf8b13778af8e,0.031267405,18,,false
hard_200,04422ee0881738d33d4da605fdaac58ac59ad36f84640e6c3dbbf8b13778af8e,0.0020102018,5,,false
noise_1000,3c28da55ff756dda74ed27125edc708a7162dd0c11a63f624ecdf1ffc4a71dce,0.17069937,47,,false
noise_1000,e9b17715ced5b5bee6b01044e5c720006b3cbc69f9ae1a8c24d241af92ac3a57,0.16263363,37,,false
noise_1000,39e7450d33561c9cfd698a81bdbda17f3cc638e88142638d92a801146f605c03,0.16843548,45,,false
noise_1000,57c62734ecc53af09e6edd200992319159b1ff4cdc09f8e56d7f50dc13ede5fe,0.1900976,45,,false
noise_1000,40d00e8186dfbd4ded803605acb4ec65a42d3ec24d48b9002219a0bcf38ddbf7,0.1550879,48,,false
noise_1000,40d00e8186dfbd4ded803605acb4ec65a42d3ec24d48b9002219a0bcf38ddbf7,0.17604785,46,,false
noise_1000,806908e06a745ce90e8cc4d0ae79cc6f8daa930c04b2b78c8a983f289ba4f313,0.20411363,49,,false
noise_1000,3bef1e3131e94c54d5fcb80989789b8a7a4fba5738cdde0eb095054e022bed8f,0.111964464,41,,false
noise_1000,3bef1e3131e94c54d5fcb80989789b8a7a4fba5738cdde0eb095054e022bed8f,0.15235096,46,,false
noise_1000,828df570bbc27eaacb87a4e2b6ac445f2c44c63a9455c685c3066929ed701f67,0.17313044,49,,false
noise_1000,828df570bbc27eaacb87a4e2b6ac445f2c44c63a9455c685c3066929ed701f67,0.14434616,44,,false
noise_1000,8840304c4845f77d76eb65e5d75830b98eb5bd258c4800143db1e7e438e65e92,0.17518115,50,,false
noise_1000,94ae47c958b346d32f4f035927c1d48ccaa7085da671812e18413da0320df826,0.14015566,47,,false
noise_1000,de8c9d15939cc7cfad44b67c917f6b521683293271f3a7498f23c505026e437c,0.18325236,46,,false
noise_1000,de8c9d15939cc7cfad44b67c917f6b521683293271f3a7498f23c505026e437c,0.19519998,49,,false
noise_1000,cba92665a9a0e45435e136f725b92f4cc6d52a30040888056a66dd00a6cb81e5,0.15339126,38,,false
noise_1000,cba92665a9a0e45435e136f725b92f4cc6d52a30040888056a66dd00a6cb81e5,0.2071648,50,,false
noise_1000,4f6a187390640fb68744e0c65ea93b0156f2bb8467f289c2ac527e746f4e9b77,0.1485401,48,,false
noise_1000,6dd98b457ed7117f3aa7507bb9c0edc6c0285914f9265b3b054aaa7b8f1788db,0.15092994,42,,false
noise_1000,db1b1e44e8dc95c86b569a5cb7c6749b3433f5e6a3cf8febf9137e8928be8d7d,0.09513526,39,,false
noise_1000,db1b1e44e8dc95c86b569a5cb7c6749b3433f5e6a3cf8febf9137e8928be8d7d,0.13463962,51,,false
noise_1000,db1b1e44e8dc95c86b569a5cb7c6749b3433f5e6a3cf8febf9137e8928be8d7d,0.16246691,51,,false
noise_1000,da569f807b079f01b29cbcd4e3af212a19ce8733acceba67a918f89dcc318823,0.16221711,47,,false
noise_1000,da569f807b079f01b29cbcd4e3af212a19ce8733acceba67a918f89dcc318823,0.15637384,39,,false
noise_1000,d86f46b4935872556afa496cd50ca2c41dce29f75a0eb2565b3806f2d1bad72f,0.27074218,57,,false
noise_1000,b1e892c7fa45fb589e2cce3842c2f50421c609cf7b57a1f9d44f59ac2d49c4cd,0.1425551,42,,false
noise_1000,b74260e70e40a827ae7583b071369716339800e3134e9b12a2392726fbad82c6,0.139034,46,,false
noise_1000,b74260e70e40a827ae7583b071369716339800e3134e9b12a2392726fbad82c6,0.13306798,45,,false
noise_1000,56bed357c51cfad0257e0972d455f9ec878a4aa4a5163aedd7a261bf2ed18997,0.15783347,56,,false
noise_1000,b0f22a33cc3167523c76780d3ca01646046aa9917e147406c8570b98f894567c,0.19998103,50,,false
noise_1000,a5f1f132b7aafc8cd7dc74ff181d433a954358910a9be64ae9130f7ed32c94fd,0.16217643,48,,false
noise_1000,73306bc20fffc9c2da7a302c695fc404debcc8a710e136b2bb453b5e1aec0372,0.15192458,51,,false
noise_1000,d98d6936eb790cd1e63024396247e1c563451b8dc2db00f83d3c33554f67360f,0.10161553,38,,false
noise_1000,d98d6936eb790cd1e63024396247e1c563451b8dc2db00f83d3c33554f67360f,0.15644385,44,,false
noise_1000,794e09858c01967f255d76b4da033097b232e75dacb162b11788fa142889b117,0.15386666,42,,false
noise_1000,794e09858c01967f255d76b4da033097b232e75dacb162b11788fa142889b117,0.16458184,48,,false
noise_1000,cf23207ee3b02e7d6b26828c6b3d6dbe7730c6884a8642d0e95ea203f375b556,0.1802233,51,,false
noise_1000,cdf932ee7a3fa9fd69f5789788ad269c56a48717bb13a3a86dd67e88b327ac5e,0.18210883,51,,false
noise_1000,cdf932ee7a3fa9fd69f5789788ad269c56a48717bb13a3a86dd67e88b327ac5e,0.18277894,55,,false
noise_1000,a6d0c10448440712e09c0d89623e2f2c2de280f3132b36f9804b054eede7af4c,0.13320932,39,,false
noise_1000,7e0cd7e79b57709237dca30d4c608c8292372e47265f4703f353f1e624bda457,0.19655739,55,,false
noise_1000,7e0cd7e79b57709237dca30d4c608c8292372e47265f4703f353f1e624bda457,0.15344056,54,,false
noise_1000,609d8e8c43f3dfda69d884b334f63cecf80d54dac004458bf270dcdeec172c9a,0.1610257,55,,false
noise_1000,609d8e8c43f3dfda69d884b334f63cecf80d54dac004458bf270dcdeec172c9a,0.11344028,39,,false
noise_1000,02633d810b6d6108355a955d24409179e480f6769df268c571c7f1ce722dd1cf,0.17748754,48,,false
noise_1000,02633d810b6d6108355a955d24409179e480f6769df268c571c7f1ce722dd1cf,0.18395296,46,,false
noise_1000,8d11d23033f65d81d358f179c3c75869bd973a3a379965f413e80523b85fd278,0.19228914,47,,false
noise_1000,8d11d23033f65d81d358f179c3c75869bd973a3a379965f413e80523b85fd278,0.23000154,61,,false
noise_1000,9c9a6fe065d2ec6794715426bc500f3e6bab9ecad8aa4cf6261c9815412990e1,0.16835472,52,,false
noise_1000,d16d64a52cd441d2fc36db636a4d2733da9d6171d572b224fbba156bdb732c0e,0.09993263,37,,false
noise_1000,fa97801a9b698cae17c36ac2de675547fb7d229bba7a0bfcbb710203cf028568,0.13545503,43,,false
noise_1000,fa97801a9b698cae17c36ac2de675547fb7d229bba7a0bfcbb710203cf028568,0.20509467,53,,false
noise_1000,df4158051b12c23dfa4b963ce16e450b8fec38f9d81c001b26ab2ab1c3137667,0.13500902,42,,false
noise_1000,df4158051b12c23dfa4b963ce16e450b8fec38f9d81c001b26ab2ab1c3137667,0.1630854,47,,false
noise_1000,c57cc4e1dab06e168ae103bdb374900f09ea202f0b2283318b64e3b6398a9d10,0.1196894,38,,false
noise_1000,c57cc4e1dab06e168ae103bdb374900f09ea202f0b2283318b64e3b6398a9d10,0.14774328,45,,false
noise_1000,59a0434fdd10c38e2ca58bf7f8e6266734e872f17fb932add832c97a3b9cfa95,0.17424469,50,,false
noise_1000,67e6f5abbb7add00c80e68d7c33fcf98c5505bf21902943b4e2786571b5a6f10,0.16291364,39,,false
noise_1000,52710e6e252e6459295269c0c9019812320825bd388f5ea6f76f3b6e434d4a3a,0.16742131,48,,false
noise_1000,52710e6e252e6459295269c0c9019812320825bd388f5ea6f76f3b6e434d4a3a,0.14031594,42,,false
noise_1000,52710e6e252e6459295269c0c9019812320825bd388f5ea6f76f3b6e434d4a3a,0.13021652,41,,false
noise_1000,1bfb73c0f8c66757dc4269fbfabe00ae39a520db8fb24c9c94a8482a61af7bd4,0.14103188,49,,false
noise_1000,6eba82b650f128f6b2f5209645a6c0cdcab836cb599e47b754e93e6b73f8d667,0.14860679,38,,false
noise_1000,bdd158c822e8fbff317529373d1c62fcb31bba93261ed1e7c7939a56481dca75,0.14420235,43,,false
noise_1000,e0f290eef840ae606b9a997630569554914d1edc8760c593fab12d431ef0ad55,0.14943677,44,,false
noise_1000,e0f290eef840ae606b9a997630569554914d1edc8760c593fab12d431ef0ad55,0.12465105,41,,false
noise_1000,1d269e8fae43f9a2a90b6b54aea727f4f37695b59cd5924b99883f5a921b7205,0.2535597,53,,false
noise_1000,1d269e8fae43f9a2a90b6b54aea727f4f37695b59cd5924b99883f5a921b7205,0.1941121,46,,false
noise_1000,658ac4da57629e64a9f9e92de9c6701aa2620d48b6def7a3bce6d75719be649c,0.25148055,56,,false
noise_1000,79a50eac6a451ba6785784f5904acaac5e2a3978169b3c4824808658d4a86bd1,0.16531707,52,,false
noise_1000,38b35023a0d2ae9b069c1bbaa638f2f2988342aed50c7e059915c3a585d6707b,0.1533001,45,,false
noise_1000,d85893d6999433d55ecadbdf2d865025b001618daf287011df892b3a68f5bbf5,0.1612052,45,,false
noise_1000,1377594f073ca707a00b0e1500c57818b2d796c9da27e52d0939d8e372f24b06,0.15837662,42,,false
noise_1000,eb6cafd248b4645f555b2171a28ed3042a3ecb05cad5c7d938a437fe68eddb53,0.11589193,37,,false
noise_1000,eb6cafd248b4645f555b2171a28ed3042a3ecb05cad5c7d938a437fe68eddb53,0.15800737,49,,false
noise_1000,eb6cafd248b4645f555b2171a28ed3042a3ecb05cad5c7d938a437fe68eddb53,0.16223133,43,,false
noise_1000,04697869b6022dfc3826b529b5464ab8e767669514be969a4dcfc1f06633d350,0.1808217,54,,false
noise_1000,514450e44fd8330177cc34637bff24487c48ee92d31d97232de89c8c2eaea02a,0.1743855,46,,false
noise_1000,e17956acedbefb2e034042e13364f8c7b8aed94dbcecef120277e03514d28109,0.1253591,40,,false
noise_1000,21a1d1ee838e74c911cdc0c9eec13bfe22c07392f3058c51d29f0b6255fcea58,0.1397831,41,,false
noise_1000,21a1d1ee838e74c911cdc0c9eec13bfe22c07392f3058c51d29f0b6255fcea58,0.15466924,41,,false
noise_1000,18f4484a90cfc2f55f69510c1882d72c4809655e10eae42c02f0b48c6de18ff7,0.16891143,48,,false
noise_1000,18f4484a90cfc2f55f69510c1882d72c4809655e10eae42c02f0b48c6de18ff7,0.14300737,46,,false
noise_1000,341ef0f5c0181cdafe99e9393225909b9d8a762091b1c0fc88b9f00d6a27a783,0.16879436,49,,false
noise_1000,b508d65e013417f61d660f38ecec34a340d8d3ea3e9fe8651039123ade31114a,0.16517864,50,,false
noise_1000,58b2832fcadaa13e39228ba4a5cac034001c6cc91d30320ca144fd4633994447,0.12816203,41,,false
noise_1000,47b751bc0543362cdbbf524a0fd0079ccb380d89ea5d03e7f62e3146e57cb604,0.10184274,35,,false
noise_1000,47b751bc0543362cdbbf524a0fd0079ccb380d89ea5d03e7f62e3146e57cb604,0.1783222,53,,false
noise_1000,47b751bc0543362cdbbf524a0fd0079ccb380d89ea5d03e7f62e3146e57cb604,0.23481002,58,,false
noise_1000,f7647ec687776ef79b0837c009a8e3733c75ce84377026ffe3de1a5ba1aeb779,0.20024076,51,,false
noise_1000,f7647ec687776ef79b0837c009a8e3733c75ce84377026ffe3de1a5ba1aeb779,0.13386405,44,,false
noise_1000,6f0a41b8428a75483272304047ffce30d14c8dcd25017cf64011d219f815afdd,0.19030434,42,,false
noise_1000,96488fb348de919a940cb67ef03a889efba6d7655f25506a40e3d1ccf415145f,0.1566829,38,,false
noise_1000,0d13958492f8dbb7c3e5ee396a3b5f8e8e36e6d00587260bbb2d638b5e48bc01,0.17992039,51,,false
noise_1000,0d13958492f8dbb7c3e5ee396a3b5f8e8e36e6d00587260bbb2d638b5e48bc01,0.18075576,42,,false
noise_1000,3e9488dea418c91872efb17014a0d0fe3837782c4089a1dd63a71239f21b0ee9,0.15073138,45,,false
noise_1000,3e9488dea418c91872efb17014a0d0fe3837782c4089a1dd63a71239f21b0ee9,0.13587175,40,,false
noise_1000,3e9488dea418c91872efb17014a0d0fe3837782c4089a1dd63a71239f21b0ee9,0.23220782,55,,false
noise_1000,3e9488dea418c91872efb17014a0d0fe3837782c4089a1dd63a71239f21b0ee9,0.22365986,52,,false
noise_1000,d97872e0fb69799314cab35e45bf4fa961893176ed3ee584760d8fd154def1b5,0.1784337,46,,false
noise_1000,a5fecc97c582f258b3c5f9f7ebcc848bef0e36959c84654ec09dcb03f5e38783,0.19587958,48,,false
noise_1000,a5fecc97c582f258b3c5f9f7ebcc848bef0e36959c84654ec09dcb03f5e38783,0.16511086,44,,false
noise_1000,d32b78900492980218755546daf35d435ee7158832ee46a6b356d10a097a193d,0.27148008,58,,false
noise_1000,d32b78900492980218755546daf35d435ee7158832ee46a6b356d10a097a193d,0.18592802,45,,false
noise_1000,b148cf0e1f1d4498a8b66989a1e82ec5e340a9e14633bee4338d262406492176,0.14864245,45,,false
noise_1000,62ed15aaa5425b1a1d7d327ef0241b9a4afb39abfc3de7d53468e9df9e0ca4be,0.13370895,43,,false
noise_1000,9f1dbdd1205309ed49d646205c8e0914fa335048e4870c52d8b81e87879d4047,0.16561688,46,,false
noise_1000,de1773218295005843d4d03a5b1338e00af6a61402123c067d089fdacacc0b9c,0.13924477,39,,false
noise_1000,5094050a6be0cc2f0a78fbcb1a494929de7706549acc2847b73be70e37b79c48,0.21061696,51,,false
noise_1000,5094050a6be0cc2f0a78fbcb1a494929de7706549acc2847b73be70e37b79c48,0.12847596,33,,false
noise_1000,5094050a6be0cc2f0a78fbcb1a494929de7706549acc2847b73be70e37b79c48,0.08526617,30,,false
noise_1000,6b78f479941b99e3a4f9df88eaa103adfd6705a1314682dd5ff0ec2fc90f270e,0.17782718,47,,false
noise_1000,c696f6e7d2e4402c2477b39f1ee20c1cbb146e4ad149dfbaffb11322c877a748,0.19109884,48,,false
noise_1000,40b7e3241cc58a0666c22e500dd1d33d54969234312dcdefbc01105a0115a8c0,0.13428159,39,,false
noise_1000,4b2d17af9984cdf536feb2b74955fa532bdbf04648c88cd005daa6ced742ff20,0.124097325,36,,false
noise_1000,71019da2427590f2ba5949b58044a4e305247ef0f70e8171ddfec2d39e0b9afa,0.16818693,50,,false
noise_1000,71019da2427590f2ba5949b58044a4e305247ef0f70e8171ddfec2d39e0b9afa,0.19856977,50,,false
noise_1000,71019da2427590f2ba5949b58044a4e305247ef0f70e8171ddfec2d39e0b9afa,0.12639086,38,,false
noise_1000,63b0ae2533b02280afd6b7d74141d8dd9237651a2fe70dd5f17f3ad76e91d80b,0.19314519,47,,false
noise_1000,63b0ae2533b02280afd6b7d74141d8dd9237651a2fe70dd5f17f3ad76e91d80b,0.18640274,43,,false
noise_1000,5e2c6b1733eddc895687bb098d9af9236341655eda4ac6c9596df1b7f7f7c945,0.21926372,60,,false
noise_1000,3feaa68ce8fe5a4f11a407f7acc7d1abba0a224bea8aa27c03757fb5ffd0e58b,0.148638,38,,false
noise_1000,36840d1b91d8930553bac045062335fba567ebbff273fe301793837b05988bc8,0.16212092,44,,false
noise_1000,cbbc514d373aa926db6f3ec193f79a794fdc1fa1e3f1888c15ec6da627dc1661,0.21901377,46,,false
noise_1000,dcf6e3af9eb80eb05d0a9cc3fc8617e81ada3c8b8da91e21b3f643b66400398c,0.23593059,61,,false
noise_1000,dcf6e3af9eb80eb05d0a9cc3fc8617e81ada3c8b8da91e21b3f643b66400398c,0.18160951,44,,false
noise_1000,5e45ff86608ccf101051bdbe56934171b66b9afa434912a7138c39c268586ffa,0.12988575,38,,false
noise_1000,7cd277b3792574afbf56cd26269848647d0e5f86c055a28e25d026beecceb9fd,0.24827911,52,,false
noise_1000,81fec66201153be626948e150e21f384e485bebf115cf6bd8de40189cf511423,0.18092893,43,,false
noise_1000,81fec66201153be626948e150e21f384e485bebf115cf6bd8de40189cf511423,0.13099296,42,,false
noise_1000,5d8bc5d5007934fa7debbcc910fd1124cceef75d62cb053f8e1060963a8a11de,0.13176557,39,,false
noise_1000,5d8bc5d5007934fa7debbcc910fd1124cceef75d62cb053f8e1060963a8a11de,0.18535045,53,,false
noise_1000,5d8bc5d5007934fa7debbcc910fd1124cceef75d62cb053f8e1060963a8a11de,0.21009041,49,,false
noise_1000,f90bce03d37bd503061903916ddd405462e51582307ad807639870de1f355a59,0.13306478,44,,false
noise_1000,f90bce03d37bd503061903916ddd405462e51582307ad807639870de1f355a59,0.17991823,50,,false
noise_1000,5347a542177778bf6d679f7de0d8a06d12a8805325f1d0e07d16ab52e7f26bb9,0.14446205,45,,false
noise_1000,325c5a800c081affe96b348931bab3b2edd5d1d331f7572a2b573edf41602610,0.13640271,41,,false
noise_1000,fc91ba6c5ceac3fcf5008cb68320a19cc6b83874a312673a1e674254a1620c45,0.084693745,36,,false
noise_1000,7229019b78d22764fae95bb8e37657ccf81bc7389beb59e4f4dfa929fa2ff7b6,0.15124007,49,,false
noise_1000,ccbf0c5b36e3b7bb7e21b4ff00ec360aef026b46c11f2e63481b8d527e60a8a9,0.15875126,53,,false
noise_1000,283821a51ff2dd8f57d0d98df5bd57a42a0d8747e3ac9ac87d04bfddf46a1393,0.17226306,49,,false
noise_1000,f909c0de62af6b53e6310ca028b26552fe2a29d918a78e245f163d295b121ce2,0.1716384,50,,false
noise_1000,f909c0de62af6b53e6310ca028b26552fe2a29d918a78e245f163d295b121ce2,0.15141442,44,,false
noise_1000,87e8d17d313eee87cd68186f52fbce6c850538711828b921e7e66e1d1df46fe7,0.15667729,45,,false
noise_1000,87e8d17d313eee87cd68186f52fbce6c850538711828b921e7e66e1d1df46fe7,0.17782578,42,,false
noise_1000,87e8d17d313eee87cd68186f52fbce6c850538711828b921e7e66e1d1df46fe7,0.14969052,39,,false
noise_1000,f2c4af23d05f31bb653553d018ef0a71f8a64f042415ce1b1eb79e9cd9ba40b7,0.14107457,45,,false
noise_1000,26dd64931cd9f37f0b1c212a306bdfe211b197813d59774cf48741ebf36a66e1,0.21600847,54,,false
noise_1000,26dd64931cd9f37f0b1c212a306bdfe211b197813d59774cf48741ebf36a66e1,0.23911422,60,,false
noise_1000,7e04ff82347efa1fa78bb04e6b5204a5dd314104e7f522f517a91c4dd2d218f0,0.14835742,49,,false
noise_1000,7e04ff82347efa1fa78bb04e6b5204a5dd314104e7f522f517a91c4dd2d218f0,0.15724052,46,,false
noise_1000,83fa8913e30b4d71d959c6708d2b95af044874505819772a0f92ad630cf7aaf1,0.18532126,53,,false
noise_1000,a24b4f0bc549e9bd9562e8cc7c3fdb9307b4a7792b535e3154813510501749b5,0.13132803,44,,false
noise_1000,fe8be6c86f4dbfab6f8648f2a39c458d537806310b874485bb2a2cf7d9136411,0.16523392,45,,false
noise_1000,fe8be6c86f4dbfab6f8648f2a39c458d537806310b874485bb2a2cf7d9136411,0.20567502,53,,false
noise_1000,098ae9148dab7b706d15e83d67b9940eedfa078a3155d68a29c67fd4eaea4e7f,0.21253051,50,,false
noise_1000,74a0dfab84773a805225a5f12b646fad4cc0b7dfe562b0861ad9be15be6aee64,0.12319164,38,,false
noise_1000,d41eb41f3ffbaa1beba4463ae2bb1743421abc3bfd0047357ab9480b8435b57d,0.17872642,46,,false
noise_1000,d41eb41f3ffbaa1beba4463ae2bb1743421abc3bfd0047357ab9480b8435b57d,0.15953031,41,,false
noise_1000,aa14d0b5fb74fab0a38780cd602da04436a47e4deb7c22123dc4fc6dbc52dafb,0.1266657,37,,false
noise_1000,aa14d0b5fb74fab0a38780cd602da04436a47e4deb7c22123dc4fc6dbc52dafb,0.2002235,45,,false
noise_1000,a0c6886fe13722a74eaf844653179c98a93dd8432637358c415e7f992426a4e7,0.17743242,40,,false
noise_1000,a0c6886fe13722a74eaf844653179c98a93dd8432637358c415e7f992426a4e7,0.18771444,51,,false
noise_1000,b69145c72fb4b685bec319cbef652efbbab509ba148e7bd2bc303d70556bb833,0.14991093,35,,false
noise_1000,00e63f0018575d3a421f1ecfc31a13ecb43308f41f69b012e4d19e78a97c98d3,0.14660077,41,,false
noise_1000,ed13ae7c4f1cf2aa49a7ff1ba1d125ea9769646479f2dae35210b85f2d3b3a29,0.19981039,53,,false
noise_1000,3a6f4230a86137bfdff310d74a27eee8082d5702d34223f534e30fd7fb0e53cf,0.118180834,34,,false
noise_1000,3a6f4230a86137bfdff310d74a27eee8082d5702d34223f534e30fd7fb0e53cf,0.14066505,43,,false
noise_1000,b16a152d7f06fa0e62a767882b7037e9723c9884f00c3bb0c567708e7eb46cd6,0.11835478,43,,false
noise_1000,f6fd2cc699551c8b56f8aa294f0ac662d1602443b5a6c31af206b95351ba1839,0.12001671,43,,false
noise_1000,29ce250b88edd7e93ff3d277f0f354064fd2ba22a9e2a05a03785e1d62e66193,0.17263398,47,,false
noise_1000,5b5458f47ce283965b761b274adc179d2f2c18406b2f4bdd946db162be8c8592,0.17252958,50,,false
noise_1000,5b5458f47ce283965b761b274adc179d2f2c18406b2f4bdd946db162be8c8592,0.17413169,39,,false
noise_1000,158d3a4ac2ad281d041ce929cb6cb1fa97ce5bf5c575047a4a90616625168245,0.10611817,40,,false
noise_1000,b33c7d12da467feda59802c7959482f58b171bfd7612bf92b729975e71b10299,0.15570687,46,,false
noise_1000,b33c7d12da467feda59802c7959482f58b171bfd7612bf92b729975e71b10299,0.16062236,41,,false
noise_1000,5d6dea599ac920b576a92c9fd338461133427eb1979435cdf6ad40541701092b,0.14020196,41,,false
noise_1000,5d6dea599ac920b576a92c9fd338461133427eb1979435cdf6ad40541701092b,0.14405762,39,,false
noise_1000,5d6dea599ac920b576a92c9fd338461133427eb1979435cdf6ad40541701092b,0.1173589,40,,false
noise_1000,b9a3453d560cc964ca64da8e0e522f9d1be1c69a24ac3011d484efd42d1aba30,0.1538237,47,,false
noise_1000,b9a3453d560cc964ca64da8e0e522f9d1be1c69a24ac3011d484efd42d1aba30,0.15346484,45,,false
noise_1000,4662f219bb8ef5ebbd1ea233248bf0e2225e75e07db99e127d4939f62fab5276,0.16588485,45,,false
noise_1000,4662f219bb8ef5ebbd1ea233248bf0e2225e75e07db99e127d4939f62fab5276,0.20222837,55,,false
noise_1000,273d42a09a1c02a1cd724ac7ba3598cc62ecf9cccc81cb1287b4eae8b45e4804,0.15567571,45,,false
noise_1000,273d42a09a1c02a1cd724ac7ba3598cc62ecf9cccc81cb1287b4eae8b45e4804,0.13780756,38,,false
noise_1000,0efa96b96eb1526db2ad897a1877a251976b8d743483ccf956d323b41fc5bea7,0.1348369,42,,false
noise_1000,0efa96b96eb1526db2ad897a1877a251976b8d743483ccf956d323b41fc5bea7,0.15226193,39,,false
noise_1000,9e603aadb1ff2e06bd28ac8cb27fbd7eeb8532eea63a3e6563c1f2495c578ca2,0.20441125,52,,false
noise_1000,fcc2858e9612a5f95fd768be57add5679a71284b44829ad3037f1bdb645922fe,0.22718689,49,,false
noise_1000,fcc2858e9612a5f95fd768be57add5679a71284b44829ad3037f1bdb645922fe,0.18751504,45,,false
noise_1000,0ea44ae12f7a4efaf26e5869f6ff6d30ec8dff21dac57db33f61352631792da5,0.16941792,51,,false
noise_1000,53e5856aba64a23c34b6243ab400d97892c883ce3103d272c2334b1c02341be7,0.2953958,58,,false
noise_1000,55c607cb37663425887051c9dab004f1d472add79f3d9a36511f804f901f8cb5,0.13105924,42,,false
noise_1000,0de455fa093868d6ee52c31817fc03f87f84041d4c240652dab0518cb4b392d2,0.1918145,47,,false
noise_1000,b1f9fa984ecb75c47e8021ff99afd8d1a47a288f072d898675c3d917d1ad374e,0.16920839,46,,false
noise_1000,d5eda53daf58a67ffe66c05b1f1079ca3e0b6f5266df4c3f3d272ddaf67bbb25,0.14705792,43,,false
noise_1000,1280d9f959f20d0cb686fb69606f646d5a46a5a121e6965493b3dfbea28a2760,0.21435659,47,,false
noise_1000,1280d9f959f20d0cb686fb69606f646d5a46a5a121e6965493b3dfbea28a2760,0.20323619,53,,false
noise_1000,758ee7015ff688af221f6acd758f817afb4a82a9103b0762a6a4bb7f0dacbcdb,0.12807104,40,,false
noise_1000,9d4c516ae7581b2d79c7d2248d7ea0a299fd70223e5d7e7d848f33551a987f59,0.1473202,46,,false
noise_1000,7986adb2e01096f80699561f931cd6d5ae3ffa38983a30d6e81b13743d16c656,0.15069146,42,,false
noise_1000,47b40c0fe2cf6fb1e88b78e61e8b268164d9fb8d888c30ceb00108d7aff8091b,0.13430111,38,,false
noise_1000,18016db56c08948478a3f823c7231543b66e93daa3bfbe058ce0619fa229767e,0.14941324,45,,false
noise_1000,18016db56c08948478a3f823c7231543b66e93daa3bfbe058ce0619fa229767e,0.17940107,43,,false
noise_1000,bb016fe6074cece8dff8fdc70c0eeac6251864c26bc3866e87cf2231090b84d6,0.1414834,40,,false
noise_1000,ec4e579f93145886178f175a39d94a799d12bcfbdf73582db16858de5f0e0478,0.12745196,40,,false
noise_1000,6cea33c6651388b12117c163f1955ecb35df9d1339eacd1f0a943bec105dbb03,0.14474036,36,,false
noise_1000,580a407574343eecef30abb37074b8a0acbcb6e86507290eb044df10a6019fec,0.20279507,50,,false
noise_1000,580a407574343eecef30abb37074b8a0acbcb6e86507290eb044df10a6019fec,0.20921981,49,,false
noise_1000,580a407574343eecef30abb37074b8a0acbcb6e86507290eb044df10a6019fec,0.15070628,41,,false
noise_1000,85d6b0b4364acdec6575a86787f833f6b893285efd0bae1016ec252d7087ea0e,0.29156762,59,,false
noise_1000,bed156da7729be1610e480a8b0289a53c7ba504aa33bdc03bdbd5948e336c558,0.12459757,41,,false
noise_1000,bed156da7729be1610e480a8b0289a53c7ba504aa33bdc03bdbd5948e336c558,0.14222184,48,,false
noise_1000,bed156da7729be1610e480a8b0289a53c7ba504aa33bdc03bdbd5948e336c558,0.15573998,49,,false
noise_1000,88d0d9e6072f14c016258faec58b0a2c768d940bf2c9946e90979935ea318abd,0.21018465,53,,false
noise_1000,88d0d9e6072f14c016258faec58b0a2c768d940bf2c9946e90979935ea318abd,0.21423987,55,,false
noise_1000,88d0d9e6072f14c016258faec58b0a2c768d940bf2c9946e90979935ea318abd,0.11956843,45,,false
noise_1000,01771c9afa783482964b4f9392faea9c41c0c868126cad09467274dd9937539c,0.16532029,45,,false
noise_1000,3fb07fa1f37e7f34fb9ac102f46ea7992f1c63997dcec165989d9e7338294fb3,0.18255481,45,,false
noise_1000,332d5c37dc71a172c6bb926ca1d0cffff4f8308691c8a28abd40610cf5b267f4,0.114673376,37,,false
noise_1000,888f123060c0b3de6fe507b8a9485003a3f0a6e266c727ca625372be4f59d118,0.11534074,36,,false
noise_1000,70c5a9e71c847b4353b2c0fd2329923163c0f1fbd6f722a6b005a475756aec62,0.19794156,45,,false
noise_1000,4f1058967cb20718cfce4ce78431cb3e9f315414ad9779403c245afddcbcba3a,0.105941564,42,,false
noise_1000,4f1058967cb20718cfce4ce78431cb3e9f315414ad9779403c245afddcbcba3a,0.12247352,42,,false
noise_1000,c529db88cee566dd980a6e5c1494b7615934f133d1c49f846fbb320bf1e8cb8f,0.16820401,41,,false
noise_1000,3acda5596c26811e82ed2b074e94487c854ff90f12118a63c6d251efe44f92d8,0.14996107,39,,false
noise_1000,c972b7eb4099f8836d13bd13e5194df63b4544ed6cf37f02e70162c488d1cb0b,0.16134802,44,,false
noise_1000,c972b7eb4099f8836d13bd13e5194df63b4544ed6cf37f02e70162c488d1cb0b,0.11867086,38,,false
noise_1000,09b01dea2b1e2de1d3cf92bf14b3d9a5ef13a7d01d8fcace0610dfee76c217a4,0.1695971,43,,false
noise_1000,09b01dea2b1e2de1d3cf92bf14b3d9a5ef13a7d01d8fcace0610dfee76c217a4,0.13780487,43,,false
noise_1000,09b01dea2b1e2de1d3cf92bf14b3d9a5ef13a7d01d8fcace0610dfee76c217a4,0.1452172,45,,false
noise_1000,e00704b09367b383f9d84d320454268bf1bdbd33f9e3305e91224d44c3d9eaad,0.21143325,44,,false
noise_1000,1acaf8936ea0439f597383edfcddc7ffc9a065ae448c0d6654f11edc85635acc,0.13976738,42,,false
noise_1000,1574b7a3d0a9b03bfdeae3f61552a2e3832e19ccb7ec1198c04084ac79efdff2,0.14166243,34,,false
noise_1000,55f20f31191c83c24cb7c7dfc0e9692cce447bc26e29563dbea668e6cfbadd0f,0.11932763,41,,false
noise_1000,55f20f31191c83c24cb7c7dfc0e9692cce447bc26e29563dbea668e6cfbadd0f,0.17993726,44,,false
noise_1000,55f20f31191c83c24cb7c7dfc0e9692cce447bc26e29563dbea668e6cfbadd0f,0.21814771,53,,false
noise_1000,45b1ce1c4c1864f2b7ef787413874bd0bd83a8a0faa6b214cf8e1d41ffd7fec7,0.21989399,49,,false
noise_1000,45b1ce1c4c1864f2b7ef787413874bd0bd83a8a0faa6b214cf8e1d41ffd7fec7,0.2312329,54,,false
noise_1000,7b8c49a8106fd5d669db93c9bd3fb8d89f5137bd41bf0cad38c9913b27fc3c6d,0.12715963,41,,false
noise_1000,3f18147b65c7f2058692e36736cd8f08729f58ae3db1fc412d9d0f1576164070,0.17871445,48,,false
noise_1000,6bbf6d8d3f590378f9a948b4dc01ec1c34f8f7e65893c845db80a12314090ec8,0.13455822,42,,false
noise_1000,5da2de9a39f095cddfae38a22d96a4959f63307a9cc808da50cdfad37138bd13,0.280313,65,,false
noise_1000,5da2de9a39f095cddfae38a22d96a4959f63307a9cc808da50cdfad37138bd13,0.113605045,39,,false
noise_1000,5da2de9a39f095cddfae38a22d96a4959f63307a9cc808da50cdfad37138bd13,0.16255845,46,,false
noise_1000,0ec54c4a9bab2d12714e6ce49ca4f25173c22cb32461b5796dabdc9dead9d336,0.17867498,54,,false
noise_1000,0ec54c4a9bab2d12714e6ce49ca4f25173c22cb32461b5796dabdc9dead9d336,0.15119891,42,,false
noise_1000,010236b90fc217c89a2aa2cc73b7823d99473b22cf7eead2bee1fd4b4cfdec12,0.13351244,41,,false
noise_1000,c1bf06f98da404f5a804cd9cf031bb06186d0d020a5ca99a36cfbe82d8f2319b,0.1619268,41,,false
noise_1000,c1bf06f98da404f5a804cd9cf031bb06186d0d020a5ca99a36cfbe82d8f2319b,0.15930083,48,,false
noise_1000,79d35a48f4ad0e35c13c05a1fca19da021a2f63e7fc5993d695278c9511e1fa9,0.14744313,40,,false
noise_1000,79d35a48f4ad0e35c13c05a1fca19da021a2f63e7fc5993d695278c9511e1fa9,0.14736204,38,,false
noise_1000,a42845989eafbb7121b71d87d17f1371c3d0a78be71c37a4fef77de11810d93a,0.15827659,44,,false
noise_1000,c63a217c678b42f555623764908ad252f4060d0615e5dc4cfe298369053dee60,0.08486823,30,,false
noise_1000,c63a217c678b42f555623764908ad252f4060d0615e5dc4cfe298369053dee60,0.13081919,49,,false
noise_1000,9235d70aeb2b32acd9f140484abc3e8f860367f2a14f035dbad5cca30d3943c9,0.32144818,61,,false
noise_1000,b0be3a4f526b4c8dca3878f6f09e89433ee5aebc5646bc2e25c08e536206fd93,0.1481624,48,,false
noise_1000,caf36a1ccb5586368ff2066159a812f6d9b9bcc6163048748094042f64b93b9f,0.15532346,46,,false
noise_1000,9f3a97f22b37c54eba3731383b56be4ea4a9db6f523b82413df46b9d94447927,0.13504541,48,,false
noise_1000,9f3a97f22b37c54eba3731383b56be4ea4a9db6f523b82413df46b9d94447927,0.16478692,46,,false
noise_1000,9f3a97f22b37c54eba3731383b56be4ea4a9db6f523b82413df46b9d94447927,0.15825048,47,,false
noise_1000,456919f30ee145684563f6d4a106d6608fa89b45f46421d46c047f7bb0bc8abd,0.13643375,39,,false
noise_1000,456919f30ee145684563f6d4a106d6608fa89b45f46421d46c047f7bb0bc8abd,0.21173753,56,,false
noise_1000,456919f30ee145684563f6d4a106d6608fa89b45f46421d46c047f7bb0bc8abd,0.17039108,43,,false
noise_1000,4b656bf6a7e67d484bf219b960e873ea89b11fe52a249d07bcfe06a99a38db45,0.15270366,45,,false
noise_1000,758d428569db206ca9c7888738aeb26a4425db4fa6d1ea79b77f987ecf8f5719,0.15595052,48,,false
noise_1000,a59c0cb2a200d6cdf19e1cc4f474521cab17c7c2dea4311f7e78c0efab620c2e,0.17166239,43,,false
noise_1000,18eef30f91882f3a46fb63e53d77f6e8eaccc123a938f8c49d89a334a4a2b502,0.14823848,42,,false
noise_1000,18eef30f91882f3a46fb63e53d77f6e8eaccc123a938f8c49d89a334a4a2b502,0.1883018,53,,false
noise_1000,c859a7ea0c8d92c225b59ee54853d3aa2eba0f83e86e911da37dfb015eb528aa,0.12891774,39,,false
noise_1000,141f325d4fdc929c088d6f5fb8ecec8730ab1c20a5d92689f8c9e26d8bcc1d66,0.17847747,47,,false
noise_1000,9612f5d7a3a00bb80ad30565798d349cba15ab21e7f3c216c0284cfb74cfc9d0,0.13793407,42,,false
noise_1000,7fb09fd80a25d176673f690242e6a5def845599395fb59488cf415b078a69954,0.23829554,56,,false
noise_1000,7fb09fd80a25d176673f690242e6a5def845599395fb59488cf415b078a69954,0.15371393,47,,false
noise_1000,237d3e2d3dba7a9aacb8263da9a69400deb4f444a298b76b7624101a168d07bd,0.16769953,45,,false
noise_1000,1f86e4423369a92b91e966f69d4a3e09f9a4395c134d005817e792d2edc2d6d5,0.16713092,51,,false
noise_1000,1f86e4423369a92b91e966f69d4a3e09f9a4395c134d005817e792d2edc2d6d5,0.16212223,47,,false
noise_1000,8300e039a8806a6520c72559bdc69936a7a9ea640ba6bc25a8dc783f5cb7124b,0.17108661,49,,false
noise_1000,a3eafbb09ee7cefc9c243ba53ad08dd1565d7c30af7416fc73bc7fca3e1d020a,0.1845991,44,,false
noise_1000,712e10adbe7b327100d164babe12334ffb9a346c020d4cf3bbbeaf23122f19c1,0.14345752,40,,false
noise_1000,712e10adbe7b327100d164babe12334ffb9a346c020d4cf3bbbeaf23122f19c1,0.1493256,45,,false
noise_1000,c0e7a8e84c49baab701777bed4a7053d8d3f47e37729c544cebff022b858935a,0.15459982,44,,false
noise_1000,c0e7a8e84c49baab701777bed4a7053d8d3f47e37729c544cebff022b858935a,0.11626097,36,,false
noise_1000,dd0206c8b1f20754378f9910fedb24d3b5b81ce8969a504aeb9cbd5ad435e8be,0.1353295,41,,false
noise_1000,8e728c5ae2102f3759d7a025f563e62593e8c787c45cc649832ceaa5fd6dd8f4,0.14941576,39,,false
noise_1000,8e728c5ae2102f3759d7a025f563e62593e8c787c45cc649832ceaa5fd6dd8f4,0.14244004,40,,false
noise_1000,2e5350f1122955ccce80bd1d353802407c6f0a106791fd09f5e50ec11d4dc294,0.14009546,44,,false
noise_1000,bd51f4d5add7a33f3a09c77afe02786d706e835855fb44ae5929d5d40c1b5d8f,0.19114773,49,,false
noise_1000,6bffd581164e8944b79f2de395e7bb2845829476b4aa92fdea7c7705709d75fa,0.15620755,47,,false
noise_1000,6bffd581164e8944b79f2de395e7bb2845829476b4aa92fdea7c7705709d75fa,0.18640655,46,,false
noise_1000,ca5d5830370741735c5b2e5d922471a107b208501eecf90277f39e21f772cf47,0.122129165,35,,false
noise_1000,2bfa319047d31ba021c779ee490a0e2db5cf2b0dc7e3774296f6ea7c5b0a7deb,0.15476823,43,,false
noise_1000,b27f789a07dc21966db5511b98f67326a9dfccb70dc33ebc9d4a1db91222b9a3,0.19324064,47,,false
noise_1000,b372ed9378d5f06a05ca05dd613989f60ad3792c7d7f0328010dd9096d26ac4b,0.14994958,49,,false
noise_1000,b372ed9378d5f06a05ca05dd613989f60ad3792c7d7f0328010dd9096d26ac4b,0.14053836,39,,false
noise_1000,b372ed9378d5f06a05ca05dd613989f60ad3792c7d7f0328010dd9096d26ac4b,0.21428713,55,,false
noise_1000,72d06b07a5cc5a216e05ac943c223a10534575c467ab31d8bb72d82e9af89f60,0.14939484,54,,false
noise_1000,9a90e9ddcb8e6c839280d2cd31b307ecc5c34b15d76629176d45b51e37c3bc6e,0.18749748,48,,false
noise_1000,3f9867d9a8cb4a3c0385f73c3c405cb830c28b8ea580a0ac1f67f2e4139f7a8d,0.12474977,37,,false
noise_1000,017f12b61161c87d3cf46c65a95cb1a3c05677b66c89a63da3ce57243119a819,0.16379838,50,,false
noise_1000,e427ec0047dd758ed05be3a636761a85c2596e7398b34f7d99dd2fd28e7834a5,0.16134928,42,,false
noise_1000,e427ec0047dd758ed05be3a636761a85c2596e7398b34f7d99dd2fd28e7834a5,0.14634226,44,,false
noise_1000,13bdc729ffebfb9fa35a9c1b2f2148874959fef9f08ed939b3c68f7ff25b6aaf,0.1422801,51,,false
noise_1000,13bdc729ffebfb9fa35a9c1b2f2148874959fef9f08ed939b3c68f7ff25b6aaf,0.13807233,40,,false
noise_1000,51d9560a5a87514bd215231b9cd417e565373d8a8852318c30c83efc8ac6a658,0.13394721,39,,false
noise_1000,a6322b56375b30511805fdb539115e631eb903f48c4738c93fa85b99c9e7a0c7,0.16816197,46,,false
noise_1000,5d6c3d597ea12c759e4a16ee4084c9983df8ff0b38952e0832c551aa2d3352f2,0.15106985,41,,false
noise_1000,5d6c3d597ea12c759e4a16ee4084c9983df8ff0b38952e0832c551aa2d3352f2,0.18337102,46,,false
noise_1000,5d6c3d597ea12c759e4a16ee4084c9983df8ff0b38952e0832c551aa2d3352f2,0.2758191,61,,false
noise_1000,44fb5a87ddd5101e77a54e85d9b0dec3227efe412738098c6a1ae9fec2c00944,0.1482862,44,,false
noise_1000,b89dd9d908787e19595ea91a49e3110cc7cae92ab69f7eab441c4f03f78d0ce0,0.17768112,49,,false
noise_1000,8356c1d447aaa54022319155672bd066f3e90f33bf2e4fd7aa156240ab9d3512,0.10457933,36,,false
noise_1000,4e2662e736e36c4c6f09ffe6b8e6beef83743ab6e9e8794ca61f883c3e7d8ea8,0.12943797,41,,false
noise_1000,4e2662e736e36c4c6f09ffe6b8e6beef83743ab6e9e8794ca61f883c3e7d8ea8,0.10582394,31,,false
noise_1000,4e2662e736e36c4c6f09ffe6b8e6beef83743ab6e9e8794ca61f883c3e7d8ea8,0.16539861,44,,false
noise_1000,8990eaf235ab4a443d9c0427d008ddbbad6cf601aa99949e82d71e42c43290ad,0.082751386,38,,false
noise_1000,c0c9bde01f84b6cf7720fdb084db384fa95a31fb92340d71454a33e5a5d4c82f,0.16098827,40,,false
noise_1000,c0c9bde01f84b6cf7720fdb084db384fa95a31fb92340d71454a33e5a5d4c82f,0.19773017,49,,false
noise_1000,82e9f6856b0e4e5f97e55886a43c1dd8d146250d5fdb3cca35b3eaa7d4e58397,0.2107853,48,,false
noise_1000,aaf90345576f5571fefe969a99deed721d35b105661e8dd878715ac5175e5ee1,0.16335127,45,,false
noise_1000,aaf90345576f5571fefe969a99deed721d35b105661e8dd878715ac5175e5ee1,0.20535997,44,,false
noise_1000,368acd86e603f5236a3280fbc8355f237302f162ea54cd0a9d29270746d23199,0.19287132,53,,false
noise_1000,c25e52ceb6acbdb6c61c5c4826a49da6d82988698ba8b3dbd37d07ccb32775d9,0.12287875,44,,false
noise_1000,bd4f194fdc3c1d39b7e6cfa7fa4a9282507deff29477c93845a33c3e4deefefb,0.15020321,39,,false
noise_1000,bd4f194fdc3c1d39b7e6cfa7fa4a9282507deff29477c93845a33c3e4deefefb,0.1447599,47,,false
noise_1000,bd4f194fdc3c1d39b7e6cfa7fa4a9282507deff29477c93845a33c3e4deefefb,0.21392743,57,,false
noise_1000,4ab74fe38997180a7554a2de77467f3091792e3b9434dbf9408abadea948f969,0.13365133,43,,false
noise_1000,4ab74fe38997180a7554a2de77467f3091792e3b9434dbf9408abadea948f969,0.13478385,40,,false
noise_1000,4ab74fe38997180a7554a2de77467f3091792e3b9434dbf9408abadea948f969,0.14506842,48,,false
noise_1000,4ab74fe38997180a7554a2de77467f3091792e3b9434dbf9408abadea948f969,0.17451736,44,,false
noise_1000,6b3ffc8cdcf3660c00a68e805bf36e6ec03e9a36228a39ddcbb05673b9da1b23,0.13108557,40,,false
noise_1000,3cd3ad85c46e86c9d4a251a11cbcbdcc2c51feb1874d2c4e642cf70b4a399c95,0.124659166,46,,false
noise_1000,62234c1e1fc1a942faf318bc52883fae373c0435934f6a75760e08636c9b0aac,0.17665443,48,,false
noise_1000,62234c1e1fc1a942faf318bc52883fae373c0435934f6a75760e08636c9b0aac,0.13205995,37,,false
noise_1000,bccaadf33b3c36ead24ae938ba1ed8dac484798bbba34253e40897a78cf71480,0.19627135,47,,false
noise_1000,cfc41b4e59f64e1aee6b56163cdffd68072b6e75c4e6a1a60bbada54301fd0de,0.22131084,53,,false
noise_1000,cfc41b4e59f64e1aee6b56163cdffd68072b6e75c4e6a1a60bbada54301fd0de,0.16284305,43,,false
noise_1000,cfc41b4e59f64e1aee6b56163cdffd68072b6e75c4e6a1a60bbada54301fd0de,0.1283687,36,,false
noise_1000,09ff9a2850e8fa4de9854e2366818945e1e023e343914f095453518b34799169,0.14165582,41,,false
noise_1000,09ff9a2850e8fa4de9854e2366818945e1e023e343914f095453518b34799169,0.14822996,38,,false
noise_1000,09ff9a2850e8fa4de9854e2366818945e1e023e343914f095453518b34799169,0.18075038,49,,false
noise_1000,09ff9a2850e8fa4de9854e2366818945e1e023e343914f095453518b34799169,0.28848556,55,,false
noise_1000,6060abd2e654e48431521cc8fda18dcafc43d94b56c4367876c3b42d5c848e15,0.18799083,49,,false
noise_1000,3e488f6100db58ec284c2fc14473f127043317e30022e52df73aa6c24ad63be1,0.17028922,44,,false
noise_1000,c4aba24564866f0f02c404a58b11e0699641d579d9c222f9185ccee6ebb2f0b1,0.14139342,41,,false
noise_1000,46d969bf3438915ac48a7a359e40ef9b6bef3c79669f8bb2b918744816def5fb,0.19173624,43,,false
noise_1000,528af7bc93b59ff2b6f0b57fee84e6c64d87bf2c249cf20421ef60c79cf59c1e,0.20736559,47,,false
noise_1000,528af7bc93b59ff2b6f0b57fee84e6c64d87bf2c249cf20421ef60c79cf59c1e,0.14377595,39,,false
noise_1000,7adfd41f96de06f5497f7a3e2b82dcbd843b1f94da0bdf4432a70d9fc51bbddc,0.1923382,48,,false
noise_1000,b0ee8fda70e072026557743cca6726104e4d4fc7a671e7b402bfdacff53a5aab,0.14903511,50,,false
noise_1000,5ab6e32a0cfdc1600046d557e29567cefc20051e31a2e2c357acdfb59df3e2f3,0.16375409,44,,false
noise_1000,f18fdf99dcbea024e4d36eea0cb19fda037a47c340d0553b6a8e7db3f21aafda,0.17073637,56,,false
noise_1000,f18fdf99dcbea024e4d36eea0cb19fda037a47c340d0553b6a8e7db3f21aafda,0.19006239,50,,false
noise_1000,f18fdf99dcbea024e4d36eea0cb19fda037a47c340d0553b6a8e7db3f21aafda,0.14749666,45,,false
noise_1000,72b8f1126d51c46271bedd024c6db58ecfe01426ada420c7f5ab8596dadc1be9,0.08780959,37,,false
noise_1000,c257130b1f73af8ff5c2a989de6a6abda3791519426207935ffa60b6e57653cf,0.13387984,44,,false
noise_1000,bea57c1ad2e5597faf548b2c1cb9fb7731f55f1cefca8a5edcad93b662fa6ddb,0.120731406,38,,false
noise_1000,bea57c1ad2e5597faf548b2c1cb9fb7731f55f1cefca8a5edcad93b662fa6ddb,0.15960516,48,,false
noise_1000,07cc3300a661e65d60b04c20db864b3db4885a41c7f36b8e694e9ceeec0bcc7e,0.26796797,56,,false
noise_1000,e2ce344335098b41ba4566de40f652486ec93c6cd4bf23147e9b5a1622956e67,0.19199671,56,,false
noise_1000,0eaa28a2d1e242803b8a68afcf1a9569b2bc373bef5185d80ed86cc96a61d885,0.1890895,47,,false
noise_1000,eb9a249763490ef86b5ac0de6a01e2a6e6c2e78fb0fafe49e7e42b1d81930575,0.14790986,44,,false
noise_1000,eb9a249763490ef86b5ac0de6a01e2a6e6c2e78fb0fafe49e7e42b1d81930575,0.1390499,36,,false
noise_1000,eb9a249763490ef86b5ac0de6a01e2a6e6c2e78fb0fafe49e7e42b1d81930575,0.14565125,39,,false
noise_1000,908dbc519a5d1ecda523e0498d6be2675c3fd5fa68d25485a628a6b85c7da17c,0.19678412,49,,false
noise_1000,475cb393c977eddf553c74913e80920031e5dda4344dbedec6accc3c712db9f6,0.17004788,45,,false
noise_1000,475cb393c977eddf553c74913e80920031e5dda4344dbedec6accc3c712db9f6,0.1963342,47,,false
noise_1000,67e02e4ef55ebf0860abfbf5f4a1c98db5756ecaad20d7f2865e700b783af1c5,0.08961595,29,,false
noise_1000,67e02e4ef55ebf0860abfbf5f4a1c98db5756ecaad20d7f2865e700b783af1c5,0.12639476,41,,false
noise_1000,5af1609c189948eb7b08f1e44bf7baddabf20a6e5962935513cca7ce225e3708,0.119192556,41,,false
noise_1000,255313f20edecc6e9cbc6095ad600ee84337b5e0b901784774b569933c615271,0.1142382,41,,false
noise_1000,255313f20edecc6e9cbc6095ad600ee84337b5e0b901784774b569933c615271,0.2190007,48,,false
noise_1000,20c096d652017010a997d07f06cee87af05eac79488898c120a97e4698e4b3bd,0.14851332,38,,false
noise_1000,e0c56e5858fbb9fab690cce73bf122997d9e72716c12d982786b1f1944b3dcbc,0.14116603,42,,false
noise_1000,7509111f52e35a1d781d275dff62a5667032b30da3656403fef07cd776845a28,0.15189157,45,,false
noise_1000,517fd84622eb1a33b63b728acff1220e6bd6b5c46101b373ba35416962be05a9,0.16615862,46,,false
noise_1000,2c71316266eba3d49d508fedfb8105e62f184b890e50a29b003974da28270e9c,0.15927833,43,,false
noise_1000,cacdcc834c595b55ea38653c0565ef1daade0e13c31b46ba54c555ec4f7c803b,0.18850474,51,,false
noise_1000,cacdcc834c595b55ea38653c0565ef1daade0e13c31b46ba54c555ec4f7c803b,0.112865955,38,,false
noise_1000,8a1b76797d5719c87a5b98b898c118dd7d8a874d75747cfd602afaf5c746b534,0.1376247,46,,false
noise_1000,8a1b76797d5719c87a5b98b898c118dd7d8a874d75747cfd602afaf5c746b534,0.17488782,52,,false
noise_1000,d595792e4360c7edcfc5ced61fb04aa55bb199e0774e47af2f87bafb33e1c0be,0.15226226,43,,false
noise_1000,fe5984cfdbe286a94893ca352cadd77fa8cd691679f34b7e59d216a610c045f6,0.14113455,39,,false
noise_1000,879f407fee46a4523f58b4c6437a148c6551dd49fa20837accc33103d347880d,0.17637174,48,,false
noise_1000,06865ec5c81385ba551ac94c06496b5fcff8fd866d69af8aacda786417d3d15c,0.1925724,54,,false
noise_1000,5f2ab07fbcb1f51bcacdbd5c2b278f184c5b501e8999c80689f5e4a0116e1c78,0.17571026,55,,false
noise_1000,5f2ab07fbcb1f51bcacdbd5c2b278f184c5b501e8999c80689f5e4a0116e1c78,0.15915169,45,,false
noise_1000,5f2ab07fbcb1f51bcacdbd5c2b278f184c5b501e8999c80689f5e4a0116e1c78,0.14238006,45,,false
noise_1000,5f2ab07fbcb1f51bcacdbd5c2b278f184c5b501e8999c80689f5e4a0116e1c78,0.16839413,43,,false
noise_1000,5f2ab07fbcb1f51bcacdbd5c2b278f184c5b501e8999c80689f5e4a0116e1c78,0.16626237,46,,false
noise_1000,5e67ce998044a377d3e6c39f0e6c971736cb992284db73a987405997e674fc6f,0.19013114,53,,false
noise_1000,5e67ce998044a377d3e6c39f0e6c971736cb992284db73a987405997e674fc6f,0.1466189,41,,false
noise_1000,28247e2b5fec4c0506611357f8e9cd1dd35698d858d7b5aea1f897b9f2f58843,0.112957515,38,,false
noise_1000,692a2e52b7a1df2f1115cbac0d60c1ea7b18d4cf894f22c32922210b381dc9ea,0.1585177,48,,false
noise_1000,032e8924060757bb56b14de80d884c2379bc5d8c183d133393ddf04ad8a30d13,0.18752487,56,,false
noise_1000,032e8924060757bb56b14de80d884c2379bc5d8c183d133393ddf04ad8a30d13,0.14851227,45,,false
noise_1000,b2152ac109f6c828a958cfffb3afa6a29ec9d3011631c81dee6983b0878525b3,0.13509317,48,,false
noise_1000,19b906e637488daeb9b39e2b111b5afb3baadc2de56fbc95549de7c74fb9e00b,0.097507976,38,,false
noise_1000,19b906e637488daeb9b39e2b111b5afb3baadc2de56fbc95549de7c74fb9e00b,0.13960275,45,,false
noise_1000,a485e74030c58d004d40c1c22913a9a6242765731a2cd25cb84423521f653e71,0.16040736,38,,false
noise_1000,a485e74030c58d004d40c1c22913a9a6242765731a2cd25cb84423521f653e71,0.17565423,52,,false
noise_1000,bc219abbce43384a9c4c5b6362c04fb5e04b3712babb6dd6436f321b3b2e2091,0.17722802,48,,false
noise_1000,bc219abbce43384a9c4c5b6362c04fb5e04b3712babb6dd6436f321b3b2e2091,0.14443584,44,,false
noise_1000,bc219abbce43384a9c4c5b6362c04fb5e04b3712babb6dd6436f321b3b2e2091,0.15046188,37,,false
noise_1000,bc219abbce43384a9c4c5b6362c04fb5e04b3712babb6dd6436f321b3b2e2091,0.17115785,50,,false
noise_1000,ee12a2e24c48a8e9d91fb860759ccc2b6e160bc8933285f93fbc9e31577c2196,0.14467588,46,,false
noise_1000,ee12a2e24c48a8e9d91fb860759ccc2b6e160bc8933285f93fbc9e31577c2196,0.16628951,47,,false
noise_1000,c733f66877c039600841d493642233dfff0f9b5ac46f7627dbbf1dd32932b98b,0.17405389,43,,false
noise_1000,513d293c2ad272c3590849267276c535138a4ef64e261420b6af9f0ad5041d44,0.23015831,55,,false
noise_1000,513d293c2ad272c3590849267276c535138a4ef64e261420b6af9f0ad5041d44,0.22170907,50,,false
noise_1000,cb9c1cdae3d4fb9d7882a3720e5a5a5b0742e25c7c39c2db1a249d16f6206096,0.14367335,53,,false
noise_1000,ea91c0ebb5bd62fcc17778cb4ff8aed63863f68cdb49d6bae190f1d069909afd,0.13966268,36,,false
noise_1000,5995ec58744a9d61fde1cd964240d17cd6b7b08214c292fdea4f6bd8f2af27d7,0.11230898,46,,false
noise_1000,5995ec58744a9d61fde1cd964240d17cd6b7b08214c292fdea4f6bd8f2af27d7,0.13459894,45,,false
noise_1000,53acb581d173f6e875f5f18592f102beea68169d3266e2922304aa6b69ccf236,0.19540042,57,,false
noise_1000,1a02a7fd08dd8510a90d4e8d1c5bef46b263da5350dd3824119ae03854508d60,0.12432403,42,,false
noise_1000,d3dca418c155ded997e168a7121a6763091ca78745248d95850e69e8f387b011,0.15179317,41,,false
noise_1000,a30e2adf52c5666b1925099edbd68867fd96e500020d20771adde7077d8e3b5f,0.14303482,40,,false
noise_1000,e2d492c83749f11fdee8813f70689bdeeea55e99d6dde5548311c1a2aab162bb,0.1415771,40,,false
noise_1000,15f396f930d26229107270c2cb010aee0390d125f3e37c820073bf701697d334,0.15264952,48,,false
noise_1000,15f396f930d26229107270c2cb010aee0390d125f3e37c820073bf701697d334,0.20344651,47,,false
noise_1000,6a29eca2e4b11022014433be43f895605e1812d6b29816e3c815e11850fbd1cf,0.1255135,39,,false
noise_1000,29d8120d57b1f476c5d8efa77e25ba7ca6a4f07e56fd703c546d142d50160e93,0.17366742,55,,false
noise_1000,29d8120d57b1f476c5d8efa77e25ba7ca6a4f07e56fd703c546d142d50160e93,0.18885534,46,,false
noise_1000,6eb7ea03377b309eeda1163e441fa06b261c0aece5800d8f648dfe35a3946f9d,0.28010496,55,,false
noise_1000,6eb7ea03377b309eeda1163e441fa06b261c0aece5800d8f648dfe35a3946f9d,0.20057078,45,,false
noise_1000,8f732ca05f7675d18bd21706a9e04674377c6d26cdda5f4453818e322ff14040,0.18833561,52,,false
noise_1000,f5155cf9ce0c49e8925974fd82622a8e346b603ebe20e630731aaaf3a4ab490c,0.17739177,48,,false
noise_1000,83c51675b15b159b80fc2ce98db89cc362e54bd34636c0471c3657909a14537a,0.18198925,42,,false
noise_1000,c17dce83a03fe0fc845f6273bd35df883f67bb416f97e930d6e5551207518ed5,0.15492867,46,,false
noise_1000,c17dce83a03fe0fc845f6273bd35df883f67bb416f97e930d6e5551207518ed5,0.23417787,42,,false
noise_1000,9c936a440f58dbd6e0a89cf61e17fb44cadf9bea083a64385d8bfacafec0eb0a,0.20524223,49,,false
noise_1000,c29a52ff5e73dcdf576384537fb3e33bbf245f10393381b51d8e37cd88417190,0.2064647,48,,false
noise_1000,c29a52ff5e73dcdf576384537fb3e33bbf245f10393381b51d8e37cd88417190,0.15728815,39,,false
noise_1000,3a201daaecb254c1f669777d42924d9d1441a3c2533db146a41fd8811483db8f,0.1771455,54,,false
noise_1000,3a201daaecb254c1f669777d42924d9d1441a3c2533db146a41fd8811483db8f,0.15430053,46,,false
noise_1000,c3c8804306499d25dab61726cce9a70e7dcabfaa9242cab568e61ea9f4d746fa,0.12696852,41,,false
noise_1000,13710cb43f75df5143e9f34ed0de7bc502185c0f68f5226986cac83452992f21,0.1434466,43,,false
noise_1000,13710cb43f75df5143e9f34ed0de7bc502185c0f68f5226986cac83452992f21,0.24942017,56,,false
noise_1000,dad8f42fb6a368ab8264feabb80ba1ef68921cbb4970340979cc8f4ba5f0605d,0.18442427,51,,false
noise_1000,196315348a41184bb94e85cafe9833531acdc9194811de2cbd1a0b1a5f729606,0.18221682,46,,false
noise_1000,6ee7677e7ab39cd3ea7b9a7189f3d36deec732ed274edfba4ef2350d27511b2f,0.2088971,49,,false
noise_1000,baa4e93e5e1b93e5a4c73ff0953bf35f61d6b56ca19bb97b029b307b3091b7bd,0.14784618,42,,false
noise_1000,82558b3ad29c5d2f8fca634ead61d4781f3db2345ff5340fccf3e854a56cf295,0.17464189,40,,false
noise_1000,82558b3ad29c5d2f8fca634ead61d4781f3db2345ff5340fccf3e854a56cf295,0.2327543,52,,false
noise_1000,8bcc90cf9c9c07b972c712f48eb76c53e1311010cd2c3a6cc87361a03ea64afa,0.18372738,45,,false
noise_1000,cc48d12aa7d001290bebe8c6467a2253c1a58cf93098c308b7b0ce637190a3db,0.23886698,54,,false
noise_1000,cc48d12aa7d001290bebe8c6467a2253c1a58cf93098c308b7b0ce637190a3db,0.13557647,42,,false
noise_1000,cc48d12aa7d001290bebe8c6467a2253c1a58cf93098c308b7b0ce637190a3db,0.17181836,49,,false
noise_1000,8d5677128f98efcff8c95179c3449f69f25490cd35453a494c290ae185e10e12,0.19530427,44,,false
noise_1000,8d5677128f98efcff8c95179c3449f69f25490cd35453a494c290ae185e10e12,0.1993625,52,,false
noise_1000,8d5677128f98efcff8c95179c3449f69f25490cd35453a494c290ae185e10e12,0.1582574,45,,false
noise_1000,84394ba2a03a7da101d90eeaf4719e9a0c7e78c8699381ca2535a9686e5560cf,0.0966682,33,,false
noise_1000,84394ba2a03a7da101d90eeaf4719e9a0c7e78c8699381ca2535a9686e5560cf,0.31499332,61,,false
noise_1000,84394ba2a03a7da101d90eeaf4719e9a0c7e78c8699381ca2535a9686e5560cf,0.14243577,39,,false
noise_1000,70367052573b84eee3825303850d7d2fdf06d275baad20c8b264bd2d000f5709,0.14464651,46,,false
noise_1000,f3193714c71d04668eee71cc397b42fc29b9d49821533e015d77cb855e66c21c,0.18333459,45,,false
noise_1000,e46e7357b468ecb47a800d53172fd69443f26a454f4eb69aba4f85a823623884,0.09762854,35,,false
noise_1000,57ab5b09dffa90eae8951c403d4575c10a5f460b2d2850a39ed4a76a2d919343,0.16724856,49,,false
noise_1000,fc9141ffd17d3e0a008d0b6e7247626ac8c792451eab0542e373907efe6c5a7b,0.12325745,35,,false
noise_1000,fc9141ffd17d3e0a008d0b6e7247626ac8c792451eab0542e373907efe6c5a7b,0.21127552,53,,false
noise_1000,2dd3d7c8cbc511b09a41644a967e7e49a6fb205a9f6fb90bb274d11601c9412a,0.14733517,45,,false
noise_1000,870fd039abce3343a84560fec7f26dfd0e63f5efb770b679248e25e0422fc56d,0.19241405,52,,false
noise_1000,a9c534b34027e1d3fcb397a253c77b036e640e6455895247f7c0300ba5b5c17e,0.15146896,44,,false
noise_1000,d564f364f1a185cd507eb18174e15bb3250bb23a5d36c964525903c7639bc3dc,0.20614298,48,,false
noise_1000,e736d44aac13a1dbf8d1d01457c28a02dcf993ba6697e61698e49864b18222fd,0.17982608,50,,false
noise_1000,e736d44aac13a1dbf8d1d01457c28a02dcf993ba6697e61698e49864b18222fd,0.1337458,44,,false
noise_1000,e061c17def7a9a184e001d443613d9d088c5357a2e03961d98603199672c2b72,0.16142896,48,,false
noise_1000,e061c17def7a9a184e001d443613d9d088c5357a2e03961d98603199672c2b72,0.1411594,36,,false
noise_1000,aeec2a11da4ffff9a88d7d326fbf965d0ae4aacb30ec8458a9cf8215b19dc3d9,0.121532775,38,,false
noise_1000,aeec2a11da4ffff9a88d7d326fbf965d0ae4aacb30ec8458a9cf8215b19dc3d9,0.20580512,48,,false
noise_1000,aeec2a11da4ffff9a88d7d326fbf965d0ae4aacb30ec8458a9cf8215b19dc3d9,0.18007687,42,,false
noise_1000,24fd4f6691207b28ad743df856cb76b75cea2ec6f503c83b400a80feaa727953,0.16170113,49,,false
noise_1000,efecb8952575a24fa4be15cc91d8e8f343e086b5c7e049120efa8ce64dd21ef4,0.17804031,47,,false
noise_1000,efecb8952575a24fa4be15cc91d8e8f343e086b5c7e049120efa8ce64dd21ef4,0.14074285,46,,false
noise_1000,63808e3f15d40873006205a932a16c0888e490d1c94411c7f7994c2cf4aede91,0.23690227,56,,false
noise_1000,c42083e8e20c72ed31334c69664a1d4ff0799955928318ae878fe9e4d43266db,0.17830239,48,,false
noise_1000,514bb63254de7c53734a3075f6a4fa7e26b04b08eb0cfc9d6e461cb3cebc86a6,0.123709545,40,,false
noise_1000,514bb63254de7c53734a3075f6a4fa7e26b04b08eb0cfc9d6e461cb3cebc86a6,0.166859,41,,false
noise_1000,e2cfbabd3506e04bb04d66fd5d7c575022d8c68cf0d5412c9e213b8d9c9eb6f3,0.1372882,52,,false
noise_1000,e2cfbabd3506e04bb04d66fd5d7c575022d8c68cf0d5412c9e213b8d9c9eb6f3,0.16302842,40,,false
noise_1000,1de71d4c754747196ee13c6d8754b5fcc61a12de47d6cb4f265c97682b21749d,0.21035913,54,,false
noise_1000,3d52c4e90083760b31501f303d55e958976a08343422659d9712913b7078a008,0.15911348,46,,false
noise_1000,3d52c4e90083760b31501f303d55e958976a08343422659d9712913b7078a008,0.13352066,39,,false
noise_1000,329fbc26c034660809d1b815a8024d926fce39b42a653ac81e37855b58c66edf,0.17232428,49,,false
noise_1000,329fbc26c034660809d1b815a8024d926fce39b42a653ac81e37855b58c66edf,0.18527664,56,,false
noise_1000,21c2cb6fc839adf8c7e3112d8eb559d0c6719555a2e2e4af329d01b0237a93ef,0.11305612,46,,false
noise_1000,21c2cb6fc839adf8c7e3112d8eb559d0c6719555a2e2e4af329d01b0237a93ef,0.16733444,48,,false
noise_1000,21c2cb6fc839adf8c7e3112d8eb559d0c6719555a2e2e4af329d01b0237a93ef,0.121976845,40,,false
noise_1000,4e3d9f5b3fcb144d31c92bd6e1f846a29b1c8b9e1768d4f659cb65d512472d69,0.19017336,45,,false
noise_1000,4e3d9f5b3fcb144d31c92bd6e1f846a29b1c8b9e1768d4f659cb65d512472d69,0.13169539,46,,false
noise_1000,4e3d9f5b3fcb144d31c92bd6e1f846a29b1c8b9e1768d4f659cb65d512472d69,0.1470858,44,,false
noise_1000,4d5717ed1bbb1d064247571a1d7dbe781d533c3f5904261743d25b0af90fbe6b,0.18760514,48,,false
noise_1000,54fce763080fa4587ad1f5e034b7003c0e0f04e81c874916626d513d97c4672b,0.12673527,43,,false
noise_1000,54fce763080fa4587ad1f5e034b7003c0e0f04e81c874916626d513d97c4672b,0.15747383,52,,false
noise_1000,3d85fd4e81161a2ad6a4c9144f34045923e0e3df8c8bf45569e1ff10658d676f,0.13966793,45,,false
noise_1000,e19fd4a64b138c3d60b124984031b76a6c35d480d232599b01114f6a56ed9cb4,0.1797533,46,,false
noise_1000,ac23f316b765d9e253fda31ee52155f78de5109fa842144b26de60890e1eb040,0.20282528,45,,false
noise_1000,ac23f316b765d9e253fda31ee52155f78de5109fa842144b26de60890e1eb040,0.12967777,35,,false
noise_1000,ac23f316b765d9e253fda31ee52155f78de5109fa842144b26de60890e1eb040,0.15764788,45,,false
noise_1000,0f63f9417fd07126a97f512f84879ce631da31ff96e969382e58da59bc2deb81,0.12738833,46,,false
noise_1000,69b43c4b405c67a3b18861033f901555fdd583a71ab482fe9a3d7e6aaa821a10,0.14264227,48,,false
noise_1000,050ae9aafd40eca0836cd4abc59b55bb9b0c5daa20fd3249e8fbdcf17dd20506,0.18488716,48,,false
noise_1000,050ae9aafd40eca0836cd4abc59b55bb9b0c5daa20fd3249e8fbdcf17dd20506,0.13028234,38,,false
noise_1000,47ad841b2a1dd5a9fab7f9fb0644521a010bcae88b0111457569c55e087cd531,0.1040008,32,,false
noise_1000,47ad841b2a1dd5a9fab7f9fb0644521a010bcae88b0111457569c55e087cd531,0.15557264,41,,false
noise_1000,86fe203c2b947cbbfbf75d0c96df9d89499352f02f7f141ae1d1e7a185a24009,0.084064245,36,,false
noise_1000,86fe203c2b947cbbfbf75d0c96df9d89499352f02f7f141ae1d1e7a185a24009,0.14135505,44,,false
noise_1000,86fe203c2b947cbbfbf75d0c96df9d89499352f02f7f141ae1d1e7a185a24009,0.16688128,46,,false
noise_1000,74638eb50f0090af5eee4f26114f7ad7e9c99a9f8d8c086797782fcf27e79d0f,0.16952686,54,,false
noise_1000,74638eb50f0090af5eee4f26114f7ad7e9c99a9f8d8c086797782fcf27e79d0f,0.17975387,48,,false
noise_1000,c078e4244e53afff571591214deda36a640a58803a47f52a92aae01b43be7bd7,0.16384117,44,,false
noise_1000,90b2bfdc5f1c06b6ed477fbfbeac527416dc921e408ca01de5df4131aa02920a,0.15636264,46,,false
noise_1000,90b2bfdc5f1c06b6ed477fbfbeac527416dc921e408ca01de5df4131aa02920a,0.15316936,42,,false
noise_1000,761f3ffbff74896b6c3760d8081cfb4961956894a03e41c43f2dc9f38129ce35,0.12910685,44,,false
noise_1000,20b48aa6b2bbafd442c514978bc3aa0ffa2ff5e9db1a34ad1c086e1b98c41dbb,0.15253574,57,,false
noise_1000,20b48aa6b2bbafd442c514978bc3aa0ffa2ff5e9db1a34ad1c086e1b98c41dbb,0.18473862,51,,false
noise_1000,cc76b152bf60332230359c54abc362a6a9ba03add1571b60cf9ea87529514527,0.11014216,34,,false
noise_1000,ccf1d34488cd6189e110a872ef83c3bb95662aecfe77677b278a851a7ff9f0d0,0.18100823,44,,false
noise_1000,1e9efac0c949fe1452cbeed7c6fbdbd53aa5653376610f67f2ecad8e9b04c200,0.18900026,52,,false
noise_1000,8fe4d3771c9a92bc8e967bde6cf7c77f9e62f05f201c89788ee00a7edf3fa250,0.1056452,37,,false
noise_1000,d63c301e4f94a00d9f8ca69cc96912bd9e6427ad0d1ffad9ab758bf737b96b6f,0.1519657,45,,false
noise_1000,d63c301e4f94a00d9f8ca69cc96912bd9e6427ad0d1ffad9ab758bf737b96b6f,0.1405905,43,,false
noise_1000,6cdacea2b4fa00791d687ba39365a1373772b4e44042dce927785e4c1a28a158,0.15081927,46,,false
noise_1000,4fb69d27003e1c7299eb106dc2841db163d049260373395239fd0e867516d25b,0.17919967,50,,false
noise_1000,4fb69d27003e1c7299eb106dc2841db163d049260373395239fd0e867516d25b,0.16034749,45,,false
noise_1000,4fb69d27003e1c7299eb106dc2841db163d049260373395239fd0e867516d25b,0.1960237,46,,false
noise_1000,88329072f4cee551c2da7218c997d0ab75474165cdfe0e5a969019e2dd5038bb,0.12789847,42,,false
noise_1000,146b8f26e8ac24ef77688bfc4d4c9934596e703daaf4a97862071ce7c9887cfe,0.12828013,42,,false
noise_1000,146b8f26e8ac24ef77688bfc4d4c9934596e703daaf4a97862071ce7c9887cfe,0.13787349,41,,false
noise_1000,3557efd2c16dbd692547fad8db54949449a0ec788f254d4d370b3f43334e10f3,0.12618786,39,,false
noise_1000,2782e1f65a544358df1d2e42fec0c856ef14f6d62dd8e0d35b177de122137620,0.14741912,45,,false
noise_1000,9248e27108c0a39d99c095e159ef38fdad2d90a4f774ef91b0f9988e54169daa,0.14160614,40,,false
noise_1000,9248e27108c0a39d99c095e159ef38fdad2d90a4f774ef91b0f9988e54169daa,0.16371047,48,,false
noise_1000,c647990001b23097df2edd62dc58290b348b552eac5d696d917bb30e77f6aaae,0.11881503,36,,false
noise_1000,260c8eafd96b8b60adde592a41ee44f51ac22144c023fdcfcdb29963d4fe3c63,0.17269208,40,,false
noise_1000,b3b29dc86f59140544dfb050cf61520e1642232e518c6ca7386822b31a226694,0.14132924,37,,false
noise_1000,b3b29dc86f59140544dfb050cf61520e1642232e518c6ca7386822b31a226694,0.14492036,42,,false
noise_1000,3556fe478cf7fc07628c095e6d61719d3f37e443a42e0840eebeb85967969071,0.12490777,38,,false
noise_1000,ed446ba99f788075c28f70e0180f6896809b1ee8fc7cafce39d5b4ac3114d5ec,0.12886475,42,,false
noise_1000,52d1f46e3308992065fc16208548c115758fcb3e575c89de3b0e2b6e1b07f6d2,0.15299068,48,,false
noise_1000,afb0b0d91e1f68024daaac8c9bca2418c78d9ff02ef21b9b72bdc4324de12f9e,0.15665753,41,,false
noise_1000,afb0b0d91e1f68024daaac8c9bca2418c78d9ff02ef21b9b72bdc4324de12f9e,0.13288336,41,,false
noise_1000,c1e858c9df21c48aa7753fad7098cc9f73897a39f4b12bc3c4765b156cccd66e,0.22858195,52,,false
noise_1000,e3ab5ed31c2e0ef64de6e63412347dcd40757941eaf869c9b8226e3a56de9a52,0.20546591,52,,false
noise_1000,58cbbb5d987d57ecbb484b0922bc3207d6319f28816ae15cc64ffd51afc262be,0.19934393,56,,false
noise_1000,58cbbb5d987d57ecbb484b0922bc3207d6319f28816ae15cc64ffd51afc262be,0.17339528,44,,false
noise_1000,58cbbb5d987d57ecbb484b0922bc3207d6319f28816ae15cc64ffd51afc262be,0.024185646,15,,false
noise_1000,da0130152253cd7daaa0d48c3310d004d837de6d91db3d02fd03c4a8107f5a96,0.1856437,49,,false
noise_1000,9174ffee56ab3baabdc212a53eda7191370290245068a524db7cee0740c2684b,0.16455424,47,,false
noise_1000,9515907233aa657f111e9e8d77d3f5f00992473af6b13517acb22ba61a947e18,0.15944016,40,,false
noise_1000,9515907233aa657f111e9e8d77d3f5f00992473af6b13517acb22ba61a947e18,0.15550968,41,,false
noise_1000,11396d09485441cfbfb7470bfac3b8aeaa7a661f52be6f9d070322de6221ca60,0.16606857,41,,false
noise_1000,cd14fe246492c71fa6826c14b8dde81803ab26741f2b155dfcd9704ee800b9de,0.16131116,50,,false
noise_1000,381ea40532df7332d0b498974af97fcf547025729b136b92610af5fca50559d5,0.16784562,45,,false
noise_1000,2605a58485c990b2effe7cf2b3144f6f4fec7fa22289ee5c83f9a110084fcb95,0.1386262,45,,false
noise_1000,2605a58485c990b2effe7cf2b3144f6f4fec7fa22289ee5c83f9a110084fcb95,0.22039767,54,,false
noise_1000,6adf5e0fe41efd6d150eb16873909ce4a2bc125b4e6dcce5c4c0ddf0f91ae409,0.15105389,39,,false
noise_1000,6adf5e0fe41efd6d150eb16873909ce4a2bc125b4e6dcce5c4c0ddf0f91ae409,0.12955748,39,,false
noise_1000,7ec9fdda94d0c025b45d33a0911d7235c5b772138c72b95a6c3192898c7ce2eb,0.12945493,36,,false
noise_1000,7ec9fdda94d0c025b45d33a0911d7235c5b772138c72b95a6c3192898c7ce2eb,0.12279397,38,,false
noise_1000,d747e6c7bd6f6ef98573586ff607be9db681b4b934f4e0af90469e8d2312098f,0.17236052,53,,false
noise_1000,698d690485c0b51932aa72d9de2111fa8ac3575b56c9f136fa4d77b702ea0d60,0.17654753,40,,false
noise_1000,64f01fdf4d03b955ac11d867471f5f7ff7377ff8c5762832aea77f183173d9ca,0.18161714,51,,false
noise_1000,64f01fdf4d03b955ac11d867471f5f7ff7377ff8c5762832aea77f183173d9ca,0.14324012,41,,false
noise_1000,64f01fdf4d03b955ac11d867471f5f7ff7377ff8c5762832aea77f183173d9ca,0.21213469,56,,false
noise_1000,a4fc0865ea5316a4617dd922f4ab9de05559c1155c73dba7cdb7f7b94d4463f3,0.21259953,53,,false
noise_1000,a4fc0865ea5316a4617dd922f4ab9de05559c1155c73dba7cdb7f7b94d4463f3,0.14208116,44,,false
noise_1000,c30f5b58fb142d493bf795bb6edc8e40eadd4b3c0127ff3efc129d05237c8d7c,0.15794128,44,,false
noise_1000,a40f13c788f8f19f10b0a30305003770484f9433fa7854125db94769f68e67fd,0.19820754,44,,false
noise_1000,05dda17e5ef03e55384edb44588b908beddc034b08177a0dcd9b19598dca2997,0.15166993,48,,false
noise_1000,67f991a4cf78d7cda95aade2a152a80376d90a9eb5e82d644270bb8217a8fa3f,0.13535278,41,,false
noise_1000,67f991a4cf78d7cda95aade2a152a80376d90a9eb5e82d644270bb8217a8fa3f,0.14246146,42,,false
noise_1000,d48767a207068101661433b593a0ae7fc20d9c71edf06a308935e92ce806ed65,0.1530808,42,,false
noise_1000,89627fb57182abcae6ad1b936608c942a1f8672ed068d36350b66c1afbb941b6,0.16475639,42,,false
noise_1000,72970e68c6f219eda3348fa607d859a92d6f691abf46e79d16fa27ca31864a29,0.14906523,41,,false
noise_1000,11dadf4fc3a6becc4e729bee5396ebc1f9dd2b9f10fbba33d326a657fff3bac9,0.16891631,43,,false
noise_1000,11dadf4fc3a6becc4e729bee5396ebc1f9dd2b9f10fbba33d326a657fff3bac9,0.1724712,40,,false
noise_1000,1fda4559b775712ce92db41c69a026f3556df22ed9bee87d7d80e288e9cc3331,0.19791158,53,,false
noise_1000,8c706e41078a9a00d1ccc79cfd22aa40bd5206df9f14f4ff54ac041d1fa5c5be,0.18116169,50,,false
noise_1000,d7419b42546a8482536562699046e42d3c5d90c512ea2315a938c6143498acca,0.1714196,46,,false
noise_1000,d7419b42546a8482536562699046e42d3c5d90c512ea2315a938c6143498acca,0.16885433,49,,false
noise_1000,b6c8bd5a38d15b16a60d6d6c9e517bb1601764da5f49c03e692ce911a9cfa0a7,0.10602673,33,,false
noise_1000,2453a65e6cac0924eca1d0b03eeb843475264bf8c3c72a1f51751ef5ecce6a1a,0.1774219,41,,false
noise_1000,fe4d4d53a3326beabe3c5110b3d8c2b7cfd8fe1f4580a1348ae143d987c06314,0.15182234,44,,false
noise_1000,fe4d4d53a3326beabe3c5110b3d8c2b7cfd8fe1f4580a1348ae143d987c06314,0.13245231,41,,false
noise_1000,66e5f686bc97acb301dcdaa46c771c49d8b9036290463d29129618e8ada61200,0.17472611,46,,false
noise_1000,66e5f686bc97acb301dcdaa46c771c49d8b9036290463d29129618e8ada61200,0.12931092,39,,false
noise_1000,66e5f686bc97acb301dcdaa46c771c49d8b9036290463d29129618e8ada61200,0.157751,48,,false
noise_1000,66e5f686bc97acb301dcdaa46c771c49d8b9036290463d29129618e8ada61200,0.17991504,45,,false
noise_1000,66e5f686bc97acb301dcdaa46c771c49d8b9036290463d29129618e8ada61200,0.1628981,42,,false
noise_1000,66e5f686bc97acb301dcdaa46c771c49d8b9036290463d29129618e8ada61200,0.20177492,50,,false
noise_1000,2e1fff343e8dd2df5478440527ce1d82e3e9c1a9fccfad25be27a341bb982065,0.16257177,37,,false
noise_1000,094cb2274867093cfa6db344693a5c7afa4bb77c6e50a466f0bcee2b2f655f5d,0.19559531,45,,false
noise_1000,d8834342cd5199281d4a94cea53526c1ea19d62cd9b049b378c317e6a185682c,0.11623601,36,,false
noise_1000,7d80649b844b174a11dd749036c4de4c2db167114d048bd197d1f6075dafa3dc,0.19530976,45,,false
noise_1000,7d80649b844b174a11dd749036c4de4c2db167114d048bd197d1f6075dafa3dc,0.17538123,49,,false
noise_1000,b64040fe425429eb9b50fc410c6533798ad3f9a49cb5b2c405a2b40d5d1f009b,0.14363743,39,,false
noise_1000,6c6a6dbf2b8d1275c00e3baff3d6fd7ea09ca3009ed7bcc49dbe026482bcec12,0.16306753,46,,false
noise_1000,6c6a6dbf2b8d1275c00e3baff3d6fd7ea09ca3009ed7bcc49dbe026482bcec12,0.14892279,43,,false
noise_1000,9c8b843ae976747acf0811e6b129a36b3bb6ff0a3475d6d9a82d0661aa991a08,0.16018233,39,,false
noise_1000,9c8b843ae976747acf0811e6b129a36b3bb6ff0a3475d6d9a82d0661aa991a08,0.19497746,52,,false
noise_1000,9c8b843ae976747acf0811e6b129a36b3bb6ff0a3475d6d9a82d0661aa991a08,0.20612082,46,,false
noise_1000,4354134032c0720fe6eac69acd6f959bc18b691f68c7382f7487760dee1a08f1,0.14213975,47,,false
noise_1000,4354134032c0720fe6eac69acd6f959bc18b691f68c7382f7487760dee1a08f1,0.17909357,45,,false
noise_1000,70f37c76c8f5130744b589aca4af24f444edd161fdd2493d2553e3150ea11f70,0.15557632,44,,false
noise_1000,f5d124f63c329f24e8fed0f7908ffa2bc9ef470631bc6d1b7f2e81ddbfb1fe22,0.13214095,37,,false
noise_1000,6536352e4fb2f4e15174cdb41dabf0a7e4e988dde7e362e7052fb67425a6645a,0.17174241,47,,false
noise_1000,08369f3023faa3305d0e3b70fffbd8b1520a851a23ab8983776bcaf730e85666,0.18805812,53,,false
noise_1000,08369f3023faa3305d0e3b70fffbd8b1520a851a23ab8983776bcaf730e85666,0.25316486,53,,false
noise_1000,67cce6803fee5b75f0b2a7ef937f07c0c9c967a71c96b5e52a763bc6a429d018,0.11633171,38,,false
noise_1000,f65d56edcd2919eb11345ab6578651b9adc15525b433de84f363fad027ec254b,0.1672199,46,,false
noise_1000,c1784f6aea90a039efebd38ce5f6069ab9a3846a22bddc53bdb391180228207d,0.14792569,44,,false
noise_1000,824277c86932b67ba074d82b12cb897f6d3710a2777bcfb7263e3909713aee6d,0.15676041,44,,false
noise_1000,93b5bc5993a6364be07397a91b1ce58665d8ccd213de0849bc239e5dcb75cda6,0.17544521,42,,false
noise_1000,e25da5069c09a414dc0050b7c04f3bf3443ebdb1ee87c6f324e2120e37dbea80,0.22702906,52,,false
noise_1000,5546565772b4bbcce74e577cbc74efad9bba4092ed6f26e8171d25b19bcec3b8,0.2036025,50,,false
noise_1000,5546565772b4bbcce74e577cbc74efad9bba4092ed6f26e8171d25b19bcec3b8,0.18357259,48,,false
noise_1000,d65302e9e5830875b7e3adbe89584cac703a03cc54c07d24c6231f21250cf229,0.16755882,48,,false
noise_1000,7adcfdebe5c18d018b6b2106f7a44ad4a541e5046edd98358b4a9f1402658d10,0.20482028,55,,false
noise_1000,7adcfdebe5c18d018b6b2106f7a44ad4a541e5046edd98358b4a9f1402658d10,0.20464738,50,,false
noise_1000,a1203aebf093d706f266b4a8bb31e57165b6d2c995bbbc84488054b6d14a0ce0,0.16344017,48,,false
noise_1000,6c0a5f55c5522356710e80e4d528f60415490e599529d5f0a3fa474fde037b7e,0.16188486,43,,false
noise_1000,6c0a5f55c5522356710e80e4d528f60415490e599529d5f0a3fa474fde037b7e,0.17461959,48,,false
noise_1000,f9a8885d78c75b52465f0790658c15658d89966a2cbc8f4249dd945b29605c4f,0.19572204,44,,false
noise_1000,8feaca92c7539c2d2bd3a0f20c695de2083e679136d8704e88c866eb3bdd941c,0.18647909,53,,false
noise_1000,8feaca92c7539c2d2bd3a0f20c695de2083e679136d8704e88c866eb3bdd941c,0.15237513,41,,false
noise_1000,8feaca92c7539c2d2bd3a0f20c695de2083e679136d8704e88c866eb3bdd941c,0.17312491,46,,false
noise_1000,d10519e70ae82a5ee57cb3ca31f501603f94479dafa56eed1fab1c93fe3cf6f9,0.15127438,48,,false
noise_1000,d10519e70ae82a5ee57cb3ca31f501603f94479dafa56eed1fab1c93fe3cf6f9,0.21833469,48,,false
noise_1000,0f8595a841c2feb9a165a593bfa1912d8bd8a3d812cb46d249be05b3e29d5c20,0.22212064,53,,false
noise_1000,df35af4d9960c6d28c83fb837e596288837341b5b5c288cb3545371494a854e6,0.19161958,49,,false
noise_1000,f4e9350c80422b70427579dae165fcbfeefb4019a05cdb1bf401f41ef75d7c6e,0.12737368,46,,false
noise_1000,f4e9350c80422b70427579dae165fcbfeefb4019a05cdb1bf401f41ef75d7c6e,0.16509593,47,,false
noise_1000,e821126a1118791a09a22fb6a451592ee86cafc996d5f202c36ca97630b22392,0.1442504,39,,false
noise_1000,fad811beb219d212dc270e71cc730c17bf399eab011d76886405411165f78862,0.12659043,40,,false
noise_1000,fad811beb219d212dc270e71cc730c17bf399eab011d76886405411165f78862,0.28530627,59,,false
noise_1000,aeeaa2daf2ff94b7812abe680c17d9b95e40032af1a1811428603f01d5f1b758,0.1122666,39,,false
noise_1000,5e742663888681e9e0d80b2cd6efa3ff17643e5d3c1d30c425b1bc448614fcfd,0.13785103,36,,false
noise_1000,5e742663888681e9e0d80b2cd6efa3ff17643e5d3c1d30c425b1bc448614fcfd,0.16150174,42,,false
noise_1000,285f3cdc7606567559c0531e60f782f991199e52466f1b09edd59b256e234685,0.19775125,49,,false
noise_1000,81dc4c6a4cd28a6b0799e569726e51e0058b52fc54da08e0145de3ca299c1743,0.20606303,51,,false
noise_1000,81dc4c6a4cd28a6b0799e569726e51e0058b52fc54da08e0145de3ca299c1743,0.15057749,44,,false
noise_1000,b6059c6c9449ba45259351e7406b0a4194efcbb7a4bb3b73a037334dfa5eb133,0.19577493,50,,false
noise_1000,7e1170a19b9d99b9e96f024c063c829cfd815aa44e4a1f59d69e5625caf052fd,0.10791831,40,,false
noise_1000,7e1170a19b9d99b9e96f024c063c829cfd815aa44e4a1f59d69e5625caf052fd,0.1732936,40,,false
noise_1000,59e89a94560d6b165a9e3b6d727655feefba2404eab14fb6f65c33eb4a185ac5,0.19514844,50,,false
noise_1000,59e89a94560d6b165a9e3b6d727655feefba2404eab14fb6f65c33eb4a185ac5,0.15370636,42,,false
noise_1000,4181956d5ea2f9cd975b4dbe385a6d91a7c7786e5b8bbd6a4ef9c30026b7e790,0.17547083,46,,false
noise_1000,edaee8f56e6499621ec02043123225164135133d043ed918d25561e22b75fae1,0.18466236,50,,false
noise_1000,c1ff3011792fde79918dc7eadcdb4cd3ca6c5764ae461f969d864d3f36686f10,0.18354173,43,,false
noise_1000,c1ff3011792fde79918dc7eadcdb4cd3ca6c5764ae461f969d864d3f36686f10,0.10619015,37,,false
noise_1000,2c35e02a77f5b939adfe6522a5b8286f1d1c0ba36b19c89c1e7af7101098f445,0.16727693,43,,false
noise_1000,70a0d074385595c780e5ee113ccb9a9926efe98f3810bf7bb5989cef43356835,0.11792426,42,,false
noise_1000,70a0d074385595c780e5ee113ccb9a9926efe98f3810bf7bb5989cef43356835,0.13734433,44,,false
noise_1000,933d31cdd5f86a5302950e7934a082c6ee170326808e68a68e9cce2d11e21616,0.16738053,44,,false
noise_1000,546c7b9454f0936039d894800f64d04184da473eb9d3d48528858aadd7039650,0.10622788,35,,false
noise_1000,287025a0281008f01719432980709af7a1e2c0d043b58233c3fcca905c5cdb70,0.16148345,41,,false
noise_1000,07f3e094aa0208f9b4871aa8aced61a104a27ad4e12734603babfe6835b3ab0a,0.18506108,45,,false
noise_1000,0648ba3429116185d8acf19684bcd87abc42b8330c712e41d1fb87727fcf3a2a,0.17592166,53,,false
noise_1000,0aea5433c1dffed2bb3f151144e3e4622945c56c1e3681b307fa732b890e1cdf,0.17938398,46,,false
noise_1000,35a77a4af21f4ae8668574ffc439898e29f53c57e35efb537b83e3fe1704634e,0.20607503,53,,false
noise_1000,25294f475371f7833fd1c6f700d8b9eee02c59ae652e3ab006069aad30880ed1,0.13264851,34,,false
noise_1000,25294f475371f7833fd1c6f700d8b9eee02c59ae652e3ab006069aad30880ed1,0.14273737,43,,false
noise_1000,25294f475371f7833fd1c6f700d8b9eee02c59ae652e3ab006069aad30880ed1,0.1618202,41,,false
noise_1000,9e783e60e5a8893c0d73021221cb52d568374676327043eb4744fd9373dc253f,0.18248561,49,,false
noise_1000,d2a2737dc414c47265d468c9f15a95b969616469abd4c78174791fbc916eb1ff,0.14327572,45,,false
noise_1000,d2a2737dc414c47265d468c9f15a95b969616469abd4c78174791fbc916eb1ff,0.22945756,53,,false
noise_1000,37329c30acc8886aaa760e8ba0940c89cb0a371f7f47dc3b7478489ff8eaa5af,0.112154685,42,,false
noise_1000,37329c30acc8886aaa760e8ba0940c89cb0a371f7f47dc3b7478489ff8eaa5af,0.16568102,50,,false
noise_1000,958be007fcbead405535ffe4958bdff22ac57e9fe9fc6dd24abb9f66f8405f1a,0.15564787,42,,false
noise_1000,f0780d27aa0972d505613c177582565520de63ac4e411ab8b29be9cc34696b44,0.116453245,38,,false
noise_1000,f0780d27aa0972d505613c177582565520de63ac4e411ab8b29be9cc34696b44,0.1745202,39,,false
noise_1000,4a13ad866e57c272dca261e55d2dce2505107a87926e4ebf62fbd4fa69cb04bc,0.18078566,50,,false
noise_1000,ae9626a886d4f210a660ada658affa5857ec586927321a666173ea6325baa458,0.15202247,45,,false
noise_1000,3294bf8f5b4c110df396d93a5e471cc62914d554d9e5633b4885fbde6e135253,0.17417344,45,,false
noise_1000,3294bf8f5b4c110df396d93a5e471cc62914d554d9e5633b4885fbde6e135253,0.17162164,44,,false
noise_1000,da9d4aee1fd6a38cc9bc05255246eb8d44513153bd38d87532f4eb9eb46047fe,0.18106395,44,,false
noise_1000,b3750d3ab7fd00185cf55cea7fd5f3b0759db6296762a602aa15360684df7593,0.14603013,43,,false
noise_1000,b3750d3ab7fd00185cf55cea7fd5f3b0759db6296762a602aa15360684df7593,0.16927172,48,,false
noise_1000,e9fa4824edfd4abb157b58ce5e95308d60a767327cb3f642fbb6751ab6f796f3,0.1921844,51,,false
noise_1000,c1918268eb3300ae79e239bdc982fa67a4f1643ee0bbaa5748ef4ca7afff3cc6,0.15801375,48,,false
noise_1000,c1918268eb3300ae79e239bdc982fa67a4f1643ee0bbaa5748ef4ca7afff3cc6,0.17626318,45,,false
noise_1000,027779337eeeab5cf9ca772a3da569b88cc84275f6a3171c723d1583d1fde0e5,0.18004933,45,,false
noise_1000,fab58a26147c8e849f1f024065eb5d4c75944a7e749c55efb39d1edfd7d66f5c,0.14694604,41,,false
noise_1000,fab58a26147c8e849f1f024065eb5d4c75944a7e749c55efb39d1edfd7d66f5c,0.13166742,44,,false
noise_1000,256621a6927bee494a53ae7e8225b86a96a3209e41258588fe974417d0347aa4,0.16879465,48,,false
noise_1000,256621a6927bee494a53ae7e8225b86a96a3209e41258588fe974417d0347aa4,0.1736739,48,,false
noise_1000,f1acb9243fa49aad17875a12acdf7a25b9f37a1c4e51b047948401ce9c30b20f,0.10022664,36,,false
noise_1000,98eddefb8dd1d6b0281aa4b249f727cf51bc4099f9b69e99f5196ef651bb5763,0.16272937,44,,false
noise_1000,98eddefb8dd1d6b0281aa4b249f727cf51bc4099f9b69e99f5196ef651bb5763,0.1691292,47,,false
noise_1000,98eddefb8dd1d6b0281aa4b249f727cf51bc4099f9b69e99f5196ef651bb5763,0.15233368,39,,false
noise_1000,5d0f9fd007ba0ee640939507099d9da315e2d752c6268861d2eb02d9978a5e3f,0.17406078,48,,false
noise_1000,5a6549b4ab2db25cf440fe496906050631217ebf64af9d23f555dbe67dfe7c88,0.16278161,40,,false
noise_1000,592cdc6f85cfaa5ea5d70167d3b7d0ac784149a84495fc1eb38d67601a653d00,0.20215882,51,,false
noise_1000,592cdc6f85cfaa5ea5d70167d3b7d0ac784149a84495fc1eb38d67601a653d00,0.108902946,37,,false
noise_1000,83840dfce460626c4cd99e982efedad7a52ed476b2358969dcdc25c813cb38b4,0.13277799,42,,false
noise_1000,ebe118d95a726bda1c3bf6108036ba68193a5c158991943a409982eaba1e1826,0.14437853,46,,false
noise_1000,ea0273568f7e6f2bdd2ca80162a20b68b5d17bdc0fbe1e3528922bf39038f1c0,0.14865325,45,,false
noise_1000,24352a5cc32ccfb81ad2d48a2c5abc85f6e5572847fe264565b8e077a0e7df39,0.18171182,43,,false
noise_1000,4ab8515eb8b02f359559b6e013d95cee1f14d082dc5fbf8319c45cf4e9a1a975,0.14867789,42,,false
noise_1000,367fcd47afba35c7433f5acf9b72b435edb73c8c5dd3dfe6d691551198633d30,0.121982165,40,,false
noise_1000,367fcd47afba35c7433f5acf9b72b435edb73c8c5dd3dfe6d691551198633d30,0.14215785,41,,false
noise_1000,0482b221cfde99ef90c5af59e2ee409bbd30d43afc7b7efc1e3c4b9c2ce8c441,0.13045838,41,,false
noise_1000,380e174aee5f56bafe03423fbf9ae3a1d2185a0074a871d7ac27d2f2cd047137,0.117929965,41,,false
noise_1000,bf1a34e95bcdb6165ff69c061c61c873ccdd66f31f21641d93388c980bcaacb9,0.16770236,50,,false
noise_1000,bf1a34e95bcdb6165ff69c061c61c873ccdd66f31f21641d93388c980bcaacb9,0.19207951,48,,false
noise_1000,d9f287199c184e5d797eedb1368cd974c8841a88b25c603c97762bf1638f2305,0.13736276,46,,false
noise_1000,d9f287199c184e5d797eedb1368cd974c8841a88b25c603c97762bf1638f2305,0.13906093,43,,false
noise_1000,d9f287199c184e5d797eedb1368cd974c8841a88b25c603c97762bf1638f2305,0.19474418,50,,false
noise_1000,b71918eb43b309fc1dba784e50dd57fc298d3f10cedb7e8f87b7e53329de0c28,0.15108152,43,,false
noise_1000,b71918eb43b309fc1dba784e50dd57fc298d3f10cedb7e8f87b7e53329de0c28,0.15757418,48,,false
noise_1000,24a9b70f5856be88789953e206c354f7d83822bdb7f00dcd61ebb22529b941e1,0.167033,45,,false
noise_1000,24a9b70f5856be88789953e206c354f7d83822bdb7f00dcd61ebb22529b941e1,0.16564097,50,,false
noise_1000,02d262e4a4b831cf1d494473c530e39b5405cc4725dd7c05af52e4e385e70b1d,0.13107549,39,,false
noise_1000,86670da86aad31d264fcc897fd69407621a2f22f8e86bb15ad2c8db752380eca,0.31327084,63,,false
noise_1000,20dfcbb4e12fda9110748e93513826adc2fced7474ba68b24b92b2a0a1ed5004,0.14164646,41,,false
noise_1000,20dfcbb4e12fda9110748e93513826adc2fced7474ba68b24b92b2a0a1ed5004,0.19916858,44,,false
noise_1000,3eb8a63625bc8c4348bec28565c60da621659a86a8325a9ecf1e732b6e31c920,0.14698409,46,,false
noise_1000,a01417395b461628273f633215eb3d576a5bcf1f34f4ab6f8f0f24a8b3783a36,0.13727504,43,,false
noise_1000,ccdef4ef962acc8163349cc66fc6ea3ccc54a55e8ce84238c700f03d86afaa97,0.2209596,52,,false
noise_1000,b01a4861b9869a306212291c799f1d6eaab495ff6be3f2215d31816a59919339,0.19467895,50,,false
noise_1000,b01a4861b9869a306212291c799f1d6eaab495ff6be3f2215d31816a59919339,0.16187777,49,,false
noise_1000,edb70ac30b0b463e6fcd2f0b71b393e8c1c1629cc1618ca690e1f7ef7e09ec41,0.16697201,48,,false
noise_1000,42e5a17fe6232087547176ccdb18fdb9847b6433b921e58ca96b155f128babbb,0.13848421,37,,false
noise_1000,918b79aac76d415ad1a374deb36f8ad5de2c0b84af3329d1e4cb7f5e21dc6566,0.15089902,46,,false
noise_1000,918b79aac76d415ad1a374deb36f8ad5de2c0b84af3329d1e4cb7f5e21dc6566,0.12741162,36,,false
noise_1000,cce056735f4399881d95631a997766232aa5d347f207fd28a97ecdd89bc43033,0.13919301,47,,false
noise_1000,cce056735f4399881d95631a997766232aa5d347f207fd28a97ecdd89bc43033,0.120226234,33,,false
noise_1000,cce056735f4399881d95631a997766232aa5d347f207fd28a97ecdd89bc43033,0.16666904,50,,false
noise_1000,cce056735f4399881d95631a997766232aa5d347f207fd28a97ecdd89bc43033,0.16776,39,,false
noise_1000,cce056735f4399881d95631a997766232aa5d347f207fd28a97ecdd89bc43033,0.2109282,47,,false
noise_1000,692d2e72247061e4ff851e946b36ca25ff756ede8cd2ae1d36ee6fe06f032a33,0.14514937,40,,false
noise_1000,692d2e72247061e4ff851e946b36ca25ff756ede8cd2ae1d36ee6fe06f032a33,0.14841926,44,,false
noise_1000,692d2e72247061e4ff851e946b36ca25ff756ede8cd2ae1d36ee6fe06f032a33,0.1561448,48,,false
noise_1000,692d2e72247061e4ff851e946b36ca25ff756ede8cd2ae1d36ee6fe06f032a33,0.13591844,44,,false
noise_1000,49fe484bca5da9894dcc539ee07f5f7a76e561e63a8096947ae7e9fa91729ee9,0.1364436,42,,false
noise_1000,49fe484bca5da9894dcc539ee07f5f7a76e561e63a8096947ae7e9fa91729ee9,0.221589,53,,false
noise_1000,49fe484bca5da9894dcc539ee07f5f7a76e561e63a8096947ae7e9fa91729ee9,0.13732801,42,,false
noise_1000,dbe8b174ce20f3802fc6cbdebce28b4b019240238d3b7b2274ae392559e77338,0.15654166,36,,false
noise_1000,dbe8b174ce20f3802fc6cbdebce28b4b019240238d3b7b2274ae392559e77338,0.19247214,46,,false
noise_1000,dbe8b174ce20f3802fc6cbdebce28b4b019240238d3b7b2274ae392559e77338,0.12511098,33,,false
noise_1000,71b82e3d43e5407d4893ba13a604c86a057d3da9e7817b8df3b4b12cab170b6e,0.20085266,55,,false
noise_1000,71b82e3d43e5407d4893ba13a604c86a057d3da9e7817b8df3b4b12cab170b6e,0.19588053,51,,false
noise_1000,71b82e3d43e5407d4893ba13a604c86a057d3da9e7817b8df3b4b12cab170b6e,0.14246969,42,,false
noise_1000,a6d370707fd08938b2a95f9a5ff6accaafa16ef5425f1b1b5854aa0c2c42f2b6,0.14731567,44,,false
noise_1000,035aff8222c963960a5f25c1806c98f1d281ad41bf75e97caf48df8054fc6c00,0.2070869,50,,false
noise_1000,035aff8222c963960a5f25c1806c98f1d281ad41bf75e97caf48df8054fc6c00,0.1486682,53,,false
noise_1000,035aff8222c963960a5f25c1806c98f1d281ad41bf75e97caf48df8054fc6c00,0.21002577,49,,false
noise_1000,d4f2d4ad1763db45b746e2a53b764779ea29abd35106a7b0771657e22e00d568,0.15514007,40,,false
noise_1000,d4f2d4ad1763db45b746e2a53b764779ea29abd35106a7b0771657e22e00d568,0.1717943,47,,false
noise_1000,2df3a045a40c34c739691310e03a3313059790a036d75ec5e498fdab5909ff6f,0.17539355,42,,false
noise_1000,9da0f615089f93ca7804522ae21cf9ae4e702e8ea0d9e6f501411c876b6c3f08,0.14534076,39,,false
noise_1000,569ab40c0e33ee3dae2162fcaab31c1a83f059e7211c30d09dbf14ffc0c5a8bd,0.12486415,33,,false
noise_1000,cbc02bcef48394492f3d6c5c2dbb751f6f0335842132c06d9727aaa14e5e94b2,0.16781959,46,,false
noise_1000,cbc02bcef48394492f3d6c5c2dbb751f6f0335842132c06d9727aaa14e5e94b2,0.17713264,43,,false
noise_1000,87081bc358f175dc795baddea983801b239013697f64b665d796743f8fe84ff0,0.17795295,57,,false
noise_1000,e3cc0b427f01c82618972ba66c4f757dc0d707fc0cc89d7572f8c5c10852e1a2,0.12879694,44,,false
noise_1000,717886746cbe73efcc503aa36990be0301438ba536781c94a56584b056d70174,0.16832288,44,,false
noise_1000,0bcb57ae8f1a06f07bc565c1069ae5989baf0305c43a4e0605ae5b5f0ffd9978,0.13886043,41,,false
noise_1000,16b3a4ae45fc7afb210e3b91345e0e131a43d0dda7110a62f7baf73888b2c946,0.144605,42,,false
noise_1000,e6b4712a5b2079151305e34f0f024f85bb7ae3219db6b70282d6bbc02dabfe88,0.1701224,46,,false
noise_1000,e6b4712a5b2079151305e34f0f024f85bb7ae3219db6b70282d6bbc02dabfe88,0.14762753,39,,false
noise_1000,8ec0de2568c4c60dbf1325d11750cdc395529e5484723b7aa3be25704d198a48,0.12568752,41,,false
noise_1000,2d5cdc6bb69b18e812f326e800abade206b18a60d11abfd677e23c86e8b83292,0.1251424,43,,false
noise_1000,3ad7e4083f44e6acbade45cf79cf0c415463327863c926a180ed2aad207b0454,0.1714423,45,,false
noise_1000,1b3a5bcdf2cb7ed06f9f0d878f3b907368f077084aaf099fff3901a1818d9d2c,0.18168579,46,,false
noise_1000,c8b3585c42167910493e744917f9c36059f6dbfd1ec8c5b42cfbd2b82e277138,0.316549,63,,false
noise_1000,c8b3585c42167910493e744917f9c36059f6dbfd1ec8c5b42cfbd2b82e277138,0.21875776,50,,false
noise_1000,0de16ee730be884d545b265e0321cfc03a6b598ae14b6001f452a5866d603238,0.22051659,48,,false
noise_1000,0de16ee730be884d545b265e0321cfc03a6b598ae14b6001f452a5866d603238,0.16416639,48,,false
noise_1000,1debe60212953d49c306c5fa79f74e176446effc51df1c44d2dbdda12b2ac2a0,0.17175496,43,,false
noise_1000,1debe60212953d49c306c5fa79f74e176446effc51df1c44d2dbdda12b2ac2a0,0.14411995,46,,false
noise_1000,d792e7382c4703e65917101c13eb8e5bf8420a8d1ccd437e31cfd4d790fc8065,0.14611442,45,,false
noise_1000,abf015f71382a0adcf692dacd68791cb3429e93fa40abc44af4ab6401addcca2,0.10580561,40,,false
noise_1000,22319bf5f86d2629694e3c5f8cbb2a9cd2079ddc9ce75b7e24c9bb6b1b6fbfde,0.15199955,43,,false
noise_1000,22319bf5f86d2629694e3c5f8cbb2a9cd2079ddc9ce75b7e24c9bb6b1b6fbfde,0.20288262,55,,false
noise_1000,e0cffdfbd54c0a89220b3fe4cd539a8df07f76d1f88c9ed246f416b297009da4,0.17216572,45,,false
noise_1000,d32151d96b331e483d9af63561af34eeb30ee660afda9518863c9082dbc25039,0.19872062,56,,false
noise_1000,cc154596e0c2b12fc8cb7bfbba9a41598035886aab805ae2b8de07478219e99b,0.1518315,36,,false
noise_1000,cc154596e0c2b12fc8cb7bfbba9a41598035886aab805ae2b8de07478219e99b,0.15230578,50,,false
noise_1000,de358780e9c95684df2007d3303eb60009ecffb14d796fd08d55a032cc516ee3,0.18859169,51,,false
noise_1000,ca0a9396d81d66cc9c10433ae7b8ec1672154d40ae4bf4fa336f9b94a04efcd0,0.19282743,51,,false
noise_1000,dfa7415cf2a060bf153faf4079c59aa9592d8e1323cb9d390fee2c66f16bf29a,0.10764215,39,,false
noise_1000,5041011318e54383be6af4402da1e92aa67b408f9635f5d5ee9db9480224ad74,0.17225958,48,,false
noise_1000,af6224cfb9f722cb6be517384e380bcc881023fc00f09e0b1fd54972f7c44f8a,0.17469329,52,,false
noise_1000,092d3ad2eb46d96fa1c96a04cb9e1dc42fcae50e8fc3deac8b735a611c2d6d5f,0.14567448,47,,false
noise_1000,b1f8825dfba9fd96db95a5f9408f986d9b88e0a8b354afb4786b32a305fc1abd,0.13893667,40,,false
noise_1000,b1f8825dfba9fd96db95a5f9408f986d9b88e0a8b354afb4786b32a305fc1abd,0.13607988,37,,false
noise_1000,b1f8825dfba9fd96db95a5f9408f986d9b88e0a8b354afb4786b32a305fc1abd,0.17578441,49,,false
noise_1000,d33a15ba0b6ee060ed76400b08fa510b1ebe58387cb453b4b188378e610db525,0.18279007,42,,false
noise_1000,b3fb0e47747c979adfe8fb4dfc2a3103148e3c198c8c9026f136cde72fc1a4f2,0.13791509,41,,false
noise_1000,d9744aae588d6903df4213b738f207f5e37e99de4aa19d9c98908c0a2ba6a6e4,0.19774805,44,,false
noise_1000,718ed61d68641164a41e6497f28fbf2bd408d35aafe3912a1f542cb34dc26a84,0.15286769,45,,false
noise_1000,718ed61d68641164a41e6497f28fbf2bd408d35aafe3912a1f542cb34dc26a84,0.16465397,42,,false
noise_1000,718ed61d68641164a41e6497f28fbf2bd408d35aafe3912a1f542cb34dc26a84,0.21516307,58,,false
noise_1000,76940debbe0b32488db1f28a6818f6edcf7d25d7e561c76e8c27bd4ff29143a5,0.24709716,54,,false
noise_1000,76940debbe0b32488db1f28a6818f6edcf7d25d7e561c76e8c27bd4ff29143a5,0.17708118,48,,false
noise_1000,9616d199e2a60774ede385ca3e357b33195f952e174b7d661367bfbcce63843a,0.1710777,51,,false
noise_1000,8b7f923e67aecf0cf89591c5b126ef12edff9f61f7a29280bede842fe9d2c4af,0.15451193,52,,false
noise_1000,8b7f923e67aecf0cf89591c5b126ef12edff9f61f7a29280bede842fe9d2c4af,0.14991921,45,,false
noise_1000,e29d1992749e36d5781de606df179ddfce627cdc35e5830bfdfa4ab30d3d95a4,0.13417289,41,,false
noise_1000,e29d1992749e36d5781de606df179ddfce627cdc35e5830bfdfa4ab30d3d95a4,0.19249012,45,,false
noise_1000,e8ab19f7702a2055ba6c0e1e70fe78eec109c4d088d53e04f919917dbbe0070d,0.19561934,48,,false
noise_1000,01a43a71c70c7b4633c0ff31f09dbc62bf40f193e5dcec4274342b2ba46cf38e,0.17060779,46,,false
noise_1000,f37354602385f1b5a24cc0b9af64b4e2433314f847f6a042c6a8aaeb31426e81,0.120449595,40,,false
noise_1000,f37354602385f1b5a24cc0b9af64b4e2433314f847f6a042c6a8aaeb31426e81,0.1660178,44,,false
noise_1000,d2934e37350978f45b7638095d2738825a3da1b32b02ad42453a0a1487704c9d,0.17790149,50,,false
noise_1000,bb20fd547c008e52dedb4accab15f9b8e4d36c038fc3d6fd530bb82aa6382c73,0.1644136,47,,false
noise_1000,17e1c77390964edb675744807a98b60274e2a9a1e7f8bbca0314150407ffb202,0.18723643,49,,false
noise_1000,708171d91b565a8d4a7cca9604380d4ef853b4ec92612c1b735821a97f6667af,0.15839523,43,,false
noise_1000,708171d91b565a8d4a7cca9604380d4ef853b4ec92612c1b735821a97f6667af,0.14179033,46,,false
noise_1000,a2126cfa5bc849dae5a6e281586b0f6a13bbf47ad6b634919b5b2fac39927beb,0.13813208,48,,false
noise_1000,ea51aadc5138d5dda71e79b73e7e6f4a386399245b0cf06b2b225aa037882fef,0.15482639,40,,false
noise_1000,f1b0923a2731451aecefcde0b12b2d9af9162a7d274eb55392505c5e30ad307b,0.17285778,47,,false
noise_1000,a3d7bb35bb2e0f0cbd8b32576709bfb10413b231c90ebe7284a1c3035dc85afc,0.24791783,53,,false
noise_1000,9a8fa6b026cfe6a2cf6b1abde2e6b82116aa52e1a7d2ded2460ca9cfaab69c4f,0.15343978,38,,false
noise_1000,18d39e0277b928d32b8238fa3886e846fe99f7a49977d19549c4052ce6dae28c,0.15670446,47,,false
noise_1000,18d39e0277b928d32b8238fa3886e846fe99f7a49977d19549c4052ce6dae28c,0.14038378,47,,false
noise_1000,868b90fcc2ade7548c6c0f6777a0e264284eb9f45fb35fefc183459fb5f01227,0.20380898,53,,false
noise_1000,868b90fcc2ade7548c6c0f6777a0e264284eb9f45fb35fefc183459fb5f01227,0.21043357,49,,false
noise_1000,868b90fcc2ade7548c6c0f6777a0e264284eb9f45fb35fefc183459fb5f01227,0.1741249,51,,false
noise_1000,95f459e8468bbb96cb755309be1ac8023bc2a5cb87a8ddfab46cec6eea618fab,0.149983,42,,false
noise_1000,95f459e8468bbb96cb755309be1ac8023bc2a5cb87a8ddfab46cec6eea618fab,0.16112396,53,,false
noise_1000,25854b6d89341870386aba3e14c2a7201b019bcac93f27afacaad25efb09add7,0.22602399,48,,false
noise_1000,637cf6eae2859432f0db9e459af303f3a1b1c80dc5f057ae141af2a8175ae627,0.1306494,44,,false
noise_1000,71a278dfd97c362a535e4b0585492e6db0b22f0a145d82a64ee6311ce0e211b2,0.13974243,47,,false
noise_1000,9e2967625028e67afbeabd2aa1e451c9566ebcc9f73996fd734bf4362f9e1b28,0.15237209,47,,false
noise_1000,2026d794baa8aa8d677b1d4f4ff09a9bbcab51df4ae494dc19d3e8e48700352c,0.16488628,47,,false
noise_1000,62b11188b8e9c67b619c6f5640f856f41da92648524776b9e3d18d61a2d17669,0.27820086,56,,false
noise_1000,a59e53ad3f9011c0a2504b9ac55a2f38c33705594ed3004a47c0f7d9d503afe5,0.16194795,43,,false
noise_1000,a59e53ad3f9011c0a2504b9ac55a2f38c33705594ed3004a47c0f7d9d503afe5,0.14367582,43,,false
noise_1000,20484ddb10c5f88c99872657a055c5ac761e64fa5f44e8fc4fe20fa2e0fbf352,0.12079044,38,,false
noise_1000,20484ddb10c5f88c99872657a055c5ac761e64fa5f44e8fc4fe20fa2e0fbf352,0.15465568,47,,false
noise_1000,5a826cb7a73b08d3ac04b4247ffeb887654a777dc449911c753cd629665b9cf5,0.19539103,52,,false
